coordinate_id,market_id,city,state,surface_group,geometry_id,point_id,label,bearing_deg,distance_miles,latitude,longitude,full_geometry_member,nested9_candidate_member,incremental4_member,water_eligibility_status,collection_eligibility,center_method_version,coordinate_method,precision_decimal_places,methodology_version,country_boundary_status,matched_feature_count,matched_mtfccs,matched_names,matched_hydroids,matched_water_source_files,classifier_version
MKT001_MAPORG_C,MKT001,Los Angeles,CA,maps_organic,MAPORG13_V1,C,center,,0,34.05378,-118.2429,True,True,False,eligible_land,ELIGIBLE,CIVIC_CENTER_ANCHOR_V1_2026-09-09,WGS84_GEODESIC_DIRECT,7,1.0,in_country,0,,,,,SED_GEO_ELIGIBILITY_CENSUS_2025_V1
MKT001_MAPORG_N1,MKT001,Los Angeles,CA,maps_organic,MAPORG13_V1,N1,N 1 mi,0,1,34.0682886,-118.2429,True,True,False,eligible_land,ELIGIBLE,CIVIC_CENTER_ANCHOR_V1_2026-09-09,WGS84_GEODESIC_DIRECT,7,1.0,in_country,0,,,,,SED_GEO_ELIGIBILITY_CENSUS_2025_V1
MKT001_MAPORG_E1,MKT001,Los Angeles,CA,maps_organic,MAPORG13_V1,E1,E 1 mi,90,1,34.0537788,-118.225469,True,True,False,eligible_land,ELIGIBLE,CIVIC_CENTER_ANCHOR_V1_2026-09-09,WGS84_GEODESIC_DIRECT,7,1.0,in_country,0,,,,,SED_GEO_ELIGIBILITY_CENSUS_2025_V1
MKT001_MAPORG_S1,MKT001,Los Angeles,CA,maps_organic,MAPORG13_V1,S1,S 1 mi,180,1,34.0392714,-118.2429,True,True,False,eligible_land,ELIGIBLE,CIVIC_CENTER_ANCHOR_V1_2026-09-09,WGS84_GEODESIC_DIRECT,7,1.0,in_country,0,,,,,SED_GEO_ELIGIBILITY_CENSUS_2025_V1
MKT001_MAPORG_W1,MKT001,Los Angeles,CA,maps_organic,MAPORG13_V1,W1,W 1 mi,270,1,34.0537788,-118.260331,True,True,False,eligible_land,ELIGIBLE,CIVIC_CENTER_ANCHOR_V1_2026-09-09,WGS84_GEODESIC_DIRECT,7,1.0,in_country,0,,,,,SED_GEO_ELIGIBILITY_CENSUS_2025_V1
MKT001_MAPORG_N3,MKT001,Los Angeles,CA,maps_organic,MAPORG13_V1,N3,N 3 mi,0,3,34.0973057,-118.2429,True,False,True,eligible_land,ELIGIBLE,CIVIC_CENTER_ANCHOR_V1_2026-09-09,WGS84_GEODESIC_DIRECT,7,1.0,in_country,0,,,,,SED_GEO_ELIGIBILITY_CENSUS_2025_V1
MKT001_MAPORG_E3,MKT001,Los Angeles,CA,maps_organic,MAPORG13_V1,E3,E 3 mi,90,3,34.0537689,-118.190607,True,False,True,eligible_land,ELIGIBLE,CIVIC_CENTER_ANCHOR_V1_2026-09-09,WGS84_GEODESIC_DIRECT,7,1.0,in_country,0,,,,,SED_GEO_ELIGIBILITY_CENSUS_2025_V1
MKT001_MAPORG_S3,MKT001,Los Angeles,CA,maps_organic,MAPORG13_V1,S3,S 3 mi,180,3,34.010254,-118.2429,True,False,True,eligible_land,ELIGIBLE,CIVIC_CENTER_ANCHOR_V1_2026-09-09,WGS84_GEODESIC_DIRECT,7,1.0,in_country,0,,,,,SED_GEO_ELIGIBILITY_CENSUS_2025_V1
MKT001_MAPORG_W3,MKT001,Los Angeles,CA,maps_organic,MAPORG13_V1,W3,W 3 mi,270,3,34.0537689,-118.295193,True,False,True,eligible_land,ELIGIBLE,CIVIC_CENTER_ANCHOR_V1_2026-09-09,WGS84_GEODESIC_DIRECT,7,1.0,in_country,0,,,,,SED_GEO_ELIGIBILITY_CENSUS_2025_V1
MKT001_MAPORG_N5,MKT001,Los Angeles,CA,maps_organic,MAPORG13_V1,N5,N 5 mi,0,5,34.1263226,-118.2429,True,True,False,eligible_land,ELIGIBLE,CIVIC_CENTER_ANCHOR_V1_2026-09-09,WGS84_GEODESIC_DIRECT,7,1.0,in_country,0,,,,,SED_GEO_ELIGIBILITY_CENSUS_2025_V1
MKT001_MAPORG_E5,MKT001,Los Angeles,CA,maps_organic,MAPORG13_V1,E5,E 5 mi,90,5,34.0537491,-118.155745,True,True,False,eligible_land,ELIGIBLE,CIVIC_CENTER_ANCHOR_V1_2026-09-09,WGS84_GEODESIC_DIRECT,7,1.0,in_country,0,,,,,SED_GEO_ELIGIBILITY_CENSUS_2025_V1
MKT001_MAPORG_S5,MKT001,Los Angeles,CA,maps_organic,MAPORG13_V1,S5,S 5 mi,180,5,33.9812365,-118.2429,True,True,False,eligible_land,ELIGIBLE,CIVIC_CENTER_ANCHOR_V1_2026-09-09,WGS84_GEODESIC_DIRECT,7,1.0,in_country,0,,,,,SED_GEO_ELIGIBILITY_CENSUS_2025_V1
MKT001_MAPORG_W5,MKT001,Los Angeles,CA,maps_organic,MAPORG13_V1,W5,W 5 mi,270,5,34.0537491,-118.330055,True,True,False,eligible_land,ELIGIBLE,CIVIC_CENTER_ANCHOR_V1_2026-09-09,WGS84_GEODESIC_DIRECT,7,1.0,in_country,0,,,,,SED_GEO_ELIGIBILITY_CENSUS_2025_V1
MKT001_AIO_C,MKT001,Los Angeles,CA,aio,AIO9_V1,C,center,,0,34.05378,-118.2429,True,,False,eligible_land,ELIGIBLE,CIVIC_CENTER_ANCHOR_V1_2026-09-09,WGS84_GEODESIC_DIRECT,7,1.0,in_country,0,,,,,SED_GEO_ELIGIBILITY_CENSUS_2025_V1
MKT001_AIO_N2P5,MKT001,Los Angeles,CA,aio,AIO9_V1,N2P5,N 2.5 mi,0,2.5,34.0900514,-118.2429,True,,False,eligible_land,ELIGIBLE,CIVIC_CENTER_ANCHOR_V1_2026-09-09,WGS84_GEODESIC_DIRECT,7,1.0,in_country,0,,,,,SED_GEO_ELIGIBILITY_CENSUS_2025_V1
MKT001_AIO_E2P5,MKT001,Los Angeles,CA,aio,AIO9_V1,E2P5,E 2.5 mi,90,2.5,34.0537723,-118.1993225,True,,False,eligible_land,ELIGIBLE,CIVIC_CENTER_ANCHOR_V1_2026-09-09,WGS84_GEODESIC_DIRECT,7,1.0,in_country,0,,,,,SED_GEO_ELIGIBILITY_CENSUS_2025_V1
MKT001_AIO_S2P5,MKT001,Los Angeles,CA,aio,AIO9_V1,S2P5,S 2.5 mi,180,2.5,34.0175084,-118.2429,True,,False,eligible_land,ELIGIBLE,CIVIC_CENTER_ANCHOR_V1_2026-09-09,WGS84_GEODESIC_DIRECT,7,1.0,in_country,0,,,,,SED_GEO_ELIGIBILITY_CENSUS_2025_V1
MKT001_AIO_W2P5,MKT001,Los Angeles,CA,aio,AIO9_V1,W2P5,W 2.5 mi,270,2.5,34.0537723,-118.2864775,True,,False,eligible_land,ELIGIBLE,CIVIC_CENTER_ANCHOR_V1_2026-09-09,WGS84_GEODESIC_DIRECT,7,1.0,in_country,0,,,,,SED_GEO_ELIGIBILITY_CENSUS_2025_V1
MKT001_AIO_N5,MKT001,Los Angeles,CA,aio,AIO9_V1,N5,N 5 mi,0,5,34.1263226,-118.2429,True,,False,eligible_land,ELIGIBLE,CIVIC_CENTER_ANCHOR_V1_2026-09-09,WGS84_GEODESIC_DIRECT,7,1.0,in_country,0,,,,,SED_GEO_ELIGIBILITY_CENSUS_2025_V1
MKT001_AIO_E5,MKT001,Los Angeles,CA,aio,AIO9_V1,E5,E 5 mi,90,5,34.0537491,-118.155745,True,,False,eligible_land,ELIGIBLE,CIVIC_CENTER_ANCHOR_V1_2026-09-09,WGS84_GEODESIC_DIRECT,7,1.0,in_country,0,,,,,SED_GEO_ELIGIBILITY_CENSUS_2025_V1
MKT001_AIO_S5,MKT001,Los Angeles,CA,aio,AIO9_V1,S5,S 5 mi,180,5,33.9812365,-118.2429,True,,False,eligible_land,ELIGIBLE,CIVIC_CENTER_ANCHOR_V1_2026-09-09,WGS84_GEODESIC_DIRECT,7,1.0,in_country,0,,,,,SED_GEO_ELIGIBILITY_CENSUS_2025_V1
MKT001_AIO_W5,MKT001,Los Angeles,CA,aio,AIO9_V1,W5,W 5 mi,270,5,34.0537491,-118.330055,True,,False,eligible_land,ELIGIBLE,CIVIC_CENTER_ANCHOR_V1_2026-09-09,WGS84_GEODESIC_DIRECT,7,1.0,in_country,0,,,,,SED_GEO_ELIGIBILITY_CENSUS_2025_V1
MKT002_MAPORG_C,MKT002,San Diego,CA,maps_organic,MAPORG13_V1,C,center,,0,32.71698,-117.16281,True,True,False,eligible_land,ELIGIBLE,CIVIC_CENTER_ANCHOR_V1_2026-09-09,WGS84_GEODESIC_DIRECT,7,1.0,in_country,0,,,,,SED_GEO_ELIGIBILITY_CENSUS_2025_V1
MKT002_MAPORG_N1,MKT002,San Diego,CA,maps_organic,MAPORG13_V1,N1,N 1 mi,0,1,32.7314917,-117.16281,True,True,False,eligible_land,ELIGIBLE,CIVIC_CENTER_ANCHOR_V1_2026-09-09,WGS84_GEODESIC_DIRECT,7,1.0,in_country,0,,,,,SED_GEO_ELIGIBILITY_CENSUS_2025_V1
MKT002_MAPORG_E1,MKT002,San Diego,CA,maps_organic,MAPORG13_V1,E1,E 1 mi,90,1,32.7169788,-117.1456437,True,True,False,eligible_land,ELIGIBLE,CIVIC_CENTER_ANCHOR_V1_2026-09-09,WGS84_GEODESIC_DIRECT,7,1.0,in_country,0,,,,,SED_GEO_ELIGIBILITY_CENSUS_2025_V1
MKT002_MAPORG_S1,MKT002,San Diego,CA,maps_organic,MAPORG13_V1,S1,S 1 mi,180,1,32.7024682,-117.16281,True,True,False,structural_water_exclusion,STRUCTURAL_EXCLUSION,CIVIC_CENTER_ANCHOR_V1_2026-09-09,WGS84_GEODESIC_DIRECT,7,1.0,in_country,1,H2051,San Diego Bay,1108311364105,tl_2025_06073_areawater.zip,SED_GEO_ELIGIBILITY_CENSUS_2025_V1
MKT002_MAPORG_W1,MKT002,San Diego,CA,maps_organic,MAPORG13_V1,W1,W 1 mi,270,1,32.7169788,-117.1799763,True,True,False,structural_water_exclusion,STRUCTURAL_EXCLUSION,CIVIC_CENTER_ANCHOR_V1_2026-09-09,WGS84_GEODESIC_DIRECT,7,1.0,in_country,1,H2051,San Diego Bay,1108311364105,tl_2025_06073_areawater.zip,SED_GEO_ELIGIBILITY_CENSUS_2025_V1
MKT002_MAPORG_N3,MKT002,San Diego,CA,maps_organic,MAPORG13_V1,N3,N 3 mi,0,3,32.7605151,-117.16281,True,False,True,eligible_land,ELIGIBLE,CIVIC_CENTER_ANCHOR_V1_2026-09-09,WGS84_GEODESIC_DIRECT,7,1.0,in_country,0,,,,,SED_GEO_ELIGIBILITY_CENSUS_2025_V1
MKT002_MAPORG_E3,MKT002,San Diego,CA,maps_organic,MAPORG13_V1,E3,E 3 mi,90,3,32.7169694,-117.1113112,True,False,True,eligible_land,ELIGIBLE,CIVIC_CENTER_ANCHOR_V1_2026-09-09,WGS84_GEODESIC_DIRECT,7,1.0,in_country,0,,,,,SED_GEO_ELIGIBILITY_CENSUS_2025_V1
MKT002_MAPORG_S3,MKT002,San Diego,CA,maps_organic,MAPORG13_V1,S3,S 3 mi,180,3,32.6734446,-117.16281,True,False,True,eligible_land,ELIGIBLE,CIVIC_CENTER_ANCHOR_V1_2026-09-09,WGS84_GEODESIC_DIRECT,7,1.0,in_country,0,,,,,SED_GEO_ELIGIBILITY_CENSUS_2025_V1
MKT002_MAPORG_W3,MKT002,San Diego,CA,maps_organic,MAPORG13_V1,W3,W 3 mi,270,3,32.7169694,-117.2143088,True,False,True,structural_water_exclusion,STRUCTURAL_EXCLUSION,CIVIC_CENTER_ANCHOR_V1_2026-09-09,WGS84_GEODESIC_DIRECT,7,1.0,in_country,1,H2051,San Diego Bay,1108311364105,tl_2025_06073_areawater.zip,SED_GEO_ELIGIBILITY_CENSUS_2025_V1
MKT002_MAPORG_N5,MKT002,San Diego,CA,maps_organic,MAPORG13_V1,N5,N 5 mi,0,5,32.7895383,-117.16281,True,True,False,eligible_land,ELIGIBLE,CIVIC_CENTER_ANCHOR_V1_2026-09-09,WGS84_GEODESIC_DIRECT,7,1.0,in_country,0,,,,,SED_GEO_ELIGIBILITY_CENSUS_2025_V1
MKT002_MAPORG_E5,MKT002,San Diego,CA,maps_organic,MAPORG13_V1,E5,E 5 mi,90,5,32.7169506,-117.0769787,True,True,False,eligible_land,ELIGIBLE,CIVIC_CENTER_ANCHOR_V1_2026-09-09,WGS84_GEODESIC_DIRECT,7,1.0,in_country,0,,,,,SED_GEO_ELIGIBILITY_CENSUS_2025_V1
MKT002_MAPORG_S5,MKT002,San Diego,CA,maps_organic,MAPORG13_V1,S5,S 5 mi,180,5,32.6444209,-117.16281,True,True,False,structural_water_exclusion,STRUCTURAL_EXCLUSION,CIVIC_CENTER_ANCHOR_V1_2026-09-09,WGS84_GEODESIC_DIRECT,7,1.0,in_country,1,H2053,Pacific Ocean,11033564250339,tl_2025_06073_areawater.zip,SED_GEO_ELIGIBILITY_CENSUS_2025_V1
MKT002_MAPORG_W5,MKT002,San Diego,CA,maps_organic,MAPORG13_V1,W5,W 5 mi,270,5,32.7169506,-117.2486413,True,True,False,eligible_land,ELIGIBLE,CIVIC_CENTER_ANCHOR_V1_2026-09-09,WGS84_GEODESIC_DIRECT,7,1.0,in_country,0,,,,,SED_GEO_ELIGIBILITY_CENSUS_2025_V1
MKT002_AIO_C,MKT002,San Diego,CA,aio,AIO9_V1,C,center,,0,32.71698,-117.16281,True,,False,eligible_land,ELIGIBLE,CIVIC_CENTER_ANCHOR_V1_2026-09-09,WGS84_GEODESIC_DIRECT,7,1.0,in_country,0,,,,,SED_GEO_ELIGIBILITY_CENSUS_2025_V1
MKT002_AIO_N2P5,MKT002,San Diego,CA,aio,AIO9_V1,N2P5,N 2.5 mi,0,2.5,32.7532593,-117.16281,True,,False,eligible_land,ELIGIBLE,CIVIC_CENTER_ANCHOR_V1_2026-09-09,WGS84_GEODESIC_DIRECT,7,1.0,in_country,0,,,,,SED_GEO_ELIGIBILITY_CENSUS_2025_V1
MKT002_AIO_E2P5,MKT002,San Diego,CA,aio,AIO9_V1,E2P5,E 2.5 mi,90,2.5,32.7169727,-117.1198944,True,,False,eligible_land,ELIGIBLE,CIVIC_CENTER_ANCHOR_V1_2026-09-09,WGS84_GEODESIC_DIRECT,7,1.0,in_country,0,,,,,SED_GEO_ELIGIBILITY_CENSUS_2025_V1
MKT002_AIO_S2P5,MKT002,San Diego,CA,aio,AIO9_V1,S2P5,S 2.5 mi,180,2.5,32.6807005,-117.16281,True,,False,structural_water_exclusion,STRUCTURAL_EXCLUSION,CIVIC_CENTER_ANCHOR_V1_2026-09-09,WGS84_GEODESIC_DIRECT,7,1.0,in_country,1,H2051,San Diego Bay,1108311364105,tl_2025_06073_areawater.zip,SED_GEO_ELIGIBILITY_CENSUS_2025_V1
MKT002_AIO_W2P5,MKT002,San Diego,CA,aio,AIO9_V1,W2P5,W 2.5 mi,270,2.5,32.7169727,-117.2057256,True,,False,structural_water_exclusion,STRUCTURAL_EXCLUSION,CIVIC_CENTER_ANCHOR_V1_2026-09-09,WGS84_GEODESIC_DIRECT,7,1.0,in_country,1,H2051,San Diego Bay,1108311364105,tl_2025_06073_areawater.zip,SED_GEO_ELIGIBILITY_CENSUS_2025_V1
MKT002_AIO_N5,MKT002,San Diego,CA,aio,AIO9_V1,N5,N 5 mi,0,5,32.7895383,-117.16281,True,,False,eligible_land,ELIGIBLE,CIVIC_CENTER_ANCHOR_V1_2026-09-09,WGS84_GEODESIC_DIRECT,7,1.0,in_country,0,,,,,SED_GEO_ELIGIBILITY_CENSUS_2025_V1
MKT002_AIO_E5,MKT002,San Diego,CA,aio,AIO9_V1,E5,E 5 mi,90,5,32.7169506,-117.0769787,True,,False,eligible_land,ELIGIBLE,CIVIC_CENTER_ANCHOR_V1_2026-09-09,WGS84_GEODESIC_DIRECT,7,1.0,in_country,0,,,,,SED_GEO_ELIGIBILITY_CENSUS_2025_V1
MKT002_AIO_S5,MKT002,San Diego,CA,aio,AIO9_V1,S5,S 5 mi,180,5,32.6444209,-117.16281,True,,False,structural_water_exclusion,STRUCTURAL_EXCLUSION,CIVIC_CENTER_ANCHOR_V1_2026-09-09,WGS84_GEODESIC_DIRECT,7,1.0,in_country,1,H2053,Pacific Ocean,11033564250339,tl_2025_06073_areawater.zip,SED_GEO_ELIGIBILITY_CENSUS_2025_V1
MKT002_AIO_W5,MKT002,San Diego,CA,aio,AIO9_V1,W5,W 5 mi,270,5,32.7169506,-117.2486413,True,,False,eligible_land,ELIGIBLE,CIVIC_CENTER_ANCHOR_V1_2026-09-09,WGS84_GEODESIC_DIRECT,7,1.0,in_country,0,,,,,SED_GEO_ELIGIBILITY_CENSUS_2025_V1
MKT003_MAPORG_C,MKT003,San Francisco,CA,maps_organic,MAPORG13_V1,C,center,,0,37.779255,-122.419182,True,True,False,eligible_land,ELIGIBLE,CIVIC_CENTER_ANCHOR_V1_2026-09-09,WGS84_GEODESIC_DIRECT,7,1.0,in_country,0,,,,,SED_GEO_ELIGIBILITY_CENSUS_2025_V1
MKT003_MAPORG_N1,MKT003,San Francisco,CA,maps_organic,MAPORG13_V1,N1,N 1 mi,0,1,37.7937546,-122.419182,True,True,False,eligible_land,ELIGIBLE,CIVIC_CENTER_ANCHOR_V1_2026-09-09,WGS84_GEODESIC_DIRECT,7,1.0,in_country,0,,,,,SED_GEO_ELIGIBILITY_CENSUS_2025_V1
MKT003_MAPORG_E1,MKT003,San Francisco,CA,maps_organic,MAPORG13_V1,E1,E 1 mi,90,1,37.7792536,-122.4009137,True,True,False,eligible_land,ELIGIBLE,CIVIC_CENTER_ANCHOR_V1_2026-09-09,WGS84_GEODESIC_DIRECT,7,1.0,in_country,0,,,,,SED_GEO_ELIGIBILITY_CENSUS_2025_V1
MKT003_MAPORG_S1,MKT003,San Francisco,CA,maps_organic,MAPORG13_V1,S1,S 1 mi,180,1,37.7647554,-122.419182,True,True,False,eligible_land,ELIGIBLE,CIVIC_CENTER_ANCHOR_V1_2026-09-09,WGS84_GEODESIC_DIRECT,7,1.0,in_country,0,,,,,SED_GEO_ELIGIBILITY_CENSUS_2025_V1
MKT003_MAPORG_W1,MKT003,San Francisco,CA,maps_organic,MAPORG13_V1,W1,W 1 mi,270,1,37.7792536,-122.4374503,True,True,False,eligible_land,ELIGIBLE,CIVIC_CENTER_ANCHOR_V1_2026-09-09,WGS84_GEODESIC_DIRECT,7,1.0,in_country,0,,,,,SED_GEO_ELIGIBILITY_CENSUS_2025_V1
MKT003_MAPORG_N3,MKT003,San Francisco,CA,maps_organic,MAPORG13_V1,N3,N 3 mi,0,3,37.8227536,-122.419182,True,False,True,structural_water_exclusion,STRUCTURAL_EXCLUSION,CIVIC_CENTER_ANCHOR_V1_2026-09-09,WGS84_GEODESIC_DIRECT,7,1.0,in_country,1,H2051,San Francisco Bay,1107052629680,tl_2025_06075_areawater.zip,SED_GEO_ELIGIBILITY_CENSUS_2025_V1
MKT003_MAPORG_E3,MKT003,San Francisco,CA,maps_organic,MAPORG13_V1,E3,E 3 mi,90,3,37.7792423,-122.3643772,True,False,True,structural_water_exclusion,STRUCTURAL_EXCLUSION,CIVIC_CENTER_ANCHOR_V1_2026-09-09,WGS84_GEODESIC_DIRECT,7,1.0,in_country,1,H2051,San Francisco Bay,1107052629680,tl_2025_06075_areawater.zip,SED_GEO_ELIGIBILITY_CENSUS_2025_V1
MKT003_MAPORG_S3,MKT003,San Francisco,CA,maps_organic,MAPORG13_V1,S3,S 3 mi,180,3,37.735756,-122.419182,True,False,True,eligible_land,ELIGIBLE,CIVIC_CENTER_ANCHOR_V1_2026-09-09,WGS84_GEODESIC_DIRECT,7,1.0,in_country,0,,,,,SED_GEO_ELIGIBILITY_CENSUS_2025_V1
MKT003_MAPORG_W3,MKT003,San Francisco,CA,maps_organic,MAPORG13_V1,W3,W 3 mi,270,3,37.7792423,-122.4739868,True,False,True,eligible_land,ELIGIBLE,CIVIC_CENTER_ANCHOR_V1_2026-09-09,WGS84_GEODESIC_DIRECT,7,1.0,in_country,0,,,,,SED_GEO_ELIGIBILITY_CENSUS_2025_V1
MKT003_MAPORG_N5,MKT003,San Francisco,CA,maps_organic,MAPORG13_V1,N5,N 5 mi,0,5,37.8517526,-122.419182,True,True,False,structural_water_exclusion,STRUCTURAL_EXCLUSION,CIVIC_CENTER_ANCHOR_V1_2026-09-09,WGS84_GEODESIC_DIRECT,7,1.0,in_country,1,H2051,San Francisco Bay,1107052629680,tl_2025_06075_areawater.zip,SED_GEO_ELIGIBILITY_CENSUS_2025_V1
MKT003_MAPORG_E5,MKT003,San Francisco,CA,maps_organic,MAPORG13_V1,E5,E 5 mi,90,5,37.7792196,-122.3278407,True,True,False,structural_water_exclusion,STRUCTURAL_EXCLUSION,CIVIC_CENTER_ANCHOR_V1_2026-09-09,WGS84_GEODESIC_DIRECT,7,1.0,in_country,1,H2051,San Francisco Bay,1107052629680,tl_2025_06075_areawater.zip,SED_GEO_ELIGIBILITY_CENSUS_2025_V1
MKT003_MAPORG_S5,MKT003,San Francisco,CA,maps_organic,MAPORG13_V1,S5,S 5 mi,180,5,37.7067566,-122.419182,True,True,False,eligible_land,ELIGIBLE,CIVIC_CENTER_ANCHOR_V1_2026-09-09,WGS84_GEODESIC_DIRECT,7,1.0,in_country,0,,,,,SED_GEO_ELIGIBILITY_CENSUS_2025_V1
MKT003_MAPORG_W5,MKT003,San Francisco,CA,maps_organic,MAPORG13_V1,W5,W 5 mi,270,5,37.7792196,-122.5105233,True,True,False,eligible_land,ELIGIBLE,CIVIC_CENTER_ANCHOR_V1_2026-09-09,WGS84_GEODESIC_DIRECT,7,1.0,in_country,0,,,,,SED_GEO_ELIGIBILITY_CENSUS_2025_V1
MKT003_AIO_C,MKT003,San Francisco,CA,aio,AIO9_V1,C,center,,0,37.779255,-122.419182,True,,False,eligible_land,ELIGIBLE,CIVIC_CENTER_ANCHOR_V1_2026-09-09,WGS84_GEODESIC_DIRECT,7,1.0,in_country,0,,,,,SED_GEO_ELIGIBILITY_CENSUS_2025_V1
MKT003_AIO_N2P5,MKT003,San Francisco,CA,aio,AIO9_V1,N2P5,N 2.5 mi,0,2.5,37.8155039,-122.419182,True,,False,structural_water_exclusion,STRUCTURAL_EXCLUSION,CIVIC_CENTER_ANCHOR_V1_2026-09-09,WGS84_GEODESIC_DIRECT,7,1.0,in_country,1,H2051,San Francisco Bay,1107052629680,tl_2025_06075_areawater.zip,SED_GEO_ELIGIBILITY_CENSUS_2025_V1
MKT003_AIO_E2P5,MKT003,San Francisco,CA,aio,AIO9_V1,E2P5,E 2.5 mi,90,2.5,37.7792461,-122.3735114,True,,False,structural_water_exclusion,STRUCTURAL_EXCLUSION,CIVIC_CENTER_ANCHOR_V1_2026-09-09,WGS84_GEODESIC_DIRECT,7,1.0,in_country,1,H2051,San Francisco Bay,1107052629680,tl_2025_06075_areawater.zip,SED_GEO_ELIGIBILITY_CENSUS_2025_V1
MKT003_AIO_S2P5,MKT003,San Francisco,CA,aio,AIO9_V1,S2P5,S 2.5 mi,180,2.5,37.7430059,-122.419182,True,,False,eligible_land,ELIGIBLE,CIVIC_CENTER_ANCHOR_V1_2026-09-09,WGS84_GEODESIC_DIRECT,7,1.0,in_country,0,,,,,SED_GEO_ELIGIBILITY_CENSUS_2025_V1
MKT003_AIO_W2P5,MKT003,San Francisco,CA,aio,AIO9_V1,W2P5,W 2.5 mi,270,2.5,37.7792461,-122.4648526,True,,False,eligible_land,ELIGIBLE,CIVIC_CENTER_ANCHOR_V1_2026-09-09,WGS84_GEODESIC_DIRECT,7,1.0,in_country,0,,,,,SED_GEO_ELIGIBILITY_CENSUS_2025_V1
MKT003_AIO_N5,MKT003,San Francisco,CA,aio,AIO9_V1,N5,N 5 mi,0,5,37.8517526,-122.419182,True,,False,structural_water_exclusion,STRUCTURAL_EXCLUSION,CIVIC_CENTER_ANCHOR_V1_2026-09-09,WGS84_GEODESIC_DIRECT,7,1.0,in_country,1,H2051,San Francisco Bay,1107052629680,tl_2025_06075_areawater.zip,SED_GEO_ELIGIBILITY_CENSUS_2025_V1
MKT003_AIO_E5,MKT003,San Francisco,CA,aio,AIO9_V1,E5,E 5 mi,90,5,37.7792196,-122.3278407,True,,False,structural_water_exclusion,STRUCTURAL_EXCLUSION,CIVIC_CENTER_ANCHOR_V1_2026-09-09,WGS84_GEODESIC_DIRECT,7,1.0,in_country,1,H2051,San Francisco Bay,1107052629680,tl_2025_06075_areawater.zip,SED_GEO_ELIGIBILITY_CENSUS_2025_V1
MKT003_AIO_S5,MKT003,San Francisco,CA,aio,AIO9_V1,S5,S 5 mi,180,5,37.7067566,-122.419182,True,,False,eligible_land,ELIGIBLE,CIVIC_CENTER_ANCHOR_V1_2026-09-09,WGS84_GEODESIC_DIRECT,7,1.0,in_country,0,,,,,SED_GEO_ELIGIBILITY_CENSUS_2025_V1
MKT003_AIO_W5,MKT003,San Francisco,CA,aio,AIO9_V1,W5,W 5 mi,270,5,37.7792196,-122.5105233,True,,False,eligible_land,ELIGIBLE,CIVIC_CENTER_ANCHOR_V1_2026-09-09,WGS84_GEODESIC_DIRECT,7,1.0,in_country,0,,,,,SED_GEO_ELIGIBILITY_CENSUS_2025_V1
MKT004_MAPORG_C,MKT004,Sacramento,CA,maps_organic,MAPORG13_V1,C,center,,0,38.582084,-121.493439,True,True,False,eligible_land,ELIGIBLE,CIVIC_CENTER_ANCHOR_V1_2026-09-09,WGS84_GEODESIC_DIRECT,7,1.0,in_country,0,,,,,SED_GEO_ELIGIBILITY_CENSUS_2025_V1
MKT004_MAPORG_N1,MKT004,Sacramento,CA,maps_organic,MAPORG13_V1,N1,N 1 mi,0,1,38.5965816,-121.493439,True,True,False,eligible_land,ELIGIBLE,CIVIC_CENTER_ANCHOR_V1_2026-09-09,WGS84_GEODESIC_DIRECT,7,1.0,in_country,0,,,,,SED_GEO_ELIGIBILITY_CENSUS_2025_V1
MKT004_MAPORG_E1,MKT004,Sacramento,CA,maps_organic,MAPORG13_V1,E1,E 1 mi,90,1,38.5820825,-121.4749692,True,True,False,eligible_land,ELIGIBLE,CIVIC_CENTER_ANCHOR_V1_2026-09-09,WGS84_GEODESIC_DIRECT,7,1.0,in_country,0,,,,,SED_GEO_ELIGIBILITY_CENSUS_2025_V1
MKT004_MAPORG_S1,MKT004,Sacramento,CA,maps_organic,MAPORG13_V1,S1,S 1 mi,180,1,38.5675864,-121.493439,True,True,False,eligible_land,ELIGIBLE,CIVIC_CENTER_ANCHOR_V1_2026-09-09,WGS84_GEODESIC_DIRECT,7,1.0,in_country,0,,,,,SED_GEO_ELIGIBILITY_CENSUS_2025_V1
MKT004_MAPORG_W1,MKT004,Sacramento,CA,maps_organic,MAPORG13_V1,W1,W 1 mi,270,1,38.5820825,-121.5119088,True,True,False,eligible_land,ELIGIBLE,CIVIC_CENTER_ANCHOR_V1_2026-09-09,WGS84_GEODESIC_DIRECT,7,1.0,in_country,0,,,,,SED_GEO_ELIGIBILITY_CENSUS_2025_V1
MKT004_MAPORG_N3,MKT004,Sacramento,CA,maps_organic,MAPORG13_V1,N3,N 3 mi,0,3,38.6255767,-121.493439,True,False,True,eligible_land,ELIGIBLE,CIVIC_CENTER_ANCHOR_V1_2026-09-09,WGS84_GEODESIC_DIRECT,7,1.0,in_country,0,,,,,SED_GEO_ELIGIBILITY_CENSUS_2025_V1
MKT004_MAPORG_E3,MKT004,Sacramento,CA,maps_organic,MAPORG13_V1,E3,E 3 mi,90,3,38.5820709,-121.4380295,True,False,True,structural_water_exclusion,STRUCTURAL_EXCLUSION,CIVIC_CENTER_ANCHOR_V1_2026-09-09,WGS84_GEODESIC_DIRECT,7,1.0,in_country,1,H3010,American Riv,1108312038874,tl_2025_06067_areawater.zip,SED_GEO_ELIGIBILITY_CENSUS_2025_V1
MKT004_MAPORG_S3,MKT004,Sacramento,CA,maps_organic,MAPORG13_V1,S3,S 3 mi,180,3,38.538591,-121.493439,True,False,True,eligible_land,ELIGIBLE,CIVIC_CENTER_ANCHOR_V1_2026-09-09,WGS84_GEODESIC_DIRECT,7,1.0,in_country,0,,,,,SED_GEO_ELIGIBILITY_CENSUS_2025_V1
MKT004_MAPORG_W3,MKT004,Sacramento,CA,maps_organic,MAPORG13_V1,W3,W 3 mi,270,3,38.5820709,-121.5488485,True,False,True,eligible_land,ELIGIBLE,CIVIC_CENTER_ANCHOR_V1_2026-09-09,WGS84_GEODESIC_DIRECT,7,1.0,in_country,0,,,,,SED_GEO_ELIGIBILITY_CENSUS_2025_V1
MKT004_MAPORG_N5,MKT004,Sacramento,CA,maps_organic,MAPORG13_V1,N5,N 5 mi,0,5,38.6545716,-121.493439,True,True,False,eligible_land,ELIGIBLE,CIVIC_CENTER_ANCHOR_V1_2026-09-09,WGS84_GEODESIC_DIRECT,7,1.0,in_country,0,,,,,SED_GEO_ELIGIBILITY_CENSUS_2025_V1
MKT004_MAPORG_E5,MKT004,Sacramento,CA,maps_organic,MAPORG13_V1,E5,E 5 mi,90,5,38.5820476,-121.4010899,True,True,False,eligible_land,ELIGIBLE,CIVIC_CENTER_ANCHOR_V1_2026-09-09,WGS84_GEODESIC_DIRECT,7,1.0,in_country,0,,,,,SED_GEO_ELIGIBILITY_CENSUS_2025_V1
MKT004_MAPORG_S5,MKT004,Sacramento,CA,maps_organic,MAPORG13_V1,S5,S 5 mi,180,5,38.5095955,-121.493439,True,True,False,eligible_land,ELIGIBLE,CIVIC_CENTER_ANCHOR_V1_2026-09-09,WGS84_GEODESIC_DIRECT,7,1.0,in_country,0,,,,,SED_GEO_ELIGIBILITY_CENSUS_2025_V1
MKT004_MAPORG_W5,MKT004,Sacramento,CA,maps_organic,MAPORG13_V1,W5,W 5 mi,270,5,38.5820476,-121.5857881,True,True,False,eligible_land,ELIGIBLE,CIVIC_CENTER_ANCHOR_V1_2026-09-09,WGS84_GEODESIC_DIRECT,7,1.0,in_country,0,,,,,SED_GEO_ELIGIBILITY_CENSUS_2025_V1
MKT004_AIO_C,MKT004,Sacramento,CA,aio,AIO9_V1,C,center,,0,38.582084,-121.493439,True,,False,eligible_land,ELIGIBLE,CIVIC_CENTER_ANCHOR_V1_2026-09-09,WGS84_GEODESIC_DIRECT,7,1.0,in_country,0,,,,,SED_GEO_ELIGIBILITY_CENSUS_2025_V1
MKT004_AIO_N2P5,MKT004,Sacramento,CA,aio,AIO9_V1,N2P5,N 2.5 mi,0,2.5,38.6183279,-121.493439,True,,False,eligible_land,ELIGIBLE,CIVIC_CENTER_ANCHOR_V1_2026-09-09,WGS84_GEODESIC_DIRECT,7,1.0,in_country,0,,,,,SED_GEO_ELIGIBILITY_CENSUS_2025_V1
MKT004_AIO_E2P5,MKT004,Sacramento,CA,aio,AIO9_V1,E2P5,E 2.5 mi,90,2.5,38.5820749,-121.4472644,True,,False,eligible_land,ELIGIBLE,CIVIC_CENTER_ANCHOR_V1_2026-09-09,WGS84_GEODESIC_DIRECT,7,1.0,in_country,0,,,,,SED_GEO_ELIGIBILITY_CENSUS_2025_V1
MKT004_AIO_S2P5,MKT004,Sacramento,CA,aio,AIO9_V1,S2P5,S 2.5 mi,180,2.5,38.5458399,-121.493439,True,,False,eligible_land,ELIGIBLE,CIVIC_CENTER_ANCHOR_V1_2026-09-09,WGS84_GEODESIC_DIRECT,7,1.0,in_country,0,,,,,SED_GEO_ELIGIBILITY_CENSUS_2025_V1
MKT004_AIO_W2P5,MKT004,Sacramento,CA,aio,AIO9_V1,W2P5,W 2.5 mi,270,2.5,38.5820749,-121.5396136,True,,False,eligible_land,ELIGIBLE,CIVIC_CENTER_ANCHOR_V1_2026-09-09,WGS84_GEODESIC_DIRECT,7,1.0,in_country,0,,,,,SED_GEO_ELIGIBILITY_CENSUS_2025_V1
MKT004_AIO_N5,MKT004,Sacramento,CA,aio,AIO9_V1,N5,N 5 mi,0,5,38.6545716,-121.493439,True,,False,eligible_land,ELIGIBLE,CIVIC_CENTER_ANCHOR_V1_2026-09-09,WGS84_GEODESIC_DIRECT,7,1.0,in_country,0,,,,,SED_GEO_ELIGIBILITY_CENSUS_2025_V1
MKT004_AIO_E5,MKT004,Sacramento,CA,aio,AIO9_V1,E5,E 5 mi,90,5,38.5820476,-121.4010899,True,,False,eligible_land,ELIGIBLE,CIVIC_CENTER_ANCHOR_V1_2026-09-09,WGS84_GEODESIC_DIRECT,7,1.0,in_country,0,,,,,SED_GEO_ELIGIBILITY_CENSUS_2025_V1
MKT004_AIO_S5,MKT004,Sacramento,CA,aio,AIO9_V1,S5,S 5 mi,180,5,38.5095955,-121.493439,True,,False,eligible_land,ELIGIBLE,CIVIC_CENTER_ANCHOR_V1_2026-09-09,WGS84_GEODESIC_DIRECT,7,1.0,in_country,0,,,,,SED_GEO_ELIGIBILITY_CENSUS_2025_V1
MKT004_AIO_W5,MKT004,Sacramento,CA,aio,AIO9_V1,W5,W 5 mi,270,5,38.5820476,-121.5857881,True,,False,eligible_land,ELIGIBLE,CIVIC_CENTER_ANCHOR_V1_2026-09-09,WGS84_GEODESIC_DIRECT,7,1.0,in_country,0,,,,,SED_GEO_ELIGIBILITY_CENSUS_2025_V1
MKT005_MAPORG_C,MKT005,Fresno,CA,maps_organic,MAPORG13_V1,C,center,,0,36.73969,-119.78451,True,True,False,eligible_land,ELIGIBLE,CIVIC_CENTER_ANCHOR_V1_2026-09-09,WGS84_GEODESIC_DIRECT,7,1.0,in_country,0,,,,,SED_GEO_ELIGIBILITY_CENSUS_2025_V1
MKT005_MAPORG_N1,MKT005,Fresno,CA,maps_organic,MAPORG13_V1,N1,N 1 mi,0,1,36.7541921,-119.78451,True,True,False,eligible_land,ELIGIBLE,CIVIC_CENTER_ANCHOR_V1_2026-09-09,WGS84_GEODESIC_DIRECT,7,1.0,in_country,0,,,,,SED_GEO_ELIGIBILITY_CENSUS_2025_V1
MKT005_MAPORG_E1,MKT005,Fresno,CA,maps_organic,MAPORG13_V1,E1,E 1 mi,90,1,36.7396886,-119.7664911,True,True,False,eligible_land,ELIGIBLE,CIVIC_CENTER_ANCHOR_V1_2026-09-09,WGS84_GEODESIC_DIRECT,7,1.0,in_country,0,,,,,SED_GEO_ELIGIBILITY_CENSUS_2025_V1
MKT005_MAPORG_S1,MKT005,Fresno,CA,maps_organic,MAPORG13_V1,S1,S 1 mi,180,1,36.7251878,-119.78451,True,True,False,eligible_land,ELIGIBLE,CIVIC_CENTER_ANCHOR_V1_2026-09-09,WGS84_GEODESIC_DIRECT,7,1.0,in_country,0,,,,,SED_GEO_ELIGIBILITY_CENSUS_2025_V1
MKT005_MAPORG_W1,MKT005,Fresno,CA,maps_organic,MAPORG13_V1,W1,W 1 mi,270,1,36.7396886,-119.8025289,True,True,False,eligible_land,ELIGIBLE,CIVIC_CENTER_ANCHOR_V1_2026-09-09,WGS84_GEODESIC_DIRECT,7,1.0,in_country,0,,,,,SED_GEO_ELIGIBILITY_CENSUS_2025_V1
MKT005_MAPORG_N3,MKT005,Fresno,CA,maps_organic,MAPORG13_V1,N3,N 3 mi,0,3,36.7831963,-119.78451,True,False,True,eligible_land,ELIGIBLE,CIVIC_CENTER_ANCHOR_V1_2026-09-09,WGS84_GEODESIC_DIRECT,7,1.0,in_country,0,,,,,SED_GEO_ELIGIBILITY_CENSUS_2025_V1
MKT005_MAPORG_E3,MKT005,Fresno,CA,maps_organic,MAPORG13_V1,E3,E 3 mi,90,3,36.7396777,-119.7304533,True,False,True,eligible_land,ELIGIBLE,CIVIC_CENTER_ANCHOR_V1_2026-09-09,WGS84_GEODESIC_DIRECT,7,1.0,in_country,0,,,,,SED_GEO_ELIGIBILITY_CENSUS_2025_V1
MKT005_MAPORG_S3,MKT005,Fresno,CA,maps_organic,MAPORG13_V1,S3,S 3 mi,180,3,36.6961834,-119.78451,True,False,True,eligible_land,ELIGIBLE,CIVIC_CENTER_ANCHOR_V1_2026-09-09,WGS84_GEODESIC_DIRECT,7,1.0,in_country,0,,,,,SED_GEO_ELIGIBILITY_CENSUS_2025_V1
MKT005_MAPORG_W3,MKT005,Fresno,CA,maps_organic,MAPORG13_V1,W3,W 3 mi,270,3,36.7396777,-119.8385667,True,False,True,eligible_land,ELIGIBLE,CIVIC_CENTER_ANCHOR_V1_2026-09-09,WGS84_GEODESIC_DIRECT,7,1.0,in_country,0,,,,,SED_GEO_ELIGIBILITY_CENSUS_2025_V1
MKT005_MAPORG_N5,MKT005,Fresno,CA,maps_organic,MAPORG13_V1,N5,N 5 mi,0,5,36.8122003,-119.78451,True,True,False,eligible_land,ELIGIBLE,CIVIC_CENTER_ANCHOR_V1_2026-09-09,WGS84_GEODESIC_DIRECT,7,1.0,in_country,0,,,,,SED_GEO_ELIGIBILITY_CENSUS_2025_V1
MKT005_MAPORG_E5,MKT005,Fresno,CA,maps_organic,MAPORG13_V1,E5,E 5 mi,90,5,36.7396559,-119.6944155,True,True,False,eligible_land,ELIGIBLE,CIVIC_CENTER_ANCHOR_V1_2026-09-09,WGS84_GEODESIC_DIRECT,7,1.0,in_country,0,,,,,SED_GEO_ELIGIBILITY_CENSUS_2025_V1
MKT005_MAPORG_S5,MKT005,Fresno,CA,maps_organic,MAPORG13_V1,S5,S 5 mi,180,5,36.6671788,-119.78451,True,True,False,eligible_land,ELIGIBLE,CIVIC_CENTER_ANCHOR_V1_2026-09-09,WGS84_GEODESIC_DIRECT,7,1.0,in_country,0,,,,,SED_GEO_ELIGIBILITY_CENSUS_2025_V1
MKT005_MAPORG_W5,MKT005,Fresno,CA,maps_organic,MAPORG13_V1,W5,W 5 mi,270,5,36.7396559,-119.8746045,True,True,False,eligible_land,ELIGIBLE,CIVIC_CENTER_ANCHOR_V1_2026-09-09,WGS84_GEODESIC_DIRECT,7,1.0,in_country,0,,,,,SED_GEO_ELIGIBILITY_CENSUS_2025_V1
MKT005_AIO_C,MKT005,Fresno,CA,aio,AIO9_V1,C,center,,0,36.73969,-119.78451,True,,False,eligible_land,ELIGIBLE,CIVIC_CENTER_ANCHOR_V1_2026-09-09,WGS84_GEODESIC_DIRECT,7,1.0,in_country,0,,,,,SED_GEO_ELIGIBILITY_CENSUS_2025_V1
MKT005_AIO_N2P5,MKT005,Fresno,CA,aio,AIO9_V1,N2P5,N 2.5 mi,0,2.5,36.7759453,-119.78451,True,,False,eligible_land,ELIGIBLE,CIVIC_CENTER_ANCHOR_V1_2026-09-09,WGS84_GEODESIC_DIRECT,7,1.0,in_country,0,,,,,SED_GEO_ELIGIBILITY_CENSUS_2025_V1
MKT005_AIO_E2P5,MKT005,Fresno,CA,aio,AIO9_V1,E2P5,E 2.5 mi,90,2.5,36.7396815,-119.7394627,True,,False,eligible_land,ELIGIBLE,CIVIC_CENTER_ANCHOR_V1_2026-09-09,WGS84_GEODESIC_DIRECT,7,1.0,in_country,0,,,,,SED_GEO_ELIGIBILITY_CENSUS_2025_V1
MKT005_AIO_S2P5,MKT005,Fresno,CA,aio,AIO9_V1,S2P5,S 2.5 mi,180,2.5,36.7034345,-119.78451,True,,False,eligible_land,ELIGIBLE,CIVIC_CENTER_ANCHOR_V1_2026-09-09,WGS84_GEODESIC_DIRECT,7,1.0,in_country,0,,,,,SED_GEO_ELIGIBILITY_CENSUS_2025_V1
MKT005_AIO_W2P5,MKT005,Fresno,CA,aio,AIO9_V1,W2P5,W 2.5 mi,270,2.5,36.7396815,-119.8295573,True,,False,eligible_land,ELIGIBLE,CIVIC_CENTER_ANCHOR_V1_2026-09-09,WGS84_GEODESIC_DIRECT,7,1.0,in_country,0,,,,,SED_GEO_ELIGIBILITY_CENSUS_2025_V1
MKT005_AIO_N5,MKT005,Fresno,CA,aio,AIO9_V1,N5,N 5 mi,0,5,36.8122003,-119.78451,True,,False,eligible_land,ELIGIBLE,CIVIC_CENTER_ANCHOR_V1_2026-09-09,WGS84_GEODESIC_DIRECT,7,1.0,in_country,0,,,,,SED_GEO_ELIGIBILITY_CENSUS_2025_V1
MKT005_AIO_E5,MKT005,Fresno,CA,aio,AIO9_V1,E5,E 5 mi,90,5,36.7396559,-119.6944155,True,,False,eligible_land,ELIGIBLE,CIVIC_CENTER_ANCHOR_V1_2026-09-09,WGS84_GEODESIC_DIRECT,7,1.0,in_country,0,,,,,SED_GEO_ELIGIBILITY_CENSUS_2025_V1
MKT005_AIO_S5,MKT005,Fresno,CA,aio,AIO9_V1,S5,S 5 mi,180,5,36.6671788,-119.78451,True,,False,eligible_land,ELIGIBLE,CIVIC_CENTER_ANCHOR_V1_2026-09-09,WGS84_GEODESIC_DIRECT,7,1.0,in_country,0,,,,,SED_GEO_ELIGIBILITY_CENSUS_2025_V1
MKT005_AIO_W5,MKT005,Fresno,CA,aio,AIO9_V1,W5,W 5 mi,270,5,36.7396559,-119.8746045,True,,False,eligible_land,ELIGIBLE,CIVIC_CENTER_ANCHOR_V1_2026-09-09,WGS84_GEODESIC_DIRECT,7,1.0,in_country,0,,,,,SED_GEO_ELIGIBILITY_CENSUS_2025_V1
MKT006_MAPORG_C,MKT006,Bakersfield,CA,maps_organic,MAPORG13_V1,C,center,,0,35.37278,-119.01944,True,True,False,eligible_land,ELIGIBLE,CIVIC_CENTER_ANCHOR_V1_2026-09-09,WGS84_GEODESIC_DIRECT,7,1.0,in_country,0,,,,,SED_GEO_ELIGIBILITY_CENSUS_2025_V1
MKT006_MAPORG_N1,MKT006,Bakersfield,CA,maps_organic,MAPORG13_V1,N1,N 1 mi,0,1,35.3872854,-119.01944,True,True,False,eligible_land,ELIGIBLE,CIVIC_CENTER_ANCHOR_V1_2026-09-09,WGS84_GEODESIC_DIRECT,7,1.0,in_country,0,,,,,SED_GEO_ELIGIBILITY_CENSUS_2025_V1
MKT006_MAPORG_E1,MKT006,Bakersfield,CA,maps_organic,MAPORG13_V1,E1,E 1 mi,90,1,35.3727787,-119.00173,True,True,False,eligible_land,ELIGIBLE,CIVIC_CENTER_ANCHOR_V1_2026-09-09,WGS84_GEODESIC_DIRECT,7,1.0,in_country,0,,,,,SED_GEO_ELIGIBILITY_CENSUS_2025_V1
MKT006_MAPORG_S1,MKT006,Bakersfield,CA,maps_organic,MAPORG13_V1,S1,S 1 mi,180,1,35.3582745,-119.01944,True,True,False,eligible_land,ELIGIBLE,CIVIC_CENTER_ANCHOR_V1_2026-09-09,WGS84_GEODESIC_DIRECT,7,1.0,in_country,0,,,,,SED_GEO_ELIGIBILITY_CENSUS_2025_V1
MKT006_MAPORG_W1,MKT006,Bakersfield,CA,maps_organic,MAPORG13_V1,W1,W 1 mi,270,1,35.3727787,-119.03715,True,True,False,eligible_land,ELIGIBLE,CIVIC_CENTER_ANCHOR_V1_2026-09-09,WGS84_GEODESIC_DIRECT,7,1.0,in_country,0,,,,,SED_GEO_ELIGIBILITY_CENSUS_2025_V1
MKT006_MAPORG_N3,MKT006,Bakersfield,CA,maps_organic,MAPORG13_V1,N3,N 3 mi,0,3,35.4162962,-119.01944,True,False,True,eligible_land,ELIGIBLE,CIVIC_CENTER_ANCHOR_V1_2026-09-09,WGS84_GEODESIC_DIRECT,7,1.0,in_country,0,,,,,SED_GEO_ELIGIBILITY_CENSUS_2025_V1
MKT006_MAPORG_E3,MKT006,Bakersfield,CA,maps_organic,MAPORG13_V1,E3,E 3 mi,90,3,35.3727683,-118.9663101,True,False,True,eligible_land,ELIGIBLE,CIVIC_CENTER_ANCHOR_V1_2026-09-09,WGS84_GEODESIC_DIRECT,7,1.0,in_country,0,,,,,SED_GEO_ELIGIBILITY_CENSUS_2025_V1
MKT006_MAPORG_S3,MKT006,Bakersfield,CA,maps_organic,MAPORG13_V1,S3,S 3 mi,180,3,35.3292634,-119.01944,True,False,True,eligible_land,ELIGIBLE,CIVIC_CENTER_ANCHOR_V1_2026-09-09,WGS84_GEODESIC_DIRECT,7,1.0,in_country,0,,,,,SED_GEO_ELIGIBILITY_CENSUS_2025_V1
MKT006_MAPORG_W3,MKT006,Bakersfield,CA,maps_organic,MAPORG13_V1,W3,W 3 mi,270,3,35.3727683,-119.0725699,True,False,True,eligible_land,ELIGIBLE,CIVIC_CENTER_ANCHOR_V1_2026-09-09,WGS84_GEODESIC_DIRECT,7,1.0,in_country,0,,,,,SED_GEO_ELIGIBILITY_CENSUS_2025_V1
MKT006_MAPORG_N5,MKT006,Bakersfield,CA,maps_organic,MAPORG13_V1,N5,N 5 mi,0,5,35.4453069,-119.01944,True,True,False,eligible_land,ELIGIBLE,CIVIC_CENTER_ANCHOR_V1_2026-09-09,WGS84_GEODESIC_DIRECT,7,1.0,in_country,0,,,,,SED_GEO_ELIGIBILITY_CENSUS_2025_V1
MKT006_MAPORG_E5,MKT006,Bakersfield,CA,maps_organic,MAPORG13_V1,E5,E 5 mi,90,5,35.3727476,-118.9308902,True,True,False,eligible_land,ELIGIBLE,CIVIC_CENTER_ANCHOR_V1_2026-09-09,WGS84_GEODESIC_DIRECT,7,1.0,in_country,0,,,,,SED_GEO_ELIGIBILITY_CENSUS_2025_V1
MKT006_MAPORG_S5,MKT006,Bakersfield,CA,maps_organic,MAPORG13_V1,S5,S 5 mi,180,5,35.3002522,-119.01944,True,True,False,eligible_land,ELIGIBLE,CIVIC_CENTER_ANCHOR_V1_2026-09-09,WGS84_GEODESIC_DIRECT,7,1.0,in_country,0,,,,,SED_GEO_ELIGIBILITY_CENSUS_2025_V1
MKT006_MAPORG_W5,MKT006,Bakersfield,CA,maps_organic,MAPORG13_V1,W5,W 5 mi,270,5,35.3727476,-119.1079898,True,True,False,eligible_land,ELIGIBLE,CIVIC_CENTER_ANCHOR_V1_2026-09-09,WGS84_GEODESIC_DIRECT,7,1.0,in_country,0,,,,,SED_GEO_ELIGIBILITY_CENSUS_2025_V1
MKT006_AIO_C,MKT006,Bakersfield,CA,aio,AIO9_V1,C,center,,0,35.37278,-119.01944,True,,False,eligible_land,ELIGIBLE,CIVIC_CENTER_ANCHOR_V1_2026-09-09,WGS84_GEODESIC_DIRECT,7,1.0,in_country,0,,,,,SED_GEO_ELIGIBILITY_CENSUS_2025_V1
MKT006_AIO_N2P5,MKT006,Bakersfield,CA,aio,AIO9_V1,N2P5,N 2.5 mi,0,2.5,35.4090436,-119.01944,True,,False,eligible_land,ELIGIBLE,CIVIC_CENTER_ANCHOR_V1_2026-09-09,WGS84_GEODESIC_DIRECT,7,1.0,in_country,0,,,,,SED_GEO_ELIGIBILITY_CENSUS_2025_V1
MKT006_AIO_E2P5,MKT006,Bakersfield,CA,aio,AIO9_V1,E2P5,E 2.5 mi,90,2.5,35.3727719,-118.9751651,True,,False,eligible_land,ELIGIBLE,CIVIC_CENTER_ANCHOR_V1_2026-09-09,WGS84_GEODESIC_DIRECT,7,1.0,in_country,0,,,,,SED_GEO_ELIGIBILITY_CENSUS_2025_V1
MKT006_AIO_S2P5,MKT006,Bakersfield,CA,aio,AIO9_V1,S2P5,S 2.5 mi,180,2.5,35.3365162,-119.01944,True,,False,eligible_land,ELIGIBLE,CIVIC_CENTER_ANCHOR_V1_2026-09-09,WGS84_GEODESIC_DIRECT,7,1.0,in_country,0,,,,,SED_GEO_ELIGIBILITY_CENSUS_2025_V1
MKT006_AIO_W2P5,MKT006,Bakersfield,CA,aio,AIO9_V1,W2P5,W 2.5 mi,270,2.5,35.3727719,-119.0637149,True,,False,eligible_land,ELIGIBLE,CIVIC_CENTER_ANCHOR_V1_2026-09-09,WGS84_GEODESIC_DIRECT,7,1.0,in_country,0,,,,,SED_GEO_ELIGIBILITY_CENSUS_2025_V1
MKT006_AIO_N5,MKT006,Bakersfield,CA,aio,AIO9_V1,N5,N 5 mi,0,5,35.4453069,-119.01944,True,,False,eligible_land,ELIGIBLE,CIVIC_CENTER_ANCHOR_V1_2026-09-09,WGS84_GEODESIC_DIRECT,7,1.0,in_country,0,,,,,SED_GEO_ELIGIBILITY_CENSUS_2025_V1
MKT006_AIO_E5,MKT006,Bakersfield,CA,aio,AIO9_V1,E5,E 5 mi,90,5,35.3727476,-118.9308902,True,,False,eligible_land,ELIGIBLE,CIVIC_CENTER_ANCHOR_V1_2026-09-09,WGS84_GEODESIC_DIRECT,7,1.0,in_country,0,,,,,SED_GEO_ELIGIBILITY_CENSUS_2025_V1
MKT006_AIO_S5,MKT006,Bakersfield,CA,aio,AIO9_V1,S5,S 5 mi,180,5,35.3002522,-119.01944,True,,False,eligible_land,ELIGIBLE,CIVIC_CENTER_ANCHOR_V1_2026-09-09,WGS84_GEODESIC_DIRECT,7,1.0,in_country,0,,,,,SED_GEO_ELIGIBILITY_CENSUS_2025_V1
MKT006_AIO_W5,MKT006,Bakersfield,CA,aio,AIO9_V1,W5,W 5 mi,270,5,35.3727476,-119.1079898,True,,False,eligible_land,ELIGIBLE,CIVIC_CENTER_ANCHOR_V1_2026-09-09,WGS84_GEODESIC_DIRECT,7,1.0,in_country,0,,,,,SED_GEO_ELIGIBILITY_CENSUS_2025_V1
MKT007_MAPORG_C,MKT007,Portland,OR,maps_organic,MAPORG13_V1,C,center,,0,45.515014,-122.67911,True,True,False,eligible_land,ELIGIBLE,CIVIC_CENTER_ANCHOR_V1_2026-09-09,WGS84_GEODESIC_DIRECT,7,1.0,in_country,0,,,,,SED_GEO_ELIGIBILITY_CENSUS_2025_V1
MKT007_MAPORG_N1,MKT007,Portland,OR,maps_organic,MAPORG13_V1,N1,N 1 mi,0,1,45.5294941,-122.67911,True,True,False,eligible_land,ELIGIBLE,CIVIC_CENTER_ANCHOR_V1_2026-09-09,WGS84_GEODESIC_DIRECT,7,1.0,in_country,0,,,,,SED_GEO_ELIGIBILITY_CENSUS_2025_V1
MKT007_MAPORG_E1,MKT007,Portland,OR,maps_organic,MAPORG13_V1,E1,E 1 mi,90,1,45.5150121,-122.6585136,True,True,False,eligible_land,ELIGIBLE,CIVIC_CENTER_ANCHOR_V1_2026-09-09,WGS84_GEODESIC_DIRECT,7,1.0,in_country,0,,,,,SED_GEO_ELIGIBILITY_CENSUS_2025_V1
MKT007_MAPORG_S1,MKT007,Portland,OR,maps_organic,MAPORG13_V1,S1,S 1 mi,180,1,45.5005339,-122.67911,True,True,False,eligible_land,ELIGIBLE,CIVIC_CENTER_ANCHOR_V1_2026-09-09,WGS84_GEODESIC_DIRECT,7,1.0,in_country,0,,,,,SED_GEO_ELIGIBILITY_CENSUS_2025_V1
MKT007_MAPORG_W1,MKT007,Portland,OR,maps_organic,MAPORG13_V1,W1,W 1 mi,270,1,45.5150121,-122.6997064,True,True,False,eligible_land,ELIGIBLE,CIVIC_CENTER_ANCHOR_V1_2026-09-09,WGS84_GEODESIC_DIRECT,7,1.0,in_country,0,,,,,SED_GEO_ELIGIBILITY_CENSUS_2025_V1
MKT007_MAPORG_N3,MKT007,Portland,OR,maps_organic,MAPORG13_V1,N3,N 3 mi,0,3,45.5584541,-122.67911,True,False,True,eligible_land,ELIGIBLE,CIVIC_CENTER_ANCHOR_V1_2026-09-09,WGS84_GEODESIC_DIRECT,7,1.0,in_country,0,,,,,SED_GEO_ELIGIBILITY_CENSUS_2025_V1
MKT007_MAPORG_E3,MKT007,Portland,OR,maps_organic,MAPORG13_V1,E3,E 3 mi,90,3,45.5149973,-122.6173209,True,False,True,eligible_land,ELIGIBLE,CIVIC_CENTER_ANCHOR_V1_2026-09-09,WGS84_GEODESIC_DIRECT,7,1.0,in_country,0,,,,,SED_GEO_ELIGIBILITY_CENSUS_2025_V1
MKT007_MAPORG_S3,MKT007,Portland,OR,maps_organic,MAPORG13_V1,S3,S 3 mi,180,3,45.4715736,-122.67911,True,False,True,eligible_land,ELIGIBLE,CIVIC_CENTER_ANCHOR_V1_2026-09-09,WGS84_GEODESIC_DIRECT,7,1.0,in_country,0,,,,,SED_GEO_ELIGIBILITY_CENSUS_2025_V1
MKT007_MAPORG_W3,MKT007,Portland,OR,maps_organic,MAPORG13_V1,W3,W 3 mi,270,3,45.5149973,-122.7408991,True,False,True,eligible_land,ELIGIBLE,CIVIC_CENTER_ANCHOR_V1_2026-09-09,WGS84_GEODESIC_DIRECT,7,1.0,in_country,0,,,,,SED_GEO_ELIGIBILITY_CENSUS_2025_V1
MKT007_MAPORG_N5,MKT007,Portland,OR,maps_organic,MAPORG13_V1,N5,N 5 mi,0,5,45.587414,-122.67911,True,True,False,eligible_land,ELIGIBLE,CIVIC_CENTER_ANCHOR_V1_2026-09-09,WGS84_GEODESIC_DIRECT,7,1.0,in_country,0,,,,,SED_GEO_ELIGIBILITY_CENSUS_2025_V1
MKT007_MAPORG_E5,MKT007,Portland,OR,maps_organic,MAPORG13_V1,E5,E 5 mi,90,5,45.5149676,-122.5761282,True,True,False,eligible_land,ELIGIBLE,CIVIC_CENTER_ANCHOR_V1_2026-09-09,WGS84_GEODESIC_DIRECT,7,1.0,in_country,0,,,,,SED_GEO_ELIGIBILITY_CENSUS_2025_V1
MKT007_MAPORG_S5,MKT007,Portland,OR,maps_organic,MAPORG13_V1,S5,S 5 mi,180,5,45.4426131,-122.67911,True,True,False,eligible_land,ELIGIBLE,CIVIC_CENTER_ANCHOR_V1_2026-09-09,WGS84_GEODESIC_DIRECT,7,1.0,in_country,0,,,,,SED_GEO_ELIGIBILITY_CENSUS_2025_V1
MKT007_MAPORG_W5,MKT007,Portland,OR,maps_organic,MAPORG13_V1,W5,W 5 mi,270,5,45.5149676,-122.7820918,True,True,False,eligible_land,ELIGIBLE,CIVIC_CENTER_ANCHOR_V1_2026-09-09,WGS84_GEODESIC_DIRECT,7,1.0,in_country,0,,,,,SED_GEO_ELIGIBILITY_CENSUS_2025_V1
MKT007_AIO_C,MKT007,Portland,OR,aio,AIO9_V1,C,center,,0,45.515014,-122.67911,True,,False,eligible_land,ELIGIBLE,CIVIC_CENTER_ANCHOR_V1_2026-09-09,WGS84_GEODESIC_DIRECT,7,1.0,in_country,0,,,,,SED_GEO_ELIGIBILITY_CENSUS_2025_V1
MKT007_AIO_N2P5,MKT007,Portland,OR,aio,AIO9_V1,N2P5,N 2.5 mi,0,2.5,45.5512141,-122.67911,True,,False,eligible_land,ELIGIBLE,CIVIC_CENTER_ANCHOR_V1_2026-09-09,WGS84_GEODESIC_DIRECT,7,1.0,in_country,0,,,,,SED_GEO_ELIGIBILITY_CENSUS_2025_V1
MKT007_AIO_E2P5,MKT007,Portland,OR,aio,AIO9_V1,E2P5,E 2.5 mi,90,2.5,45.5150024,-122.6276191,True,,False,eligible_land,ELIGIBLE,CIVIC_CENTER_ANCHOR_V1_2026-09-09,WGS84_GEODESIC_DIRECT,7,1.0,in_country,0,,,,,SED_GEO_ELIGIBILITY_CENSUS_2025_V1
MKT007_AIO_S2P5,MKT007,Portland,OR,aio,AIO9_V1,S2P5,S 2.5 mi,180,2.5,45.4788137,-122.67911,True,,False,eligible_land,ELIGIBLE,CIVIC_CENTER_ANCHOR_V1_2026-09-09,WGS84_GEODESIC_DIRECT,7,1.0,in_country,0,,,,,SED_GEO_ELIGIBILITY_CENSUS_2025_V1
MKT007_AIO_W2P5,MKT007,Portland,OR,aio,AIO9_V1,W2P5,W 2.5 mi,270,2.5,45.5150024,-122.7306009,True,,False,eligible_land,ELIGIBLE,CIVIC_CENTER_ANCHOR_V1_2026-09-09,WGS84_GEODESIC_DIRECT,7,1.0,in_country,0,,,,,SED_GEO_ELIGIBILITY_CENSUS_2025_V1
MKT007_AIO_N5,MKT007,Portland,OR,aio,AIO9_V1,N5,N 5 mi,0,5,45.587414,-122.67911,True,,False,eligible_land,ELIGIBLE,CIVIC_CENTER_ANCHOR_V1_2026-09-09,WGS84_GEODESIC_DIRECT,7,1.0,in_country,0,,,,,SED_GEO_ELIGIBILITY_CENSUS_2025_V1
MKT007_AIO_E5,MKT007,Portland,OR,aio,AIO9_V1,E5,E 5 mi,90,5,45.5149676,-122.5761282,True,,False,eligible_land,ELIGIBLE,CIVIC_CENTER_ANCHOR_V1_2026-09-09,WGS84_GEODESIC_DIRECT,7,1.0,in_country,0,,,,,SED_GEO_ELIGIBILITY_CENSUS_2025_V1
MKT007_AIO_S5,MKT007,Portland,OR,aio,AIO9_V1,S5,S 5 mi,180,5,45.4426131,-122.67911,True,,False,eligible_land,ELIGIBLE,CIVIC_CENTER_ANCHOR_V1_2026-09-09,WGS84_GEODESIC_DIRECT,7,1.0,in_country,0,,,,,SED_GEO_ELIGIBILITY_CENSUS_2025_V1
MKT007_AIO_W5,MKT007,Portland,OR,aio,AIO9_V1,W5,W 5 mi,270,5,45.5149676,-122.7820918,True,,False,eligible_land,ELIGIBLE,CIVIC_CENTER_ANCHOR_V1_2026-09-09,WGS84_GEODESIC_DIRECT,7,1.0,in_country,0,,,,,SED_GEO_ELIGIBILITY_CENSUS_2025_V1
MKT008_MAPORG_C,MKT008,Vancouver,WA,maps_organic,MAPORG13_V1,C,center,,0,45.625655,-122.6754998,True,True,False,eligible_land,ELIGIBLE,CIVIC_CENTER_ANCHOR_V1_2026-09-09,WGS84_GEODESIC_DIRECT,7,1.0,in_country,0,,,,,SED_GEO_ELIGIBILITY_CENSUS_2025_V1
MKT008_MAPORG_N1,MKT008,Vancouver,WA,maps_organic,MAPORG13_V1,N1,N 1 mi,0,1,45.6401348,-122.6754998,True,True,False,eligible_land,ELIGIBLE,CIVIC_CENTER_ANCHOR_V1_2026-09-09,WGS84_GEODESIC_DIRECT,7,1.0,in_country,0,,,,,SED_GEO_ELIGIBILITY_CENSUS_2025_V1
MKT008_MAPORG_E1,MKT008,Vancouver,WA,maps_organic,MAPORG13_V1,E1,E 1 mi,90,1,45.6256531,-122.654863,True,True,False,eligible_land,ELIGIBLE,CIVIC_CENTER_ANCHOR_V1_2026-09-09,WGS84_GEODESIC_DIRECT,7,1.0,in_country,0,,,,,SED_GEO_ELIGIBILITY_CENSUS_2025_V1
MKT008_MAPORG_S1,MKT008,Vancouver,WA,maps_organic,MAPORG13_V1,S1,S 1 mi,180,1,45.6111752,-122.6754998,True,True,False,eligible_land,ELIGIBLE,CIVIC_CENTER_ANCHOR_V1_2026-09-09,WGS84_GEODESIC_DIRECT,7,1.0,in_country,0,,,,,SED_GEO_ELIGIBILITY_CENSUS_2025_V1
MKT008_MAPORG_W1,MKT008,Vancouver,WA,maps_organic,MAPORG13_V1,W1,W 1 mi,270,1,45.6256531,-122.6961366,True,True,False,structural_water_exclusion,STRUCTURAL_EXCLUSION,CIVIC_CENTER_ANCHOR_V1_2026-09-09,WGS84_GEODESIC_DIRECT,7,1.0,in_country,1,H3010,Columbia Riv,11038631935472,tl_2025_41051_areawater.zip,SED_GEO_ELIGIBILITY_CENSUS_2025_V1
MKT008_MAPORG_N3,MKT008,Vancouver,WA,maps_organic,MAPORG13_V1,N3,N 3 mi,0,3,45.6690943,-122.6754998,True,False,True,eligible_land,ELIGIBLE,CIVIC_CENTER_ANCHOR_V1_2026-09-09,WGS84_GEODESIC_DIRECT,7,1.0,in_country,0,,,,,SED_GEO_ELIGIBILITY_CENSUS_2025_V1
MKT008_MAPORG_E3,MKT008,Vancouver,WA,maps_organic,MAPORG13_V1,E3,E 3 mi,90,3,45.6256382,-122.6135893,True,False,True,eligible_land,ELIGIBLE,CIVIC_CENTER_ANCHOR_V1_2026-09-09,WGS84_GEODESIC_DIRECT,7,1.0,in_country,0,,,,,SED_GEO_ELIGIBILITY_CENSUS_2025_V1
MKT008_MAPORG_S3,MKT008,Vancouver,WA,maps_organic,MAPORG13_V1,S3,S 3 mi,180,3,45.5822154,-122.6754998,True,False,True,eligible_land,ELIGIBLE,CIVIC_CENTER_ANCHOR_V1_2026-09-09,WGS84_GEODESIC_DIRECT,7,1.0,in_country,0,,,,,SED_GEO_ELIGIBILITY_CENSUS_2025_V1
MKT008_MAPORG_W3,MKT008,Vancouver,WA,maps_organic,MAPORG13_V1,W3,W 3 mi,270,3,45.6256382,-122.7374103,True,False,True,eligible_land,ELIGIBLE,CIVIC_CENTER_ANCHOR_V1_2026-09-09,WGS84_GEODESIC_DIRECT,7,1.0,in_country,0,,,,,SED_GEO_ELIGIBILITY_CENSUS_2025_V1
MKT008_MAPORG_N5,MKT008,Vancouver,WA,maps_organic,MAPORG13_V1,N5,N 5 mi,0,5,45.6980536,-122.6754998,True,True,False,eligible_land,ELIGIBLE,CIVIC_CENTER_ANCHOR_V1_2026-09-09,WGS84_GEODESIC_DIRECT,7,1.0,in_country,0,,,,,SED_GEO_ELIGIBILITY_CENSUS_2025_V1
MKT008_MAPORG_E5,MKT008,Vancouver,WA,maps_organic,MAPORG13_V1,E5,E 5 mi,90,5,45.6256084,-122.5723156,True,True,False,eligible_land,ELIGIBLE,CIVIC_CENTER_ANCHOR_V1_2026-09-09,WGS84_GEODESIC_DIRECT,7,1.0,in_country,0,,,,,SED_GEO_ELIGIBILITY_CENSUS_2025_V1
MKT008_MAPORG_S5,MKT008,Vancouver,WA,maps_organic,MAPORG13_V1,S5,S 5 mi,180,5,45.5532555,-122.6754998,True,True,False,eligible_land,ELIGIBLE,CIVIC_CENTER_ANCHOR_V1_2026-09-09,WGS84_GEODESIC_DIRECT,7,1.0,in_country,0,,,,,SED_GEO_ELIGIBILITY_CENSUS_2025_V1
MKT008_MAPORG_W5,MKT008,Vancouver,WA,maps_organic,MAPORG13_V1,W5,W 5 mi,270,5,45.6256084,-122.778684,True,True,False,eligible_land,ELIGIBLE,CIVIC_CENTER_ANCHOR_V1_2026-09-09,WGS84_GEODESIC_DIRECT,7,1.0,in_country,0,,,,,SED_GEO_ELIGIBILITY_CENSUS_2025_V1
MKT008_AIO_C,MKT008,Vancouver,WA,aio,AIO9_V1,C,center,,0,45.625655,-122.6754998,True,,False,eligible_land,ELIGIBLE,CIVIC_CENTER_ANCHOR_V1_2026-09-09,WGS84_GEODESIC_DIRECT,7,1.0,in_country,0,,,,,SED_GEO_ELIGIBILITY_CENSUS_2025_V1
MKT008_AIO_N2P5,MKT008,Vancouver,WA,aio,AIO9_V1,N2P5,N 2.5 mi,0,2.5,45.6618544,-122.6754998,True,,False,eligible_land,ELIGIBLE,CIVIC_CENTER_ANCHOR_V1_2026-09-09,WGS84_GEODESIC_DIRECT,7,1.0,in_country,0,,,,,SED_GEO_ELIGIBILITY_CENSUS_2025_V1
MKT008_AIO_E2P5,MKT008,Vancouver,WA,aio,AIO9_V1,E2P5,E 2.5 mi,90,2.5,45.6256434,-122.6239077,True,,False,eligible_land,ELIGIBLE,CIVIC_CENTER_ANCHOR_V1_2026-09-09,WGS84_GEODESIC_DIRECT,7,1.0,in_country,0,,,,,SED_GEO_ELIGIBILITY_CENSUS_2025_V1
MKT008_AIO_S2P5,MKT008,Vancouver,WA,aio,AIO9_V1,S2P5,S 2.5 mi,180,2.5,45.5894554,-122.6754998,True,,False,eligible_land,ELIGIBLE,CIVIC_CENTER_ANCHOR_V1_2026-09-09,WGS84_GEODESIC_DIRECT,7,1.0,in_country,0,,,,,SED_GEO_ELIGIBILITY_CENSUS_2025_V1
MKT008_AIO_W2P5,MKT008,Vancouver,WA,aio,AIO9_V1,W2P5,W 2.5 mi,270,2.5,45.6256434,-122.7270919,True,,False,structural_water_exclusion,STRUCTURAL_EXCLUSION,CIVIC_CENTER_ANCHOR_V1_2026-09-09,WGS84_GEODESIC_DIRECT,7,1.0,in_country,1,H3010,Columbia Riv,11038631935472,tl_2025_41051_areawater.zip,SED_GEO_ELIGIBILITY_CENSUS_2025_V1
MKT008_AIO_N5,MKT008,Vancouver,WA,aio,AIO9_V1,N5,N 5 mi,0,5,45.6980536,-122.6754998,True,,False,eligible_land,ELIGIBLE,CIVIC_CENTER_ANCHOR_V1_2026-09-09,WGS84_GEODESIC_DIRECT,7,1.0,in_country,0,,,,,SED_GEO_ELIGIBILITY_CENSUS_2025_V1
MKT008_AIO_E5,MKT008,Vancouver,WA,aio,AIO9_V1,E5,E 5 mi,90,5,45.6256084,-122.5723156,True,,False,eligible_land,ELIGIBLE,CIVIC_CENTER_ANCHOR_V1_2026-09-09,WGS84_GEODESIC_DIRECT,7,1.0,in_country,0,,,,,SED_GEO_ELIGIBILITY_CENSUS_2025_V1
MKT008_AIO_S5,MKT008,Vancouver,WA,aio,AIO9_V1,S5,S 5 mi,180,5,45.5532555,-122.6754998,True,,False,eligible_land,ELIGIBLE,CIVIC_CENTER_ANCHOR_V1_2026-09-09,WGS84_GEODESIC_DIRECT,7,1.0,in_country,0,,,,,SED_GEO_ELIGIBILITY_CENSUS_2025_V1
MKT008_AIO_W5,MKT008,Vancouver,WA,aio,AIO9_V1,W5,W 5 mi,270,5,45.6256084,-122.778684,True,,False,eligible_land,ELIGIBLE,CIVIC_CENTER_ANCHOR_V1_2026-09-09,WGS84_GEODESIC_DIRECT,7,1.0,in_country,0,,,,,SED_GEO_ELIGIBILITY_CENSUS_2025_V1
MKT009_MAPORG_C,MKT009,Seattle,WA,maps_organic,MAPORG13_V1,C,center,,0,47.603878,-122.330001,True,True,False,eligible_land,ELIGIBLE,CIVIC_CENTER_ANCHOR_V1_2026-09-09,WGS84_GEODESIC_DIRECT,7,1.0,in_country,0,,,,,SED_GEO_ELIGIBILITY_CENSUS_2025_V1
MKT009_MAPORG_N1,MKT009,Seattle,WA,maps_organic,MAPORG13_V1,N1,N 1 mi,0,1,47.6183528,-122.330001,True,True,False,eligible_land,ELIGIBLE,CIVIC_CENTER_ANCHOR_V1_2026-09-09,WGS84_GEODESIC_DIRECT,7,1.0,in_country,0,,,,,SED_GEO_ELIGIBILITY_CENSUS_2025_V1
MKT009_MAPORG_E1,MKT009,Seattle,WA,maps_organic,MAPORG13_V1,E1,E 1 mi,90,1,47.603876,-122.3085987,True,True,False,eligible_land,ELIGIBLE,CIVIC_CENTER_ANCHOR_V1_2026-09-09,WGS84_GEODESIC_DIRECT,7,1.0,in_country,0,,,,,SED_GEO_ELIGIBILITY_CENSUS_2025_V1
MKT009_MAPORG_S1,MKT009,Seattle,WA,maps_organic,MAPORG13_V1,S1,S 1 mi,180,1,47.5894032,-122.330001,True,True,False,eligible_land,ELIGIBLE,CIVIC_CENTER_ANCHOR_V1_2026-09-09,WGS84_GEODESIC_DIRECT,7,1.0,in_country,0,,,,,SED_GEO_ELIGIBILITY_CENSUS_2025_V1
MKT009_MAPORG_W1,MKT009,Seattle,WA,maps_organic,MAPORG13_V1,W1,W 1 mi,270,1,47.603876,-122.3514033,True,True,False,structural_water_exclusion,STRUCTURAL_EXCLUSION,CIVIC_CENTER_ANCHOR_V1_2026-09-09,WGS84_GEODESIC_DIRECT,7,1.0,in_country,1,H2051,Salish Sea,1105319154157,tl_2025_53033_areawater.zip,SED_GEO_ELIGIBILITY_CENSUS_2025_V1
MKT009_MAPORG_N3,MKT009,Seattle,WA,maps_organic,MAPORG13_V1,N3,N 3 mi,0,3,47.6473022,-122.330001,True,False,True,structural_water_exclusion,STRUCTURAL_EXCLUSION,CIVIC_CENTER_ANCHOR_V1_2026-09-09,WGS84_GEODESIC_DIRECT,7,1.0,in_country,1,H2030,Lk Union,110855771038,tl_2025_53033_areawater.zip,SED_GEO_ELIGIBILITY_CENSUS_2025_V1
MKT009_MAPORG_E3,MKT009,Seattle,WA,maps_organic,MAPORG13_V1,E3,E 3 mi,90,3,47.60386,-122.265794,True,False,True,structural_water_exclusion,STRUCTURAL_EXCLUSION,CIVIC_CENTER_ANCHOR_V1_2026-09-09,WGS84_GEODESIC_DIRECT,7,1.0,in_country,1,H2030,Lk Washington,110855771295,tl_2025_53033_areawater.zip,SED_GEO_ELIGIBILITY_CENSUS_2025_V1
MKT009_MAPORG_S3,MKT009,Seattle,WA,maps_organic,MAPORG13_V1,S3,S 3 mi,180,3,47.5604535,-122.330001,True,False,True,eligible_land,ELIGIBLE,CIVIC_CENTER_ANCHOR_V1_2026-09-09,WGS84_GEODESIC_DIRECT,7,1.0,in_country,0,,,,,SED_GEO_ELIGIBILITY_CENSUS_2025_V1
MKT009_MAPORG_W3,MKT009,Seattle,WA,maps_organic,MAPORG13_V1,W3,W 3 mi,270,3,47.60386,-122.394208,True,False,True,structural_water_exclusion,STRUCTURAL_EXCLUSION,CIVIC_CENTER_ANCHOR_V1_2026-09-09,WGS84_GEODESIC_DIRECT,7,1.0,in_country,2,H2051,Puget Sound;Salish Sea,1105319154157;110855771316,tl_2025_53033_areawater.zip,SED_GEO_ELIGIBILITY_CENSUS_2025_V1
MKT009_MAPORG_N5,MKT009,Seattle,WA,maps_organic,MAPORG13_V1,N5,N 5 mi,0,5,47.6762514,-122.330001,True,True,False,eligible_land,ELIGIBLE,CIVIC_CENTER_ANCHOR_V1_2026-09-09,WGS84_GEODESIC_DIRECT,7,1.0,in_country,0,,,,,SED_GEO_ELIGIBILITY_CENSUS_2025_V1
MKT009_MAPORG_E5,MKT009,Seattle,WA,maps_organic,MAPORG13_V1,E5,E 5 mi,90,5,47.6038281,-122.2229895,True,True,False,structural_water_exclusion,STRUCTURAL_EXCLUSION,CIVIC_CENTER_ANCHOR_V1_2026-09-09,WGS84_GEODESIC_DIRECT,7,1.0,in_country,1,H2030,Lk Washington,110855771295,tl_2025_53033_areawater.zip,SED_GEO_ELIGIBILITY_CENSUS_2025_V1
MKT009_MAPORG_S5,MKT009,Seattle,WA,maps_organic,MAPORG13_V1,S5,S 5 mi,180,5,47.5315036,-122.330001,True,True,False,eligible_land,ELIGIBLE,CIVIC_CENTER_ANCHOR_V1_2026-09-09,WGS84_GEODESIC_DIRECT,7,1.0,in_country,0,,,,,SED_GEO_ELIGIBILITY_CENSUS_2025_V1
MKT009_MAPORG_W5,MKT009,Seattle,WA,maps_organic,MAPORG13_V1,W5,W 5 mi,270,5,47.6038281,-122.4370125,True,True,False,structural_water_exclusion,STRUCTURAL_EXCLUSION,CIVIC_CENTER_ANCHOR_V1_2026-09-09,WGS84_GEODESIC_DIRECT,7,1.0,in_country,2,H2051,Puget Sound;Salish Sea,1105319154157;110855771316,tl_2025_53033_areawater.zip,SED_GEO_ELIGIBILITY_CENSUS_2025_V1
MKT009_AIO_C,MKT009,Seattle,WA,aio,AIO9_V1,C,center,,0,47.603878,-122.330001,True,,False,eligible_land,ELIGIBLE,CIVIC_CENTER_ANCHOR_V1_2026-09-09,WGS84_GEODESIC_DIRECT,7,1.0,in_country,0,,,,,SED_GEO_ELIGIBILITY_CENSUS_2025_V1
MKT009_AIO_N2P5,MKT009,Seattle,WA,aio,AIO9_V1,N2P5,N 2.5 mi,0,2.5,47.6400648,-122.330001,True,,False,eligible_land,ELIGIBLE,CIVIC_CENTER_ANCHOR_V1_2026-09-09,WGS84_GEODESIC_DIRECT,7,1.0,in_country,0,,,,,SED_GEO_ELIGIBILITY_CENSUS_2025_V1
MKT009_AIO_E2P5,MKT009,Seattle,WA,aio,AIO9_V1,E2P5,E 2.5 mi,90,2.5,47.6038655,-122.2764952,True,,False,structural_water_exclusion,STRUCTURAL_EXCLUSION,CIVIC_CENTER_ANCHOR_V1_2026-09-09,WGS84_GEODESIC_DIRECT,7,1.0,in_country,1,H2030,Lk Washington,110855771295,tl_2025_53033_areawater.zip,SED_GEO_ELIGIBILITY_CENSUS_2025_V1
MKT009_AIO_S2P5,MKT009,Seattle,WA,aio,AIO9_V1,S2P5,S 2.5 mi,180,2.5,47.5676909,-122.330001,True,,False,eligible_land,ELIGIBLE,CIVIC_CENTER_ANCHOR_V1_2026-09-09,WGS84_GEODESIC_DIRECT,7,1.0,in_country,0,,,,,SED_GEO_ELIGIBILITY_CENSUS_2025_V1
MKT009_AIO_W2P5,MKT009,Seattle,WA,aio,AIO9_V1,W2P5,W 2.5 mi,270,2.5,47.6038655,-122.3835068,True,,False,structural_water_exclusion,STRUCTURAL_EXCLUSION,CIVIC_CENTER_ANCHOR_V1_2026-09-09,WGS84_GEODESIC_DIRECT,7,1.0,in_country,1,H2051,Salish Sea,1105319154157,tl_2025_53033_areawater.zip,SED_GEO_ELIGIBILITY_CENSUS_2025_V1
MKT009_AIO_N5,MKT009,Seattle,WA,aio,AIO9_V1,N5,N 5 mi,0,5,47.6762514,-122.330001,True,,False,eligible_land,ELIGIBLE,CIVIC_CENTER_ANCHOR_V1_2026-09-09,WGS84_GEODESIC_DIRECT,7,1.0,in_country,0,,,,,SED_GEO_ELIGIBILITY_CENSUS_2025_V1
MKT009_AIO_E5,MKT009,Seattle,WA,aio,AIO9_V1,E5,E 5 mi,90,5,47.6038281,-122.2229895,True,,False,structural_water_exclusion,STRUCTURAL_EXCLUSION,CIVIC_CENTER_ANCHOR_V1_2026-09-09,WGS84_GEODESIC_DIRECT,7,1.0,in_country,1,H2030,Lk Washington,110855771295,tl_2025_53033_areawater.zip,SED_GEO_ELIGIBILITY_CENSUS_2025_V1
MKT009_AIO_S5,MKT009,Seattle,WA,aio,AIO9_V1,S5,S 5 mi,180,5,47.5315036,-122.330001,True,,False,eligible_land,ELIGIBLE,CIVIC_CENTER_ANCHOR_V1_2026-09-09,WGS84_GEODESIC_DIRECT,7,1.0,in_country,0,,,,,SED_GEO_ELIGIBILITY_CENSUS_2025_V1
MKT009_AIO_W5,MKT009,Seattle,WA,aio,AIO9_V1,W5,W 5 mi,270,5,47.6038281,-122.4370125,True,,False,structural_water_exclusion,STRUCTURAL_EXCLUSION,CIVIC_CENTER_ANCHOR_V1_2026-09-09,WGS84_GEODESIC_DIRECT,7,1.0,in_country,2,H2051,Puget Sound;Salish Sea,1105319154157;110855771316,tl_2025_53033_areawater.zip,SED_GEO_ELIGIBILITY_CENSUS_2025_V1
MKT010_MAPORG_C,MKT010,Spokane,WA,maps_organic,MAPORG13_V1,C,center,,0,47.65981,-117.42253,True,True,False,eligible_land,ELIGIBLE,CIVIC_CENTER_ANCHOR_V1_2026-09-09,WGS84_GEODESIC_DIRECT,7,1.0,in_country,0,,,,,SED_GEO_ELIGIBILITY_CENSUS_2025_V1
MKT010_MAPORG_N1,MKT010,Spokane,WA,maps_organic,MAPORG13_V1,N1,N 1 mi,0,1,47.6742846,-117.42253,True,True,False,eligible_land,ELIGIBLE,CIVIC_CENTER_ANCHOR_V1_2026-09-09,WGS84_GEODESIC_DIRECT,7,1.0,in_country,0,,,,,SED_GEO_ELIGIBILITY_CENSUS_2025_V1
MKT010_MAPORG_E1,MKT010,Spokane,WA,maps_organic,MAPORG13_V1,E1,E 1 mi,90,1,47.659808,-117.4011048,True,True,False,eligible_land,ELIGIBLE,CIVIC_CENTER_ANCHOR_V1_2026-09-09,WGS84_GEODESIC_DIRECT,7,1.0,in_country,0,,,,,SED_GEO_ELIGIBILITY_CENSUS_2025_V1
MKT010_MAPORG_S1,MKT010,Spokane,WA,maps_organic,MAPORG13_V1,S1,S 1 mi,180,1,47.6453353,-117.42253,True,True,False,eligible_land,ELIGIBLE,CIVIC_CENTER_ANCHOR_V1_2026-09-09,WGS84_GEODESIC_DIRECT,7,1.0,in_country,0,,,,,SED_GEO_ELIGIBILITY_CENSUS_2025_V1
MKT010_MAPORG_W1,MKT010,Spokane,WA,maps_organic,MAPORG13_V1,W1,W 1 mi,270,1,47.659808,-117.4439552,True,True,False,eligible_land,ELIGIBLE,CIVIC_CENTER_ANCHOR_V1_2026-09-09,WGS84_GEODESIC_DIRECT,7,1.0,in_country,0,,,,,SED_GEO_ELIGIBILITY_CENSUS_2025_V1
MKT010_MAPORG_N3,MKT010,Spokane,WA,maps_organic,MAPORG13_V1,N3,N 3 mi,0,3,47.7032338,-117.42253,True,False,True,eligible_land,ELIGIBLE,CIVIC_CENTER_ANCHOR_V1_2026-09-09,WGS84_GEODESIC_DIRECT,7,1.0,in_country,0,,,,,SED_GEO_ELIGIBILITY_CENSUS_2025_V1
MKT010_MAPORG_E3,MKT010,Spokane,WA,maps_organic,MAPORG13_V1,E3,E 3 mi,90,3,47.659792,-117.3582545,True,False,True,eligible_land,ELIGIBLE,CIVIC_CENTER_ANCHOR_V1_2026-09-09,WGS84_GEODESIC_DIRECT,7,1.0,in_country,0,,,,,SED_GEO_ELIGIBILITY_CENSUS_2025_V1
MKT010_MAPORG_S3,MKT010,Spokane,WA,maps_organic,MAPORG13_V1,S3,S 3 mi,180,3,47.6163859,-117.42253,True,False,True,eligible_land,ELIGIBLE,CIVIC_CENTER_ANCHOR_V1_2026-09-09,WGS84_GEODESIC_DIRECT,7,1.0,in_country,0,,,,,SED_GEO_ELIGIBILITY_CENSUS_2025_V1
MKT010_MAPORG_W3,MKT010,Spokane,WA,maps_organic,MAPORG13_V1,W3,W 3 mi,270,3,47.659792,-117.4868055,True,False,True,eligible_land,ELIGIBLE,CIVIC_CENTER_ANCHOR_V1_2026-09-09,WGS84_GEODESIC_DIRECT,7,1.0,in_country,0,,,,,SED_GEO_ELIGIBILITY_CENSUS_2025_V1
MKT010_MAPORG_N5,MKT010,Spokane,WA,maps_organic,MAPORG13_V1,N5,N 5 mi,0,5,47.7321827,-117.42253,True,True,False,eligible_land,ELIGIBLE,CIVIC_CENTER_ANCHOR_V1_2026-09-09,WGS84_GEODESIC_DIRECT,7,1.0,in_country,0,,,,,SED_GEO_ELIGIBILITY_CENSUS_2025_V1
MKT010_MAPORG_E5,MKT010,Spokane,WA,maps_organic,MAPORG13_V1,E5,E 5 mi,90,5,47.65976,-117.3154042,True,True,False,eligible_land,ELIGIBLE,CIVIC_CENTER_ANCHOR_V1_2026-09-09,WGS84_GEODESIC_DIRECT,7,1.0,in_country,0,,,,,SED_GEO_ELIGIBILITY_CENSUS_2025_V1
MKT010_MAPORG_S5,MKT010,Spokane,WA,maps_organic,MAPORG13_V1,S5,S 5 mi,180,5,47.5874363,-117.42253,True,True,False,eligible_land,ELIGIBLE,CIVIC_CENTER_ANCHOR_V1_2026-09-09,WGS84_GEODESIC_DIRECT,7,1.0,in_country,0,,,,,SED_GEO_ELIGIBILITY_CENSUS_2025_V1
MKT010_MAPORG_W5,MKT010,Spokane,WA,maps_organic,MAPORG13_V1,W5,W 5 mi,270,5,47.65976,-117.5296558,True,True,False,eligible_land,ELIGIBLE,CIVIC_CENTER_ANCHOR_V1_2026-09-09,WGS84_GEODESIC_DIRECT,7,1.0,in_country,0,,,,,SED_GEO_ELIGIBILITY_CENSUS_2025_V1
MKT010_AIO_C,MKT010,Spokane,WA,aio,AIO9_V1,C,center,,0,47.65981,-117.42253,True,,False,eligible_land,ELIGIBLE,CIVIC_CENTER_ANCHOR_V1_2026-09-09,WGS84_GEODESIC_DIRECT,7,1.0,in_country,0,,,,,SED_GEO_ELIGIBILITY_CENSUS_2025_V1
MKT010_AIO_N2P5,MKT010,Spokane,WA,aio,AIO9_V1,N2P5,N 2.5 mi,0,2.5,47.6959965,-117.42253,True,,False,eligible_land,ELIGIBLE,CIVIC_CENTER_ANCHOR_V1_2026-09-09,WGS84_GEODESIC_DIRECT,7,1.0,in_country,0,,,,,SED_GEO_ELIGIBILITY_CENSUS_2025_V1
MKT010_AIO_E2P5,MKT010,Spokane,WA,aio,AIO9_V1,E2P5,E 2.5 mi,90,2.5,47.6597975,-117.3689671,True,,False,eligible_land,ELIGIBLE,CIVIC_CENTER_ANCHOR_V1_2026-09-09,WGS84_GEODESIC_DIRECT,7,1.0,in_country,0,,,,,SED_GEO_ELIGIBILITY_CENSUS_2025_V1
MKT010_AIO_S2P5,MKT010,Spokane,WA,aio,AIO9_V1,S2P5,S 2.5 mi,180,2.5,47.6236233,-117.42253,True,,False,eligible_land,ELIGIBLE,CIVIC_CENTER_ANCHOR_V1_2026-09-09,WGS84_GEODESIC_DIRECT,7,1.0,in_country,0,,,,,SED_GEO_ELIGIBILITY_CENSUS_2025_V1
MKT010_AIO_W2P5,MKT010,Spokane,WA,aio,AIO9_V1,W2P5,W 2.5 mi,270,2.5,47.6597975,-117.4760929,True,,False,eligible_land,ELIGIBLE,CIVIC_CENTER_ANCHOR_V1_2026-09-09,WGS84_GEODESIC_DIRECT,7,1.0,in_country,0,,,,,SED_GEO_ELIGIBILITY_CENSUS_2025_V1
MKT010_AIO_N5,MKT010,Spokane,WA,aio,AIO9_V1,N5,N 5 mi,0,5,47.7321827,-117.42253,True,,False,eligible_land,ELIGIBLE,CIVIC_CENTER_ANCHOR_V1_2026-09-09,WGS84_GEODESIC_DIRECT,7,1.0,in_country,0,,,,,SED_GEO_ELIGIBILITY_CENSUS_2025_V1
MKT010_AIO_E5,MKT010,Spokane,WA,aio,AIO9_V1,E5,E 5 mi,90,5,47.65976,-117.3154042,True,,False,eligible_land,ELIGIBLE,CIVIC_CENTER_ANCHOR_V1_2026-09-09,WGS84_GEODESIC_DIRECT,7,1.0,in_country,0,,,,,SED_GEO_ELIGIBILITY_CENSUS_2025_V1
MKT010_AIO_S5,MKT010,Spokane,WA,aio,AIO9_V1,S5,S 5 mi,180,5,47.5874363,-117.42253,True,,False,eligible_land,ELIGIBLE,CIVIC_CENTER_ANCHOR_V1_2026-09-09,WGS84_GEODESIC_DIRECT,7,1.0,in_country,0,,,,,SED_GEO_ELIGIBILITY_CENSUS_2025_V1
MKT010_AIO_W5,MKT010,Spokane,WA,aio,AIO9_V1,W5,W 5 mi,270,5,47.65976,-117.5296558,True,,False,eligible_land,ELIGIBLE,CIVIC_CENTER_ANCHOR_V1_2026-09-09,WGS84_GEODESIC_DIRECT,7,1.0,in_country,0,,,,,SED_GEO_ELIGIBILITY_CENSUS_2025_V1
MKT011_MAPORG_C,MKT011,Phoenix,AZ,maps_organic,MAPORG13_V1,C,center,,0,33.44879,-112.0771,True,True,False,eligible_land,ELIGIBLE,CIVIC_CENTER_ANCHOR_V1_2026-09-09,WGS84_GEODESIC_DIRECT,7,1.0,in_country,0,,,,,SED_GEO_ELIGIBILITY_CENSUS_2025_V1
MKT011_MAPORG_N1,MKT011,Phoenix,AZ,maps_organic,MAPORG13_V1,N1,N 1 mi,0,1,33.4633,-112.0771,True,True,False,eligible_land,ELIGIBLE,CIVIC_CENTER_ANCHOR_V1_2026-09-09,WGS84_GEODESIC_DIRECT,7,1.0,in_country,0,,,,,SED_GEO_ELIGIBILITY_CENSUS_2025_V1
MKT011_MAPORG_E1,MKT011,Phoenix,AZ,maps_organic,MAPORG13_V1,E1,E 1 mi,90,1,33.4487888,-112.059791,True,True,False,eligible_land,ELIGIBLE,CIVIC_CENTER_ANCHOR_V1_2026-09-09,WGS84_GEODESIC_DIRECT,7,1.0,in_country,0,,,,,SED_GEO_ELIGIBILITY_CENSUS_2025_V1
MKT011_MAPORG_S1,MKT011,Phoenix,AZ,maps_organic,MAPORG13_V1,S1,S 1 mi,180,1,33.4342799,-112.0771,True,True,False,eligible_land,ELIGIBLE,CIVIC_CENTER_ANCHOR_V1_2026-09-09,WGS84_GEODESIC_DIRECT,7,1.0,in_country,0,,,,,SED_GEO_ELIGIBILITY_CENSUS_2025_V1
MKT011_MAPORG_W1,MKT011,Phoenix,AZ,maps_organic,MAPORG13_V1,W1,W 1 mi,270,1,33.4487888,-112.094409,True,True,False,eligible_land,ELIGIBLE,CIVIC_CENTER_ANCHOR_V1_2026-09-09,WGS84_GEODESIC_DIRECT,7,1.0,in_country,0,,,,,SED_GEO_ELIGIBILITY_CENSUS_2025_V1
MKT011_MAPORG_N3,MKT011,Phoenix,AZ,maps_organic,MAPORG13_V1,N3,N 3 mi,0,3,33.49232,-112.0771,True,False,True,eligible_land,ELIGIBLE,CIVIC_CENTER_ANCHOR_V1_2026-09-09,WGS84_GEODESIC_DIRECT,7,1.0,in_country,0,,,,,SED_GEO_ELIGIBILITY_CENSUS_2025_V1
MKT011_MAPORG_E3,MKT011,Phoenix,AZ,maps_organic,MAPORG13_V1,E3,E 3 mi,90,3,33.4487791,-112.025173,True,False,True,eligible_land,ELIGIBLE,CIVIC_CENTER_ANCHOR_V1_2026-09-09,WGS84_GEODESIC_DIRECT,7,1.0,in_country,0,,,,,SED_GEO_ELIGIBILITY_CENSUS_2025_V1
MKT011_MAPORG_S3,MKT011,Phoenix,AZ,maps_organic,MAPORG13_V1,S3,S 3 mi,180,3,33.4052597,-112.0771,True,False,True,eligible_land,ELIGIBLE,CIVIC_CENTER_ANCHOR_V1_2026-09-09,WGS84_GEODESIC_DIRECT,7,1.0,in_country,0,,,,,SED_GEO_ELIGIBILITY_CENSUS_2025_V1
MKT011_MAPORG_W3,MKT011,Phoenix,AZ,maps_organic,MAPORG13_V1,W3,W 3 mi,270,3,33.4487791,-112.129027,True,False,True,eligible_land,ELIGIBLE,CIVIC_CENTER_ANCHOR_V1_2026-09-09,WGS84_GEODESIC_DIRECT,7,1.0,in_country,0,,,,,SED_GEO_ELIGIBILITY_CENSUS_2025_V1
MKT011_MAPORG_N5,MKT011,Phoenix,AZ,maps_organic,MAPORG13_V1,N5,N 5 mi,0,5,33.5213398,-112.0771,True,True,False,eligible_land,ELIGIBLE,CIVIC_CENTER_ANCHOR_V1_2026-09-09,WGS84_GEODESIC_DIRECT,7,1.0,in_country,0,,,,,SED_GEO_ELIGIBILITY_CENSUS_2025_V1
MKT011_MAPORG_E5,MKT011,Phoenix,AZ,maps_organic,MAPORG13_V1,E5,E 5 mi,90,5,33.4487598,-111.990555,True,True,False,eligible_land,ELIGIBLE,CIVIC_CENTER_ANCHOR_V1_2026-09-09,WGS84_GEODESIC_DIRECT,7,1.0,in_country,0,,,,,SED_GEO_ELIGIBILITY_CENSUS_2025_V1
MKT011_MAPORG_S5,MKT011,Phoenix,AZ,maps_organic,MAPORG13_V1,S5,S 5 mi,180,5,33.3762394,-112.0771,True,True,False,eligible_land,ELIGIBLE,CIVIC_CENTER_ANCHOR_V1_2026-09-09,WGS84_GEODESIC_DIRECT,7,1.0,in_country,0,,,,,SED_GEO_ELIGIBILITY_CENSUS_2025_V1
MKT011_MAPORG_W5,MKT011,Phoenix,AZ,maps_organic,MAPORG13_V1,W5,W 5 mi,270,5,33.4487598,-112.163645,True,True,False,eligible_land,ELIGIBLE,CIVIC_CENTER_ANCHOR_V1_2026-09-09,WGS84_GEODESIC_DIRECT,7,1.0,in_country,0,,,,,SED_GEO_ELIGIBILITY_CENSUS_2025_V1
MKT011_AIO_C,MKT011,Phoenix,AZ,aio,AIO9_V1,C,center,,0,33.44879,-112.0771,True,,False,eligible_land,ELIGIBLE,CIVIC_CENTER_ANCHOR_V1_2026-09-09,WGS84_GEODESIC_DIRECT,7,1.0,in_country,0,,,,,SED_GEO_ELIGIBILITY_CENSUS_2025_V1
MKT011_AIO_N2P5,MKT011,Phoenix,AZ,aio,AIO9_V1,N2P5,N 2.5 mi,0,2.5,33.485065,-112.0771,True,,False,eligible_land,ELIGIBLE,CIVIC_CENTER_ANCHOR_V1_2026-09-09,WGS84_GEODESIC_DIRECT,7,1.0,in_country,0,,,,,SED_GEO_ELIGIBILITY_CENSUS_2025_V1
MKT011_AIO_E2P5,MKT011,Phoenix,AZ,aio,AIO9_V1,E2P5,E 2.5 mi,90,2.5,33.4487824,-112.0338275,True,,False,eligible_land,ELIGIBLE,CIVIC_CENTER_ANCHOR_V1_2026-09-09,WGS84_GEODESIC_DIRECT,7,1.0,in_country,0,,,,,SED_GEO_ELIGIBILITY_CENSUS_2025_V1
MKT011_AIO_S2P5,MKT011,Phoenix,AZ,aio,AIO9_V1,S2P5,S 2.5 mi,180,2.5,33.4125148,-112.0771,True,,False,eligible_land,ELIGIBLE,CIVIC_CENTER_ANCHOR_V1_2026-09-09,WGS84_GEODESIC_DIRECT,7,1.0,in_country,0,,,,,SED_GEO_ELIGIBILITY_CENSUS_2025_V1
MKT011_AIO_W2P5,MKT011,Phoenix,AZ,aio,AIO9_V1,W2P5,W 2.5 mi,270,2.5,33.4487824,-112.1203725,True,,False,eligible_land,ELIGIBLE,CIVIC_CENTER_ANCHOR_V1_2026-09-09,WGS84_GEODESIC_DIRECT,7,1.0,in_country,0,,,,,SED_GEO_ELIGIBILITY_CENSUS_2025_V1
MKT011_AIO_N5,MKT011,Phoenix,AZ,aio,AIO9_V1,N5,N 5 mi,0,5,33.5213398,-112.0771,True,,False,eligible_land,ELIGIBLE,CIVIC_CENTER_ANCHOR_V1_2026-09-09,WGS84_GEODESIC_DIRECT,7,1.0,in_country,0,,,,,SED_GEO_ELIGIBILITY_CENSUS_2025_V1
MKT011_AIO_E5,MKT011,Phoenix,AZ,aio,AIO9_V1,E5,E 5 mi,90,5,33.4487598,-111.990555,True,,False,eligible_land,ELIGIBLE,CIVIC_CENTER_ANCHOR_V1_2026-09-09,WGS84_GEODESIC_DIRECT,7,1.0,in_country,0,,,,,SED_GEO_ELIGIBILITY_CENSUS_2025_V1
MKT011_AIO_S5,MKT011,Phoenix,AZ,aio,AIO9_V1,S5,S 5 mi,180,5,33.3762394,-112.0771,True,,False,eligible_land,ELIGIBLE,CIVIC_CENTER_ANCHOR_V1_2026-09-09,WGS84_GEODESIC_DIRECT,7,1.0,in_country,0,,,,,SED_GEO_ELIGIBILITY_CENSUS_2025_V1
MKT011_AIO_W5,MKT011,Phoenix,AZ,aio,AIO9_V1,W5,W 5 mi,270,5,33.4487598,-112.163645,True,,False,eligible_land,ELIGIBLE,CIVIC_CENTER_ANCHOR_V1_2026-09-09,WGS84_GEODESIC_DIRECT,7,1.0,in_country,0,,,,,SED_GEO_ELIGIBILITY_CENSUS_2025_V1
MKT012_MAPORG_C,MKT012,Tucson,AZ,maps_organic,MAPORG13_V1,C,center,,0,32.22257,-110.97476,True,True,False,eligible_land,ELIGIBLE,CIVIC_CENTER_ANCHOR_V1_2026-09-09,WGS84_GEODESIC_DIRECT,7,1.0,in_country,0,,,,,SED_GEO_ELIGIBILITY_CENSUS_2025_V1
MKT012_MAPORG_N1,MKT012,Tucson,AZ,maps_organic,MAPORG13_V1,N1,N 1 mi,0,1,32.2370829,-110.97476,True,True,False,eligible_land,ELIGIBLE,CIVIC_CENTER_ANCHOR_V1_2026-09-09,WGS84_GEODESIC_DIRECT,7,1.0,in_country,0,,,,,SED_GEO_ELIGIBILITY_CENSUS_2025_V1
MKT012_MAPORG_E1,MKT012,Tucson,AZ,maps_organic,MAPORG13_V1,E1,E 1 mi,90,1,32.2225688,-110.9576873,True,True,False,eligible_land,ELIGIBLE,CIVIC_CENTER_ANCHOR_V1_2026-09-09,WGS84_GEODESIC_DIRECT,7,1.0,in_country,0,,,,,SED_GEO_ELIGIBILITY_CENSUS_2025_V1
MKT012_MAPORG_S1,MKT012,Tucson,AZ,maps_organic,MAPORG13_V1,S1,S 1 mi,180,1,32.2080571,-110.97476,True,True,False,eligible_land,ELIGIBLE,CIVIC_CENTER_ANCHOR_V1_2026-09-09,WGS84_GEODESIC_DIRECT,7,1.0,in_country,0,,,,,SED_GEO_ELIGIBILITY_CENSUS_2025_V1
MKT012_MAPORG_W1,MKT012,Tucson,AZ,maps_organic,MAPORG13_V1,W1,W 1 mi,270,1,32.2225688,-110.9918327,True,True,False,eligible_land,ELIGIBLE,CIVIC_CENTER_ANCHOR_V1_2026-09-09,WGS84_GEODESIC_DIRECT,7,1.0,in_country,0,,,,,SED_GEO_ELIGIBILITY_CENSUS_2025_V1
MKT012_MAPORG_N3,MKT012,Tucson,AZ,maps_organic,MAPORG13_V1,N3,N 3 mi,0,3,32.2661085,-110.97476,True,False,True,eligible_land,ELIGIBLE,CIVIC_CENTER_ANCHOR_V1_2026-09-09,WGS84_GEODESIC_DIRECT,7,1.0,in_country,0,,,,,SED_GEO_ELIGIBILITY_CENSUS_2025_V1
MKT012_MAPORG_E3,MKT012,Tucson,AZ,maps_organic,MAPORG13_V1,E3,E 3 mi,90,3,32.2225596,-110.9235419,True,False,True,eligible_land,ELIGIBLE,CIVIC_CENTER_ANCHOR_V1_2026-09-09,WGS84_GEODESIC_DIRECT,7,1.0,in_country,0,,,,,SED_GEO_ELIGIBILITY_CENSUS_2025_V1
MKT012_MAPORG_S3,MKT012,Tucson,AZ,maps_organic,MAPORG13_V1,S3,S 3 mi,180,3,32.1790312,-110.97476,True,False,True,eligible_land,ELIGIBLE,CIVIC_CENTER_ANCHOR_V1_2026-09-09,WGS84_GEODESIC_DIRECT,7,1.0,in_country,0,,,,,SED_GEO_ELIGIBILITY_CENSUS_2025_V1
MKT012_MAPORG_W3,MKT012,Tucson,AZ,maps_organic,MAPORG13_V1,W3,W 3 mi,270,3,32.2225596,-111.0259781,True,False,True,eligible_land,ELIGIBLE,CIVIC_CENTER_ANCHOR_V1_2026-09-09,WGS84_GEODESIC_DIRECT,7,1.0,in_country,0,,,,,SED_GEO_ELIGIBILITY_CENSUS_2025_V1
MKT012_MAPORG_N5,MKT012,Tucson,AZ,maps_organic,MAPORG13_V1,N5,N 5 mi,0,5,32.295134,-110.97476,True,True,False,eligible_land,ELIGIBLE,CIVIC_CENTER_ANCHOR_V1_2026-09-09,WGS84_GEODESIC_DIRECT,7,1.0,in_country,0,,,,,SED_GEO_ELIGIBILITY_CENSUS_2025_V1
MKT012_MAPORG_E5,MKT012,Tucson,AZ,maps_organic,MAPORG13_V1,E5,E 5 mi,90,5,32.2225412,-110.8893965,True,True,False,eligible_land,ELIGIBLE,CIVIC_CENTER_ANCHOR_V1_2026-09-09,WGS84_GEODESIC_DIRECT,7,1.0,in_country,0,,,,,SED_GEO_ELIGIBILITY_CENSUS_2025_V1
MKT012_MAPORG_S5,MKT012,Tucson,AZ,maps_organic,MAPORG13_V1,S5,S 5 mi,180,5,32.1500052,-110.97476,True,True,False,eligible_land,ELIGIBLE,CIVIC_CENTER_ANCHOR_V1_2026-09-09,WGS84_GEODESIC_DIRECT,7,1.0,in_country,0,,,,,SED_GEO_ELIGIBILITY_CENSUS_2025_V1
MKT012_MAPORG_W5,MKT012,Tucson,AZ,maps_organic,MAPORG13_V1,W5,W 5 mi,270,5,32.2225412,-111.0601235,True,True,False,eligible_land,ELIGIBLE,CIVIC_CENTER_ANCHOR_V1_2026-09-09,WGS84_GEODESIC_DIRECT,7,1.0,in_country,0,,,,,SED_GEO_ELIGIBILITY_CENSUS_2025_V1
MKT012_AIO_C,MKT012,Tucson,AZ,aio,AIO9_V1,C,center,,0,32.22257,-110.97476,True,,False,eligible_land,ELIGIBLE,CIVIC_CENTER_ANCHOR_V1_2026-09-09,WGS84_GEODESIC_DIRECT,7,1.0,in_country,0,,,,,SED_GEO_ELIGIBILITY_CENSUS_2025_V1
MKT012_AIO_N2P5,MKT012,Tucson,AZ,aio,AIO9_V1,N2P5,N 2.5 mi,0,2.5,32.2588521,-110.97476,True,,False,eligible_land,ELIGIBLE,CIVIC_CENTER_ANCHOR_V1_2026-09-09,WGS84_GEODESIC_DIRECT,7,1.0,in_country,0,,,,,SED_GEO_ELIGIBILITY_CENSUS_2025_V1
MKT012_AIO_E2P5,MKT012,Tucson,AZ,aio,AIO9_V1,E2P5,E 2.5 mi,90,2.5,32.2225628,-110.9320782,True,,False,eligible_land,ELIGIBLE,CIVIC_CENTER_ANCHOR_V1_2026-09-09,WGS84_GEODESIC_DIRECT,7,1.0,in_country,0,,,,,SED_GEO_ELIGIBILITY_CENSUS_2025_V1
MKT012_AIO_S2P5,MKT012,Tucson,AZ,aio,AIO9_V1,S2P5,S 2.5 mi,180,2.5,32.1862877,-110.97476,True,,False,eligible_land,ELIGIBLE,CIVIC_CENTER_ANCHOR_V1_2026-09-09,WGS84_GEODESIC_DIRECT,7,1.0,in_country,0,,,,,SED_GEO_ELIGIBILITY_CENSUS_2025_V1
MKT012_AIO_W2P5,MKT012,Tucson,AZ,aio,AIO9_V1,W2P5,W 2.5 mi,270,2.5,32.2225628,-111.0174418,True,,False,eligible_land,ELIGIBLE,CIVIC_CENTER_ANCHOR_V1_2026-09-09,WGS84_GEODESIC_DIRECT,7,1.0,in_country,0,,,,,SED_GEO_ELIGIBILITY_CENSUS_2025_V1
MKT012_AIO_N5,MKT012,Tucson,AZ,aio,AIO9_V1,N5,N 5 mi,0,5,32.295134,-110.97476,True,,False,eligible_land,ELIGIBLE,CIVIC_CENTER_ANCHOR_V1_2026-09-09,WGS84_GEODESIC_DIRECT,7,1.0,in_country,0,,,,,SED_GEO_ELIGIBILITY_CENSUS_2025_V1
MKT012_AIO_E5,MKT012,Tucson,AZ,aio,AIO9_V1,E5,E 5 mi,90,5,32.2225412,-110.8893965,True,,False,eligible_land,ELIGIBLE,CIVIC_CENTER_ANCHOR_V1_2026-09-09,WGS84_GEODESIC_DIRECT,7,1.0,in_country,0,,,,,SED_GEO_ELIGIBILITY_CENSUS_2025_V1
MKT012_AIO_S5,MKT012,Tucson,AZ,aio,AIO9_V1,S5,S 5 mi,180,5,32.1500052,-110.97476,True,,False,eligible_land,ELIGIBLE,CIVIC_CENTER_ANCHOR_V1_2026-09-09,WGS84_GEODESIC_DIRECT,7,1.0,in_country,0,,,,,SED_GEO_ELIGIBILITY_CENSUS_2025_V1
MKT012_AIO_W5,MKT012,Tucson,AZ,aio,AIO9_V1,W5,W 5 mi,270,5,32.2225412,-111.0601235,True,,False,eligible_land,ELIGIBLE,CIVIC_CENTER_ANCHOR_V1_2026-09-09,WGS84_GEODESIC_DIRECT,7,1.0,in_country,0,,,,,SED_GEO_ELIGIBILITY_CENSUS_2025_V1
MKT013_MAPORG_C,MKT013,Las Vegas,NV,maps_organic,MAPORG13_V1,C,center,,0,36.16739,-115.1485,True,True,False,eligible_land,ELIGIBLE,CIVIC_CENTER_ANCHOR_V1_2026-09-09,WGS84_GEODESIC_DIRECT,7,1.0,in_country,0,,,,,SED_GEO_ELIGIBILITY_CENSUS_2025_V1
MKT013_MAPORG_N1,MKT013,Las Vegas,NV,maps_organic,MAPORG13_V1,N1,N 1 mi,0,1,36.1818935,-115.1485,True,True,False,eligible_land,ELIGIBLE,CIVIC_CENTER_ANCHOR_V1_2026-09-09,WGS84_GEODESIC_DIRECT,7,1.0,in_country,0,,,,,SED_GEO_ELIGIBILITY_CENSUS_2025_V1
MKT013_MAPORG_E1,MKT013,Las Vegas,NV,maps_organic,MAPORG13_V1,E1,E 1 mi,90,1,36.1673887,-115.130613,True,True,False,eligible_land,ELIGIBLE,CIVIC_CENTER_ANCHOR_V1_2026-09-09,WGS84_GEODESIC_DIRECT,7,1.0,in_country,0,,,,,SED_GEO_ELIGIBILITY_CENSUS_2025_V1
MKT013_MAPORG_S1,MKT013,Las Vegas,NV,maps_organic,MAPORG13_V1,S1,S 1 mi,180,1,36.1528864,-115.1485,True,True,False,eligible_land,ELIGIBLE,CIVIC_CENTER_ANCHOR_V1_2026-09-09,WGS84_GEODESIC_DIRECT,7,1.0,in_country,0,,,,,SED_GEO_ELIGIBILITY_CENSUS_2025_V1
MKT013_MAPORG_W1,MKT013,Las Vegas,NV,maps_organic,MAPORG13_V1,W1,W 1 mi,270,1,36.1673887,-115.166387,True,True,False,eligible_land,ELIGIBLE,CIVIC_CENTER_ANCHOR_V1_2026-09-09,WGS84_GEODESIC_DIRECT,7,1.0,in_country,0,,,,,SED_GEO_ELIGIBILITY_CENSUS_2025_V1
MKT013_MAPORG_N3,MKT013,Las Vegas,NV,maps_organic,MAPORG13_V1,N3,N 3 mi,0,3,36.2109005,-115.1485,True,False,True,eligible_land,ELIGIBLE,CIVIC_CENTER_ANCHOR_V1_2026-09-09,WGS84_GEODESIC_DIRECT,7,1.0,in_country,0,,,,,SED_GEO_ELIGIBILITY_CENSUS_2025_V1
MKT013_MAPORG_E3,MKT013,Las Vegas,NV,maps_organic,MAPORG13_V1,E3,E 3 mi,90,3,36.167378,-115.094839,True,False,True,eligible_land,ELIGIBLE,CIVIC_CENTER_ANCHOR_V1_2026-09-09,WGS84_GEODESIC_DIRECT,7,1.0,in_country,0,,,,,SED_GEO_ELIGIBILITY_CENSUS_2025_V1
MKT013_MAPORG_S3,MKT013,Las Vegas,NV,maps_organic,MAPORG13_V1,S3,S 3 mi,180,3,36.1238792,-115.1485,True,False,True,eligible_land,ELIGIBLE,CIVIC_CENTER_ANCHOR_V1_2026-09-09,WGS84_GEODESIC_DIRECT,7,1.0,in_country,0,,,,,SED_GEO_ELIGIBILITY_CENSUS_2025_V1
MKT013_MAPORG_W3,MKT013,Las Vegas,NV,maps_organic,MAPORG13_V1,W3,W 3 mi,270,3,36.167378,-115.202161,True,False,True,eligible_land,ELIGIBLE,CIVIC_CENTER_ANCHOR_V1_2026-09-09,WGS84_GEODESIC_DIRECT,7,1.0,in_country,0,,,,,SED_GEO_ELIGIBILITY_CENSUS_2025_V1
MKT013_MAPORG_N5,MKT013,Las Vegas,NV,maps_organic,MAPORG13_V1,N5,N 5 mi,0,5,36.2399073,-115.1485,True,True,False,eligible_land,ELIGIBLE,CIVIC_CENTER_ANCHOR_V1_2026-09-09,WGS84_GEODESIC_DIRECT,7,1.0,in_country,0,,,,,SED_GEO_ELIGIBILITY_CENSUS_2025_V1
MKT013_MAPORG_E5,MKT013,Las Vegas,NV,maps_organic,MAPORG13_V1,E5,E 5 mi,90,5,36.1673566,-115.059065,True,True,False,eligible_land,ELIGIBLE,CIVIC_CENTER_ANCHOR_V1_2026-09-09,WGS84_GEODESIC_DIRECT,7,1.0,in_country,0,,,,,SED_GEO_ELIGIBILITY_CENSUS_2025_V1
MKT013_MAPORG_S5,MKT013,Las Vegas,NV,maps_organic,MAPORG13_V1,S5,S 5 mi,180,5,36.0948718,-115.1485,True,True,False,eligible_land,ELIGIBLE,CIVIC_CENTER_ANCHOR_V1_2026-09-09,WGS84_GEODESIC_DIRECT,7,1.0,in_country,0,,,,,SED_GEO_ELIGIBILITY_CENSUS_2025_V1
MKT013_MAPORG_W5,MKT013,Las Vegas,NV,maps_organic,MAPORG13_V1,W5,W 5 mi,270,5,36.1673566,-115.237935,True,True,False,eligible_land,ELIGIBLE,CIVIC_CENTER_ANCHOR_V1_2026-09-09,WGS84_GEODESIC_DIRECT,7,1.0,in_country,0,,,,,SED_GEO_ELIGIBILITY_CENSUS_2025_V1
MKT013_AIO_C,MKT013,Las Vegas,NV,aio,AIO9_V1,C,center,,0,36.16739,-115.1485,True,,False,eligible_land,ELIGIBLE,CIVIC_CENTER_ANCHOR_V1_2026-09-09,WGS84_GEODESIC_DIRECT,7,1.0,in_country,0,,,,,SED_GEO_ELIGIBILITY_CENSUS_2025_V1
MKT013_AIO_N2P5,MKT013,Las Vegas,NV,aio,AIO9_V1,N2P5,N 2.5 mi,0,2.5,36.2036488,-115.1485,True,,False,eligible_land,ELIGIBLE,CIVIC_CENTER_ANCHOR_V1_2026-09-09,WGS84_GEODESIC_DIRECT,7,1.0,in_country,0,,,,,SED_GEO_ELIGIBILITY_CENSUS_2025_V1
MKT013_AIO_E2P5,MKT013,Las Vegas,NV,aio,AIO9_V1,E2P5,E 2.5 mi,90,2.5,36.1673816,-115.1037825,True,,False,eligible_land,ELIGIBLE,CIVIC_CENTER_ANCHOR_V1_2026-09-09,WGS84_GEODESIC_DIRECT,7,1.0,in_country,0,,,,,SED_GEO_ELIGIBILITY_CENSUS_2025_V1
MKT013_AIO_S2P5,MKT013,Las Vegas,NV,aio,AIO9_V1,S2P5,S 2.5 mi,180,2.5,36.131131,-115.1485,True,,False,eligible_land,ELIGIBLE,CIVIC_CENTER_ANCHOR_V1_2026-09-09,WGS84_GEODESIC_DIRECT,7,1.0,in_country,0,,,,,SED_GEO_ELIGIBILITY_CENSUS_2025_V1
MKT013_AIO_W2P5,MKT013,Las Vegas,NV,aio,AIO9_V1,W2P5,W 2.5 mi,270,2.5,36.1673816,-115.1932175,True,,False,eligible_land,ELIGIBLE,CIVIC_CENTER_ANCHOR_V1_2026-09-09,WGS84_GEODESIC_DIRECT,7,1.0,in_country,0,,,,,SED_GEO_ELIGIBILITY_CENSUS_2025_V1
MKT013_AIO_N5,MKT013,Las Vegas,NV,aio,AIO9_V1,N5,N 5 mi,0,5,36.2399073,-115.1485,True,,False,eligible_land,ELIGIBLE,CIVIC_CENTER_ANCHOR_V1_2026-09-09,WGS84_GEODESIC_DIRECT,7,1.0,in_country,0,,,,,SED_GEO_ELIGIBILITY_CENSUS_2025_V1
MKT013_AIO_E5,MKT013,Las Vegas,NV,aio,AIO9_V1,E5,E 5 mi,90,5,36.1673566,-115.059065,True,,False,eligible_land,ELIGIBLE,CIVIC_CENTER_ANCHOR_V1_2026-09-09,WGS84_GEODESIC_DIRECT,7,1.0,in_country,0,,,,,SED_GEO_ELIGIBILITY_CENSUS_2025_V1
MKT013_AIO_S5,MKT013,Las Vegas,NV,aio,AIO9_V1,S5,S 5 mi,180,5,36.0948718,-115.1485,True,,False,eligible_land,ELIGIBLE,CIVIC_CENTER_ANCHOR_V1_2026-09-09,WGS84_GEODESIC_DIRECT,7,1.0,in_country,0,,,,,SED_GEO_ELIGIBILITY_CENSUS_2025_V1
MKT013_AIO_W5,MKT013,Las Vegas,NV,aio,AIO9_V1,W5,W 5 mi,270,5,36.1673566,-115.237935,True,,False,eligible_land,ELIGIBLE,CIVIC_CENTER_ANCHOR_V1_2026-09-09,WGS84_GEODESIC_DIRECT,7,1.0,in_country,0,,,,,SED_GEO_ELIGIBILITY_CENSUS_2025_V1
MKT014_MAPORG_C,MKT014,Reno,NV,maps_organic,MAPORG13_V1,C,center,,0,39.52616,-119.81265,True,True,False,eligible_land,ELIGIBLE,CIVIC_CENTER_ANCHOR_V1_2026-09-09,WGS84_GEODESIC_DIRECT,7,1.0,in_country,0,,,,,SED_GEO_ELIGIBILITY_CENSUS_2025_V1
MKT014_MAPORG_N1,MKT014,Reno,NV,maps_organic,MAPORG13_V1,N1,N 1 mi,0,1,39.5406552,-119.81265,True,True,False,eligible_land,ELIGIBLE,CIVIC_CENTER_ANCHOR_V1_2026-09-09,WGS84_GEODESIC_DIRECT,7,1.0,in_country,0,,,,,SED_GEO_ELIGIBILITY_CENSUS_2025_V1
MKT014_MAPORG_E1,MKT014,Reno,NV,maps_organic,MAPORG13_V1,E1,E 1 mi,90,1,39.5261585,-119.7939326,True,True,False,eligible_land,ELIGIBLE,CIVIC_CENTER_ANCHOR_V1_2026-09-09,WGS84_GEODESIC_DIRECT,7,1.0,in_country,0,,,,,SED_GEO_ELIGIBILITY_CENSUS_2025_V1
MKT014_MAPORG_S1,MKT014,Reno,NV,maps_organic,MAPORG13_V1,S1,S 1 mi,180,1,39.5116647,-119.81265,True,True,False,eligible_land,ELIGIBLE,CIVIC_CENTER_ANCHOR_V1_2026-09-09,WGS84_GEODESIC_DIRECT,7,1.0,in_country,0,,,,,SED_GEO_ELIGIBILITY_CENSUS_2025_V1
MKT014_MAPORG_W1,MKT014,Reno,NV,maps_organic,MAPORG13_V1,W1,W 1 mi,270,1,39.5261585,-119.8313674,True,True,False,eligible_land,ELIGIBLE,CIVIC_CENTER_ANCHOR_V1_2026-09-09,WGS84_GEODESIC_DIRECT,7,1.0,in_country,0,,,,,SED_GEO_ELIGIBILITY_CENSUS_2025_V1
MKT014_MAPORG_N3,MKT014,Reno,NV,maps_organic,MAPORG13_V1,N3,N 3 mi,0,3,39.5696456,-119.81265,True,False,True,eligible_land,ELIGIBLE,CIVIC_CENTER_ANCHOR_V1_2026-09-09,WGS84_GEODESIC_DIRECT,7,1.0,in_country,0,,,,,SED_GEO_ELIGIBILITY_CENSUS_2025_V1
MKT014_MAPORG_E3,MKT014,Reno,NV,maps_organic,MAPORG13_V1,E3,E 3 mi,90,3,39.5261464,-119.7564978,True,False,True,eligible_land,ELIGIBLE,CIVIC_CENTER_ANCHOR_V1_2026-09-09,WGS84_GEODESIC_DIRECT,7,1.0,in_country,0,,,,,SED_GEO_ELIGIBILITY_CENSUS_2025_V1
MKT014_MAPORG_S3,MKT014,Reno,NV,maps_organic,MAPORG13_V1,S3,S 3 mi,180,3,39.4826741,-119.81265,True,False,True,eligible_land,ELIGIBLE,CIVIC_CENTER_ANCHOR_V1_2026-09-09,WGS84_GEODESIC_DIRECT,7,1.0,in_country,0,,,,,SED_GEO_ELIGIBILITY_CENSUS_2025_V1
MKT014_MAPORG_W3,MKT014,Reno,NV,maps_organic,MAPORG13_V1,W3,W 3 mi,270,3,39.5261464,-119.8688022,True,False,True,eligible_land,ELIGIBLE,CIVIC_CENTER_ANCHOR_V1_2026-09-09,WGS84_GEODESIC_DIRECT,7,1.0,in_country,0,,,,,SED_GEO_ELIGIBILITY_CENSUS_2025_V1
MKT014_MAPORG_N5,MKT014,Reno,NV,maps_organic,MAPORG13_V1,N5,N 5 mi,0,5,39.5986358,-119.81265,True,True,False,eligible_land,ELIGIBLE,CIVIC_CENTER_ANCHOR_V1_2026-09-09,WGS84_GEODESIC_DIRECT,7,1.0,in_country,0,,,,,SED_GEO_ELIGIBILITY_CENSUS_2025_V1
MKT014_MAPORG_E5,MKT014,Reno,NV,maps_organic,MAPORG13_V1,E5,E 5 mi,90,5,39.5261223,-119.719063,True,True,False,eligible_land,ELIGIBLE,CIVIC_CENTER_ANCHOR_V1_2026-09-09,WGS84_GEODESIC_DIRECT,7,1.0,in_country,0,,,,,SED_GEO_ELIGIBILITY_CENSUS_2025_V1
MKT014_MAPORG_S5,MKT014,Reno,NV,maps_organic,MAPORG13_V1,S5,S 5 mi,180,5,39.4536833,-119.81265,True,True,False,eligible_land,ELIGIBLE,CIVIC_CENTER_ANCHOR_V1_2026-09-09,WGS84_GEODESIC_DIRECT,7,1.0,in_country,0,,,,,SED_GEO_ELIGIBILITY_CENSUS_2025_V1
MKT014_MAPORG_W5,MKT014,Reno,NV,maps_organic,MAPORG13_V1,W5,W 5 mi,270,5,39.5261223,-119.906237,True,True,False,eligible_land,ELIGIBLE,CIVIC_CENTER_ANCHOR_V1_2026-09-09,WGS84_GEODESIC_DIRECT,7,1.0,in_country,0,,,,,SED_GEO_ELIGIBILITY_CENSUS_2025_V1
MKT014_AIO_C,MKT014,Reno,NV,aio,AIO9_V1,C,center,,0,39.52616,-119.81265,True,,False,eligible_land,ELIGIBLE,CIVIC_CENTER_ANCHOR_V1_2026-09-09,WGS84_GEODESIC_DIRECT,7,1.0,in_country,0,,,,,SED_GEO_ELIGIBILITY_CENSUS_2025_V1
MKT014_AIO_N2P5,MKT014,Reno,NV,aio,AIO9_V1,N2P5,N 2.5 mi,0,2.5,39.562398,-119.81265,True,,False,eligible_land,ELIGIBLE,CIVIC_CENTER_ANCHOR_V1_2026-09-09,WGS84_GEODESIC_DIRECT,7,1.0,in_country,0,,,,,SED_GEO_ELIGIBILITY_CENSUS_2025_V1
MKT014_AIO_E2P5,MKT014,Reno,NV,aio,AIO9_V1,E2P5,E 2.5 mi,90,2.5,39.5261506,-119.7658565,True,,False,eligible_land,ELIGIBLE,CIVIC_CENTER_ANCHOR_V1_2026-09-09,WGS84_GEODESIC_DIRECT,7,1.0,in_country,0,,,,,SED_GEO_ELIGIBILITY_CENSUS_2025_V1
MKT014_AIO_S2P5,MKT014,Reno,NV,aio,AIO9_V1,S2P5,S 2.5 mi,180,2.5,39.4899217,-119.81265,True,,False,eligible_land,ELIGIBLE,CIVIC_CENTER_ANCHOR_V1_2026-09-09,WGS84_GEODESIC_DIRECT,7,1.0,in_country,0,,,,,SED_GEO_ELIGIBILITY_CENSUS_2025_V1
MKT014_AIO_W2P5,MKT014,Reno,NV,aio,AIO9_V1,W2P5,W 2.5 mi,270,2.5,39.5261506,-119.8594435,True,,False,eligible_land,ELIGIBLE,CIVIC_CENTER_ANCHOR_V1_2026-09-09,WGS84_GEODESIC_DIRECT,7,1.0,in_country,0,,,,,SED_GEO_ELIGIBILITY_CENSUS_2025_V1
MKT014_AIO_N5,MKT014,Reno,NV,aio,AIO9_V1,N5,N 5 mi,0,5,39.5986358,-119.81265,True,,False,eligible_land,ELIGIBLE,CIVIC_CENTER_ANCHOR_V1_2026-09-09,WGS84_GEODESIC_DIRECT,7,1.0,in_country,0,,,,,SED_GEO_ELIGIBILITY_CENSUS_2025_V1
MKT014_AIO_E5,MKT014,Reno,NV,aio,AIO9_V1,E5,E 5 mi,90,5,39.5261223,-119.719063,True,,False,eligible_land,ELIGIBLE,CIVIC_CENTER_ANCHOR_V1_2026-09-09,WGS84_GEODESIC_DIRECT,7,1.0,in_country,0,,,,,SED_GEO_ELIGIBILITY_CENSUS_2025_V1
MKT014_AIO_S5,MKT014,Reno,NV,aio,AIO9_V1,S5,S 5 mi,180,5,39.4536833,-119.81265,True,,False,eligible_land,ELIGIBLE,CIVIC_CENTER_ANCHOR_V1_2026-09-09,WGS84_GEODESIC_DIRECT,7,1.0,in_country,0,,,,,SED_GEO_ELIGIBILITY_CENSUS_2025_V1
MKT014_AIO_W5,MKT014,Reno,NV,aio,AIO9_V1,W5,W 5 mi,270,5,39.5261223,-119.906237,True,,False,eligible_land,ELIGIBLE,CIVIC_CENTER_ANCHOR_V1_2026-09-09,WGS84_GEODESIC_DIRECT,7,1.0,in_country,0,,,,,SED_GEO_ELIGIBILITY_CENSUS_2025_V1
MKT015_MAPORG_C,MKT015,Salt Lake City,UT,maps_organic,MAPORG13_V1,C,center,,0,40.759583,-111.886806,True,True,False,eligible_land,ELIGIBLE,CIVIC_CENTER_ANCHOR_V1_2026-09-09,WGS84_GEODESIC_DIRECT,7,1.0,in_country,0,,,,,SED_GEO_ELIGIBILITY_CENSUS_2025_V1
MKT015_MAPORG_N1,MKT015,Salt Lake City,UT,maps_organic,MAPORG13_V1,N1,N 1 mi,0,1,40.7740751,-111.886806,True,True,False,eligible_land,ELIGIBLE,CIVIC_CENTER_ANCHOR_V1_2026-09-09,WGS84_GEODESIC_DIRECT,7,1.0,in_country,0,,,,,SED_GEO_ELIGIBILITY_CENSUS_2025_V1
MKT015_MAPORG_E1,MKT015,Salt Lake City,UT,maps_organic,MAPORG13_V1,E1,E 1 mi,90,1,40.7595814,-111.867747,True,True,False,eligible_land,ELIGIBLE,CIVIC_CENTER_ANCHOR_V1_2026-09-09,WGS84_GEODESIC_DIRECT,7,1.0,in_country,0,,,,,SED_GEO_ELIGIBILITY_CENSUS_2025_V1
MKT015_MAPORG_S1,MKT015,Salt Lake City,UT,maps_organic,MAPORG13_V1,S1,S 1 mi,180,1,40.7450908,-111.886806,True,True,False,eligible_land,ELIGIBLE,CIVIC_CENTER_ANCHOR_V1_2026-09-09,WGS84_GEODESIC_DIRECT,7,1.0,in_country,0,,,,,SED_GEO_ELIGIBILITY_CENSUS_2025_V1
MKT015_MAPORG_W1,MKT015,Salt Lake City,UT,maps_organic,MAPORG13_V1,W1,W 1 mi,270,1,40.7595814,-111.905865,True,True,False,eligible_land,ELIGIBLE,CIVIC_CENTER_ANCHOR_V1_2026-09-09,WGS84_GEODESIC_DIRECT,7,1.0,in_country,0,,,,,SED_GEO_ELIGIBILITY_CENSUS_2025_V1
MKT015_MAPORG_N3,MKT015,Salt Lake City,UT,maps_organic,MAPORG13_V1,N3,N 3 mi,0,3,40.8030593,-111.886806,True,False,True,eligible_land,ELIGIBLE,CIVIC_CENTER_ANCHOR_V1_2026-09-09,WGS84_GEODESIC_DIRECT,7,1.0,in_country,0,,,,,SED_GEO_ELIGIBILITY_CENSUS_2025_V1
MKT015_MAPORG_E3,MKT015,Salt Lake City,UT,maps_organic,MAPORG13_V1,E3,E 3 mi,90,3,40.7595688,-111.829629,True,False,True,eligible_land,ELIGIBLE,CIVIC_CENTER_ANCHOR_V1_2026-09-09,WGS84_GEODESIC_DIRECT,7,1.0,in_country,0,,,,,SED_GEO_ELIGIBILITY_CENSUS_2025_V1
MKT015_MAPORG_S3,MKT015,Salt Lake City,UT,maps_organic,MAPORG13_V1,S3,S 3 mi,180,3,40.7161063,-111.886806,True,False,True,eligible_land,ELIGIBLE,CIVIC_CENTER_ANCHOR_V1_2026-09-09,WGS84_GEODESIC_DIRECT,7,1.0,in_country,0,,,,,SED_GEO_ELIGIBILITY_CENSUS_2025_V1
MKT015_MAPORG_W3,MKT015,Salt Lake City,UT,maps_organic,MAPORG13_V1,W3,W 3 mi,270,3,40.7595688,-111.943983,True,False,True,eligible_land,ELIGIBLE,CIVIC_CENTER_ANCHOR_V1_2026-09-09,WGS84_GEODESIC_DIRECT,7,1.0,in_country,0,,,,,SED_GEO_ELIGIBILITY_CENSUS_2025_V1
MKT015_MAPORG_N5,MKT015,Salt Lake City,UT,maps_organic,MAPORG13_V1,N5,N 5 mi,0,5,40.8320434,-111.886806,True,True,False,eligible_land,ELIGIBLE,CIVIC_CENTER_ANCHOR_V1_2026-09-09,WGS84_GEODESIC_DIRECT,7,1.0,in_country,0,,,,,SED_GEO_ELIGIBILITY_CENSUS_2025_V1
MKT015_MAPORG_E5,MKT015,Salt Lake City,UT,maps_organic,MAPORG13_V1,E5,E 5 mi,90,5,40.7595437,-111.7915111,True,True,False,eligible_land,ELIGIBLE,CIVIC_CENTER_ANCHOR_V1_2026-09-09,WGS84_GEODESIC_DIRECT,7,1.0,in_country,0,,,,,SED_GEO_ELIGIBILITY_CENSUS_2025_V1
MKT015_MAPORG_S5,MKT015,Salt Lake City,UT,maps_organic,MAPORG13_V1,S5,S 5 mi,180,5,40.6871217,-111.886806,True,True,False,eligible_land,ELIGIBLE,CIVIC_CENTER_ANCHOR_V1_2026-09-09,WGS84_GEODESIC_DIRECT,7,1.0,in_country,0,,,,,SED_GEO_ELIGIBILITY_CENSUS_2025_V1
MKT015_MAPORG_W5,MKT015,Salt Lake City,UT,maps_organic,MAPORG13_V1,W5,W 5 mi,270,5,40.7595437,-111.9821009,True,True,False,eligible_land,ELIGIBLE,CIVIC_CENTER_ANCHOR_V1_2026-09-09,WGS84_GEODESIC_DIRECT,7,1.0,in_country,0,,,,,SED_GEO_ELIGIBILITY_CENSUS_2025_V1
MKT015_AIO_C,MKT015,Salt Lake City,UT,aio,AIO9_V1,C,center,,0,40.759583,-111.886806,True,,False,eligible_land,ELIGIBLE,CIVIC_CENTER_ANCHOR_V1_2026-09-09,WGS84_GEODESIC_DIRECT,7,1.0,in_country,0,,,,,SED_GEO_ELIGIBILITY_CENSUS_2025_V1
MKT015_AIO_N2P5,MKT015,Salt Lake City,UT,aio,AIO9_V1,N2P5,N 2.5 mi,0,2.5,40.7958133,-111.886806,True,,False,eligible_land,ELIGIBLE,CIVIC_CENTER_ANCHOR_V1_2026-09-09,WGS84_GEODESIC_DIRECT,7,1.0,in_country,0,,,,,SED_GEO_ELIGIBILITY_CENSUS_2025_V1
MKT015_AIO_E2P5,MKT015,Salt Lake City,UT,aio,AIO9_V1,E2P5,E 2.5 mi,90,2.5,40.7595732,-111.8391585,True,,False,eligible_land,ELIGIBLE,CIVIC_CENTER_ANCHOR_V1_2026-09-09,WGS84_GEODESIC_DIRECT,7,1.0,in_country,0,,,,,SED_GEO_ELIGIBILITY_CENSUS_2025_V1
MKT015_AIO_S2P5,MKT015,Salt Lake City,UT,aio,AIO9_V1,S2P5,S 2.5 mi,180,2.5,40.7233525,-111.886806,True,,False,eligible_land,ELIGIBLE,CIVIC_CENTER_ANCHOR_V1_2026-09-09,WGS84_GEODESIC_DIRECT,7,1.0,in_country,0,,,,,SED_GEO_ELIGIBILITY_CENSUS_2025_V1
MKT015_AIO_W2P5,MKT015,Salt Lake City,UT,aio,AIO9_V1,W2P5,W 2.5 mi,270,2.5,40.7595732,-111.9344535,True,,False,eligible_land,ELIGIBLE,CIVIC_CENTER_ANCHOR_V1_2026-09-09,WGS84_GEODESIC_DIRECT,7,1.0,in_country,0,,,,,SED_GEO_ELIGIBILITY_CENSUS_2025_V1
MKT015_AIO_N5,MKT015,Salt Lake City,UT,aio,AIO9_V1,N5,N 5 mi,0,5,40.8320434,-111.886806,True,,False,eligible_land,ELIGIBLE,CIVIC_CENTER_ANCHOR_V1_2026-09-09,WGS84_GEODESIC_DIRECT,7,1.0,in_country,0,,,,,SED_GEO_ELIGIBILITY_CENSUS_2025_V1
MKT015_AIO_E5,MKT015,Salt Lake City,UT,aio,AIO9_V1,E5,E 5 mi,90,5,40.7595437,-111.7915111,True,,False,eligible_land,ELIGIBLE,CIVIC_CENTER_ANCHOR_V1_2026-09-09,WGS84_GEODESIC_DIRECT,7,1.0,in_country,0,,,,,SED_GEO_ELIGIBILITY_CENSUS_2025_V1
MKT015_AIO_S5,MKT015,Salt Lake City,UT,aio,AIO9_V1,S5,S 5 mi,180,5,40.6871217,-111.886806,True,,False,eligible_land,ELIGIBLE,CIVIC_CENTER_ANCHOR_V1_2026-09-09,WGS84_GEODESIC_DIRECT,7,1.0,in_country,0,,,,,SED_GEO_ELIGIBILITY_CENSUS_2025_V1
MKT015_AIO_W5,MKT015,Salt Lake City,UT,aio,AIO9_V1,W5,W 5 mi,270,5,40.7595437,-111.9821009,True,,False,eligible_land,ELIGIBLE,CIVIC_CENTER_ANCHOR_V1_2026-09-09,WGS84_GEODESIC_DIRECT,7,1.0,in_country,0,,,,,SED_GEO_ELIGIBILITY_CENSUS_2025_V1
MKT016_MAPORG_C,MKT016,Denver,CO,maps_organic,MAPORG13_V1,C,center,,0,39.73944,-104.98889,True,True,False,eligible_land,ELIGIBLE,CIVIC_CENTER_ANCHOR_V1_2026-09-09,WGS84_GEODESIC_DIRECT,7,1.0,in_country,0,,,,,SED_GEO_ELIGIBILITY_CENSUS_2025_V1
MKT016_MAPORG_N1,MKT016,Denver,CO,maps_organic,MAPORG13_V1,N1,N 1 mi,0,1,39.7539347,-104.98889,True,True,False,eligible_land,ELIGIBLE,CIVIC_CENTER_ANCHOR_V1_2026-09-09,WGS84_GEODESIC_DIRECT,7,1.0,in_country,0,,,,,SED_GEO_ELIGIBILITY_CENSUS_2025_V1
MKT016_MAPORG_E1,MKT016,Denver,CO,maps_organic,MAPORG13_V1,E1,E 1 mi,90,1,39.7394385,-104.970115,True,True,False,eligible_land,ELIGIBLE,CIVIC_CENTER_ANCHOR_V1_2026-09-09,WGS84_GEODESIC_DIRECT,7,1.0,in_country,0,,,,,SED_GEO_ELIGIBILITY_CENSUS_2025_V1
MKT016_MAPORG_S1,MKT016,Denver,CO,maps_organic,MAPORG13_V1,S1,S 1 mi,180,1,39.7249453,-104.98889,True,True,False,eligible_land,ELIGIBLE,CIVIC_CENTER_ANCHOR_V1_2026-09-09,WGS84_GEODESIC_DIRECT,7,1.0,in_country,0,,,,,SED_GEO_ELIGIBILITY_CENSUS_2025_V1
MKT016_MAPORG_W1,MKT016,Denver,CO,maps_organic,MAPORG13_V1,W1,W 1 mi,270,1,39.7394385,-105.007665,True,True,False,eligible_land,ELIGIBLE,CIVIC_CENTER_ANCHOR_V1_2026-09-09,WGS84_GEODESIC_DIRECT,7,1.0,in_country,0,,,,,SED_GEO_ELIGIBILITY_CENSUS_2025_V1
MKT016_MAPORG_N3,MKT016,Denver,CO,maps_organic,MAPORG13_V1,N3,N 3 mi,0,3,39.782924,-104.98889,True,False,True,eligible_land,ELIGIBLE,CIVIC_CENTER_ANCHOR_V1_2026-09-09,WGS84_GEODESIC_DIRECT,7,1.0,in_country,0,,,,,SED_GEO_ELIGIBILITY_CENSUS_2025_V1
MKT016_MAPORG_E3,MKT016,Denver,CO,maps_organic,MAPORG13_V1,E3,E 3 mi,90,3,39.7394263,-104.9325651,True,False,True,eligible_land,ELIGIBLE,CIVIC_CENTER_ANCHOR_V1_2026-09-09,WGS84_GEODESIC_DIRECT,7,1.0,in_country,0,,,,,SED_GEO_ELIGIBILITY_CENSUS_2025_V1
MKT016_MAPORG_S3,MKT016,Denver,CO,maps_organic,MAPORG13_V1,S3,S 3 mi,180,3,39.6959557,-104.98889,True,False,True,eligible_land,ELIGIBLE,CIVIC_CENTER_ANCHOR_V1_2026-09-09,WGS84_GEODESIC_DIRECT,7,1.0,in_country,0,,,,,SED_GEO_ELIGIBILITY_CENSUS_2025_V1
MKT016_MAPORG_W3,MKT016,Denver,CO,maps_organic,MAPORG13_V1,W3,W 3 mi,270,3,39.7394263,-105.0452149,True,False,True,eligible_land,ELIGIBLE,CIVIC_CENTER_ANCHOR_V1_2026-09-09,WGS84_GEODESIC_DIRECT,7,1.0,in_country,0,,,,,SED_GEO_ELIGIBILITY_CENSUS_2025_V1
MKT016_MAPORG_N5,MKT016,Denver,CO,maps_organic,MAPORG13_V1,N5,N 5 mi,0,5,39.8119132,-104.98889,True,True,False,eligible_land,ELIGIBLE,CIVIC_CENTER_ANCHOR_V1_2026-09-09,WGS84_GEODESIC_DIRECT,7,1.0,in_country,0,,,,,SED_GEO_ELIGIBILITY_CENSUS_2025_V1
MKT016_MAPORG_E5,MKT016,Denver,CO,maps_organic,MAPORG13_V1,E5,E 5 mi,90,5,39.739402,-104.8950152,True,True,False,eligible_land,ELIGIBLE,CIVIC_CENTER_ANCHOR_V1_2026-09-09,WGS84_GEODESIC_DIRECT,7,1.0,in_country,0,,,,,SED_GEO_ELIGIBILITY_CENSUS_2025_V1
MKT016_MAPORG_S5,MKT016,Denver,CO,maps_organic,MAPORG13_V1,S5,S 5 mi,180,5,39.6669659,-104.98889,True,True,False,eligible_land,ELIGIBLE,CIVIC_CENTER_ANCHOR_V1_2026-09-09,WGS84_GEODESIC_DIRECT,7,1.0,in_country,0,,,,,SED_GEO_ELIGIBILITY_CENSUS_2025_V1
MKT016_MAPORG_W5,MKT016,Denver,CO,maps_organic,MAPORG13_V1,W5,W 5 mi,270,5,39.739402,-105.0827648,True,True,False,eligible_land,ELIGIBLE,CIVIC_CENTER_ANCHOR_V1_2026-09-09,WGS84_GEODESIC_DIRECT,7,1.0,in_country,0,,,,,SED_GEO_ELIGIBILITY_CENSUS_2025_V1
MKT016_AIO_C,MKT016,Denver,CO,aio,AIO9_V1,C,center,,0,39.73944,-104.98889,True,,False,eligible_land,ELIGIBLE,CIVIC_CENTER_ANCHOR_V1_2026-09-09,WGS84_GEODESIC_DIRECT,7,1.0,in_country,0,,,,,SED_GEO_ELIGIBILITY_CENSUS_2025_V1
MKT016_AIO_N2P5,MKT016,Denver,CO,aio,AIO9_V1,N2P5,N 2.5 mi,0,2.5,39.7756767,-104.98889,True,,False,eligible_land,ELIGIBLE,CIVIC_CENTER_ANCHOR_V1_2026-09-09,WGS84_GEODESIC_DIRECT,7,1.0,in_country,0,,,,,SED_GEO_ELIGIBILITY_CENSUS_2025_V1
MKT016_AIO_E2P5,MKT016,Denver,CO,aio,AIO9_V1,E2P5,E 2.5 mi,90,2.5,39.7394305,-104.9419526,True,,False,eligible_land,ELIGIBLE,CIVIC_CENTER_ANCHOR_V1_2026-09-09,WGS84_GEODESIC_DIRECT,7,1.0,in_country,0,,,,,SED_GEO_ELIGIBILITY_CENSUS_2025_V1
MKT016_AIO_S2P5,MKT016,Denver,CO,aio,AIO9_V1,S2P5,S 2.5 mi,180,2.5,39.7032031,-104.98889,True,,False,eligible_land,ELIGIBLE,CIVIC_CENTER_ANCHOR_V1_2026-09-09,WGS84_GEODESIC_DIRECT,7,1.0,in_country,0,,,,,SED_GEO_ELIGIBILITY_CENSUS_2025_V1
MKT016_AIO_W2P5,MKT016,Denver,CO,aio,AIO9_V1,W2P5,W 2.5 mi,270,2.5,39.7394305,-105.0358274,True,,False,eligible_land,ELIGIBLE,CIVIC_CENTER_ANCHOR_V1_2026-09-09,WGS84_GEODESIC_DIRECT,7,1.0,in_country,0,,,,,SED_GEO_ELIGIBILITY_CENSUS_2025_V1
MKT016_AIO_N5,MKT016,Denver,CO,aio,AIO9_V1,N5,N 5 mi,0,5,39.8119132,-104.98889,True,,False,eligible_land,ELIGIBLE,CIVIC_CENTER_ANCHOR_V1_2026-09-09,WGS84_GEODESIC_DIRECT,7,1.0,in_country,0,,,,,SED_GEO_ELIGIBILITY_CENSUS_2025_V1
MKT016_AIO_E5,MKT016,Denver,CO,aio,AIO9_V1,E5,E 5 mi,90,5,39.739402,-104.8950152,True,,False,eligible_land,ELIGIBLE,CIVIC_CENTER_ANCHOR_V1_2026-09-09,WGS84_GEODESIC_DIRECT,7,1.0,in_country,0,,,,,SED_GEO_ELIGIBILITY_CENSUS_2025_V1
MKT016_AIO_S5,MKT016,Denver,CO,aio,AIO9_V1,S5,S 5 mi,180,5,39.6669659,-104.98889,True,,False,eligible_land,ELIGIBLE,CIVIC_CENTER_ANCHOR_V1_2026-09-09,WGS84_GEODESIC_DIRECT,7,1.0,in_country,0,,,,,SED_GEO_ELIGIBILITY_CENSUS_2025_V1
MKT016_AIO_W5,MKT016,Denver,CO,aio,AIO9_V1,W5,W 5 mi,270,5,39.739402,-105.0827648,True,,False,eligible_land,ELIGIBLE,CIVIC_CENTER_ANCHOR_V1_2026-09-09,WGS84_GEODESIC_DIRECT,7,1.0,in_country,0,,,,,SED_GEO_ELIGIBILITY_CENSUS_2025_V1
MKT017_MAPORG_C,MKT017,Colorado Springs,CO,maps_organic,MAPORG13_V1,C,center,,0,38.8356083,-104.8209972,True,True,False,eligible_land,ELIGIBLE,CIVIC_CENTER_ANCHOR_V1_2026-09-09,WGS84_GEODESIC_DIRECT,7,1.0,in_country,0,,,,,SED_GEO_ELIGIBILITY_CENSUS_2025_V1
MKT017_MAPORG_N1,MKT017,Colorado Springs,CO,maps_organic,MAPORG13_V1,N1,N 1 mi,0,1,38.8501053,-104.8209972,True,True,False,eligible_land,ELIGIBLE,CIVIC_CENTER_ANCHOR_V1_2026-09-09,WGS84_GEODESIC_DIRECT,7,1.0,in_country,0,,,,,SED_GEO_ELIGIBILITY_CENSUS_2025_V1
MKT017_MAPORG_E1,MKT017,Colorado Springs,CO,maps_organic,MAPORG13_V1,E1,E 1 mi,90,1,38.8356068,-104.802462,True,True,False,eligible_land,ELIGIBLE,CIVIC_CENTER_ANCHOR_V1_2026-09-09,WGS84_GEODESIC_DIRECT,7,1.0,in_country,0,,,,,SED_GEO_ELIGIBILITY_CENSUS_2025_V1
MKT017_MAPORG_S1,MKT017,Colorado Springs,CO,maps_organic,MAPORG13_V1,S1,S 1 mi,180,1,38.8211113,-104.8209972,True,True,False,eligible_land,ELIGIBLE,CIVIC_CENTER_ANCHOR_V1_2026-09-09,WGS84_GEODESIC_DIRECT,7,1.0,in_country,0,,,,,SED_GEO_ELIGIBILITY_CENSUS_2025_V1
MKT017_MAPORG_W1,MKT017,Colorado Springs,CO,maps_organic,MAPORG13_V1,W1,W 1 mi,270,1,38.8356068,-104.8395324,True,True,False,eligible_land,ELIGIBLE,CIVIC_CENTER_ANCHOR_V1_2026-09-09,WGS84_GEODESIC_DIRECT,7,1.0,in_country,0,,,,,SED_GEO_ELIGIBILITY_CENSUS_2025_V1
MKT017_MAPORG_N3,MKT017,Colorado Springs,CO,maps_organic,MAPORG13_V1,N3,N 3 mi,0,3,38.8790991,-104.8209972,True,False,True,eligible_land,ELIGIBLE,CIVIC_CENTER_ANCHOR_V1_2026-09-09,WGS84_GEODESIC_DIRECT,7,1.0,in_country,0,,,,,SED_GEO_ELIGIBILITY_CENSUS_2025_V1
MKT017_MAPORG_E3,MKT017,Colorado Springs,CO,maps_organic,MAPORG13_V1,E3,E 3 mi,90,3,38.8355951,-104.7653917,True,False,True,eligible_land,ELIGIBLE,CIVIC_CENTER_ANCHOR_V1_2026-09-09,WGS84_GEODESIC_DIRECT,7,1.0,in_country,0,,,,,SED_GEO_ELIGIBILITY_CENSUS_2025_V1
MKT017_MAPORG_S3,MKT017,Colorado Springs,CO,maps_organic,MAPORG13_V1,S3,S 3 mi,180,3,38.7921172,-104.8209972,True,False,True,eligible_land,ELIGIBLE,CIVIC_CENTER_ANCHOR_V1_2026-09-09,WGS84_GEODESIC_DIRECT,7,1.0,in_country,0,,,,,SED_GEO_ELIGIBILITY_CENSUS_2025_V1
MKT017_MAPORG_W3,MKT017,Colorado Springs,CO,maps_organic,MAPORG13_V1,W3,W 3 mi,270,3,38.8355951,-104.8766027,True,False,True,eligible_land,ELIGIBLE,CIVIC_CENTER_ANCHOR_V1_2026-09-09,WGS84_GEODESIC_DIRECT,7,1.0,in_country,0,,,,,SED_GEO_ELIGIBILITY_CENSUS_2025_V1
MKT017_MAPORG_N5,MKT017,Colorado Springs,CO,maps_organic,MAPORG13_V1,N5,N 5 mi,0,5,38.9080928,-104.8209972,True,True,False,eligible_land,ELIGIBLE,CIVIC_CENTER_ANCHOR_V1_2026-09-09,WGS84_GEODESIC_DIRECT,7,1.0,in_country,0,,,,,SED_GEO_ELIGIBILITY_CENSUS_2025_V1
MKT017_MAPORG_E5,MKT017,Colorado Springs,CO,maps_organic,MAPORG13_V1,E5,E 5 mi,90,5,38.8355715,-104.7283214,True,True,False,eligible_land,ELIGIBLE,CIVIC_CENTER_ANCHOR_V1_2026-09-09,WGS84_GEODESIC_DIRECT,7,1.0,in_country,0,,,,,SED_GEO_ELIGIBILITY_CENSUS_2025_V1
MKT017_MAPORG_S5,MKT017,Colorado Springs,CO,maps_organic,MAPORG13_V1,S5,S 5 mi,180,5,38.7631229,-104.8209972,True,True,False,eligible_land,ELIGIBLE,CIVIC_CENTER_ANCHOR_V1_2026-09-09,WGS84_GEODESIC_DIRECT,7,1.0,in_country,0,,,,,SED_GEO_ELIGIBILITY_CENSUS_2025_V1
MKT017_MAPORG_W5,MKT017,Colorado Springs,CO,maps_organic,MAPORG13_V1,W5,W 5 mi,270,5,38.8355715,-104.913673,True,True,False,eligible_land,ELIGIBLE,CIVIC_CENTER_ANCHOR_V1_2026-09-09,WGS84_GEODESIC_DIRECT,7,1.0,in_country,0,,,,,SED_GEO_ELIGIBILITY_CENSUS_2025_V1
MKT017_AIO_C,MKT017,Colorado Springs,CO,aio,AIO9_V1,C,center,,0,38.8356083,-104.8209972,True,,False,eligible_land,ELIGIBLE,CIVIC_CENTER_ANCHOR_V1_2026-09-09,WGS84_GEODESIC_DIRECT,7,1.0,in_country,0,,,,,SED_GEO_ELIGIBILITY_CENSUS_2025_V1
MKT017_AIO_N2P5,MKT017,Colorado Springs,CO,aio,AIO9_V1,N2P5,N 2.5 mi,0,2.5,38.8718506,-104.8209972,True,,False,eligible_land,ELIGIBLE,CIVIC_CENTER_ANCHOR_V1_2026-09-09,WGS84_GEODESIC_DIRECT,7,1.0,in_country,0,,,,,SED_GEO_ELIGIBILITY_CENSUS_2025_V1
MKT017_AIO_E2P5,MKT017,Colorado Springs,CO,aio,AIO9_V1,E2P5,E 2.5 mi,90,2.5,38.8355991,-104.7746593,True,,False,eligible_land,ELIGIBLE,CIVIC_CENTER_ANCHOR_V1_2026-09-09,WGS84_GEODESIC_DIRECT,7,1.0,in_country,0,,,,,SED_GEO_ELIGIBILITY_CENSUS_2025_V1
MKT017_AIO_S2P5,MKT017,Colorado Springs,CO,aio,AIO9_V1,S2P5,S 2.5 mi,180,2.5,38.7993657,-104.8209972,True,,False,eligible_land,ELIGIBLE,CIVIC_CENTER_ANCHOR_V1_2026-09-09,WGS84_GEODESIC_DIRECT,7,1.0,in_country,0,,,,,SED_GEO_ELIGIBILITY_CENSUS_2025_V1
MKT017_AIO_W2P5,MKT017,Colorado Springs,CO,aio,AIO9_V1,W2P5,W 2.5 mi,270,2.5,38.8355991,-104.8673351,True,,False,eligible_land,ELIGIBLE,CIVIC_CENTER_ANCHOR_V1_2026-09-09,WGS84_GEODESIC_DIRECT,7,1.0,in_country,0,,,,,SED_GEO_ELIGIBILITY_CENSUS_2025_V1
MKT017_AIO_N5,MKT017,Colorado Springs,CO,aio,AIO9_V1,N5,N 5 mi,0,5,38.9080928,-104.8209972,True,,False,eligible_land,ELIGIBLE,CIVIC_CENTER_ANCHOR_V1_2026-09-09,WGS84_GEODESIC_DIRECT,7,1.0,in_country,0,,,,,SED_GEO_ELIGIBILITY_CENSUS_2025_V1
MKT017_AIO_E5,MKT017,Colorado Springs,CO,aio,AIO9_V1,E5,E 5 mi,90,5,38.8355715,-104.7283214,True,,False,eligible_land,ELIGIBLE,CIVIC_CENTER_ANCHOR_V1_2026-09-09,WGS84_GEODESIC_DIRECT,7,1.0,in_country,0,,,,,SED_GEO_ELIGIBILITY_CENSUS_2025_V1
MKT017_AIO_S5,MKT017,Colorado Springs,CO,aio,AIO9_V1,S5,S 5 mi,180,5,38.7631229,-104.8209972,True,,False,eligible_land,ELIGIBLE,CIVIC_CENTER_ANCHOR_V1_2026-09-09,WGS84_GEODESIC_DIRECT,7,1.0,in_country,0,,,,,SED_GEO_ELIGIBILITY_CENSUS_2025_V1
MKT017_AIO_W5,MKT017,Colorado Springs,CO,aio,AIO9_V1,W5,W 5 mi,270,5,38.8355715,-104.913673,True,,False,eligible_land,ELIGIBLE,CIVIC_CENTER_ANCHOR_V1_2026-09-09,WGS84_GEODESIC_DIRECT,7,1.0,in_country,0,,,,,SED_GEO_ELIGIBILITY_CENSUS_2025_V1
MKT018_MAPORG_C,MKT018,Boise,ID,maps_organic,MAPORG13_V1,C,center,,0,43.61512,-116.20138,True,True,False,eligible_land,ELIGIBLE,CIVIC_CENTER_ANCHOR_V1_2026-09-09,WGS84_GEODESIC_DIRECT,7,1.0,in_country,0,,,,,SED_GEO_ELIGIBILITY_CENSUS_2025_V1
MKT018_MAPORG_N1,MKT018,Boise,ID,maps_organic,MAPORG13_V1,N1,N 1 mi,0,1,43.6296049,-116.20138,True,True,False,eligible_land,ELIGIBLE,CIVIC_CENTER_ANCHOR_V1_2026-09-09,WGS84_GEODESIC_DIRECT,7,1.0,in_country,0,,,,,SED_GEO_ELIGIBILITY_CENSUS_2025_V1
MKT018_MAPORG_E1,MKT018,Boise,ID,maps_organic,MAPORG13_V1,E1,E 1 mi,90,1,43.6151183,-116.1814433,True,True,False,eligible_land,ELIGIBLE,CIVIC_CENTER_ANCHOR_V1_2026-09-09,WGS84_GEODESIC_DIRECT,7,1.0,in_country,0,,,,,SED_GEO_ELIGIBILITY_CENSUS_2025_V1
MKT018_MAPORG_S1,MKT018,Boise,ID,maps_organic,MAPORG13_V1,S1,S 1 mi,180,1,43.6006351,-116.20138,True,True,False,eligible_land,ELIGIBLE,CIVIC_CENTER_ANCHOR_V1_2026-09-09,WGS84_GEODESIC_DIRECT,7,1.0,in_country,0,,,,,SED_GEO_ELIGIBILITY_CENSUS_2025_V1
MKT018_MAPORG_W1,MKT018,Boise,ID,maps_organic,MAPORG13_V1,W1,W 1 mi,270,1,43.6151183,-116.2213167,True,True,False,structural_water_exclusion,STRUCTURAL_EXCLUSION,CIVIC_CENTER_ANCHOR_V1_2026-09-09,WGS84_GEODESIC_DIRECT,7,1.0,in_country,1,H3010,Boise Riv,1108364347081,tl_2025_16001_areawater.zip,SED_GEO_ELIGIBILITY_CENSUS_2025_V1
MKT018_MAPORG_N3,MKT018,Boise,ID,maps_organic,MAPORG13_V1,N3,N 3 mi,0,3,43.6585746,-116.20138,True,False,True,eligible_land,ELIGIBLE,CIVIC_CENTER_ANCHOR_V1_2026-09-09,WGS84_GEODESIC_DIRECT,7,1.0,in_country,0,,,,,SED_GEO_ELIGIBILITY_CENSUS_2025_V1
MKT018_MAPORG_E3,MKT018,Boise,ID,maps_organic,MAPORG13_V1,E3,E 3 mi,90,3,43.6151044,-116.14157,True,False,True,eligible_land,ELIGIBLE,CIVIC_CENTER_ANCHOR_V1_2026-09-09,WGS84_GEODESIC_DIRECT,7,1.0,in_country,0,,,,,SED_GEO_ELIGIBILITY_CENSUS_2025_V1
MKT018_MAPORG_S3,MKT018,Boise,ID,maps_organic,MAPORG13_V1,S3,S 3 mi,180,3,43.5716651,-116.20138,True,False,True,eligible_land,ELIGIBLE,CIVIC_CENTER_ANCHOR_V1_2026-09-09,WGS84_GEODESIC_DIRECT,7,1.0,in_country,0,,,,,SED_GEO_ELIGIBILITY_CENSUS_2025_V1
MKT018_MAPORG_W3,MKT018,Boise,ID,maps_organic,MAPORG13_V1,W3,W 3 mi,270,3,43.6151044,-116.26119,True,False,True,eligible_land,ELIGIBLE,CIVIC_CENTER_ANCHOR_V1_2026-09-09,WGS84_GEODESIC_DIRECT,7,1.0,in_country,0,,,,,SED_GEO_ELIGIBILITY_CENSUS_2025_V1
MKT018_MAPORG_N5,MKT018,Boise,ID,maps_organic,MAPORG13_V1,N5,N 5 mi,0,5,43.6875442,-116.20138,True,True,False,eligible_land,ELIGIBLE,CIVIC_CENTER_ANCHOR_V1_2026-09-09,WGS84_GEODESIC_DIRECT,7,1.0,in_country,0,,,,,SED_GEO_ELIGIBILITY_CENSUS_2025_V1
MKT018_MAPORG_E5,MKT018,Boise,ID,maps_organic,MAPORG13_V1,E5,E 5 mi,90,5,43.6150765,-116.1016968,True,True,False,eligible_land,ELIGIBLE,CIVIC_CENTER_ANCHOR_V1_2026-09-09,WGS84_GEODESIC_DIRECT,7,1.0,in_country,0,,,,,SED_GEO_ELIGIBILITY_CENSUS_2025_V1
MKT018_MAPORG_S5,MKT018,Boise,ID,maps_organic,MAPORG13_V1,S5,S 5 mi,180,5,43.5426949,-116.20138,True,True,False,eligible_land,ELIGIBLE,CIVIC_CENTER_ANCHOR_V1_2026-09-09,WGS84_GEODESIC_DIRECT,7,1.0,in_country,0,,,,,SED_GEO_ELIGIBILITY_CENSUS_2025_V1
MKT018_MAPORG_W5,MKT018,Boise,ID,maps_organic,MAPORG13_V1,W5,W 5 mi,270,5,43.6150765,-116.3010632,True,True,False,eligible_land,ELIGIBLE,CIVIC_CENTER_ANCHOR_V1_2026-09-09,WGS84_GEODESIC_DIRECT,7,1.0,in_country,0,,,,,SED_GEO_ELIGIBILITY_CENSUS_2025_V1
MKT018_AIO_C,MKT018,Boise,ID,aio,AIO9_V1,C,center,,0,43.61512,-116.20138,True,,False,eligible_land,ELIGIBLE,CIVIC_CENTER_ANCHOR_V1_2026-09-09,WGS84_GEODESIC_DIRECT,7,1.0,in_country,0,,,,,SED_GEO_ELIGIBILITY_CENSUS_2025_V1
MKT018_AIO_N2P5,MKT018,Boise,ID,aio,AIO9_V1,N2P5,N 2.5 mi,0,2.5,43.6513322,-116.20138,True,,False,eligible_land,ELIGIBLE,CIVIC_CENTER_ANCHOR_V1_2026-09-09,WGS84_GEODESIC_DIRECT,7,1.0,in_country,0,,,,,SED_GEO_ELIGIBILITY_CENSUS_2025_V1
MKT018_AIO_E2P5,MKT018,Boise,ID,aio,AIO9_V1,E2P5,E 2.5 mi,90,2.5,43.6151091,-116.1515384,True,,False,eligible_land,ELIGIBLE,CIVIC_CENTER_ANCHOR_V1_2026-09-09,WGS84_GEODESIC_DIRECT,7,1.0,in_country,0,,,,,SED_GEO_ELIGIBILITY_CENSUS_2025_V1
MKT018_AIO_S2P5,MKT018,Boise,ID,aio,AIO9_V1,S2P5,S 2.5 mi,180,2.5,43.5789076,-116.20138,True,,False,eligible_land,ELIGIBLE,CIVIC_CENTER_ANCHOR_V1_2026-09-09,WGS84_GEODESIC_DIRECT,7,1.0,in_country,0,,,,,SED_GEO_ELIGIBILITY_CENSUS_2025_V1
MKT018_AIO_W2P5,MKT018,Boise,ID,aio,AIO9_V1,W2P5,W 2.5 mi,270,2.5,43.6151091,-116.2512216,True,,False,eligible_land,ELIGIBLE,CIVIC_CENTER_ANCHOR_V1_2026-09-09,WGS84_GEODESIC_DIRECT,7,1.0,in_country,0,,,,,SED_GEO_ELIGIBILITY_CENSUS_2025_V1
MKT018_AIO_N5,MKT018,Boise,ID,aio,AIO9_V1,N5,N 5 mi,0,5,43.6875442,-116.20138,True,,False,eligible_land,ELIGIBLE,CIVIC_CENTER_ANCHOR_V1_2026-09-09,WGS84_GEODESIC_DIRECT,7,1.0,in_country,0,,,,,SED_GEO_ELIGIBILITY_CENSUS_2025_V1
MKT018_AIO_E5,MKT018,Boise,ID,aio,AIO9_V1,E5,E 5 mi,90,5,43.6150765,-116.1016968,True,,False,eligible_land,ELIGIBLE,CIVIC_CENTER_ANCHOR_V1_2026-09-09,WGS84_GEODESIC_DIRECT,7,1.0,in_country,0,,,,,SED_GEO_ELIGIBILITY_CENSUS_2025_V1
MKT018_AIO_S5,MKT018,Boise,ID,aio,AIO9_V1,S5,S 5 mi,180,5,43.5426949,-116.20138,True,,False,eligible_land,ELIGIBLE,CIVIC_CENTER_ANCHOR_V1_2026-09-09,WGS84_GEODESIC_DIRECT,7,1.0,in_country,0,,,,,SED_GEO_ELIGIBILITY_CENSUS_2025_V1
MKT018_AIO_W5,MKT018,Boise,ID,aio,AIO9_V1,W5,W 5 mi,270,5,43.6150765,-116.3010632,True,,False,eligible_land,ELIGIBLE,CIVIC_CENTER_ANCHOR_V1_2026-09-09,WGS84_GEODESIC_DIRECT,7,1.0,in_country,0,,,,,SED_GEO_ELIGIBILITY_CENSUS_2025_V1
MKT019_MAPORG_C,MKT019,Albuquerque,NM,maps_organic,MAPORG13_V1,C,center,,0,35.08768,-106.65167,True,True,False,eligible_land,ELIGIBLE,CIVIC_CENTER_ANCHOR_V1_2026-09-09,WGS84_GEODESIC_DIRECT,7,1.0,in_country,0,,,,,SED_GEO_ELIGIBILITY_CENSUS_2025_V1
MKT019_MAPORG_N1,MKT019,Albuquerque,NM,maps_organic,MAPORG13_V1,N1,N 1 mi,0,1,35.1021861,-106.65167,True,True,False,eligible_land,ELIGIBLE,CIVIC_CENTER_ANCHOR_V1_2026-09-09,WGS84_GEODESIC_DIRECT,7,1.0,in_country,0,,,,,SED_GEO_ELIGIBILITY_CENSUS_2025_V1
MKT019_MAPORG_E1,MKT019,Albuquerque,NM,maps_organic,MAPORG13_V1,E1,E 1 mi,90,1,35.0876787,-106.6340219,True,True,False,eligible_land,ELIGIBLE,CIVIC_CENTER_ANCHOR_V1_2026-09-09,WGS84_GEODESIC_DIRECT,7,1.0,in_country,0,,,,,SED_GEO_ELIGIBILITY_CENSUS_2025_V1
MKT019_MAPORG_S1,MKT019,Albuquerque,NM,maps_organic,MAPORG13_V1,S1,S 1 mi,180,1,35.0731738,-106.65167,True,True,False,eligible_land,ELIGIBLE,CIVIC_CENTER_ANCHOR_V1_2026-09-09,WGS84_GEODESIC_DIRECT,7,1.0,in_country,0,,,,,SED_GEO_ELIGIBILITY_CENSUS_2025_V1
MKT019_MAPORG_W1,MKT019,Albuquerque,NM,maps_organic,MAPORG13_V1,W1,W 1 mi,270,1,35.0876787,-106.6693181,True,True,False,eligible_land,ELIGIBLE,CIVIC_CENTER_ANCHOR_V1_2026-09-09,WGS84_GEODESIC_DIRECT,7,1.0,in_country,0,,,,,SED_GEO_ELIGIBILITY_CENSUS_2025_V1
MKT019_MAPORG_N3,MKT019,Albuquerque,NM,maps_organic,MAPORG13_V1,N3,N 3 mi,0,3,35.1311983,-106.65167,True,False,True,eligible_land,ELIGIBLE,CIVIC_CENTER_ANCHOR_V1_2026-09-09,WGS84_GEODESIC_DIRECT,7,1.0,in_country,0,,,,,SED_GEO_ELIGIBILITY_CENSUS_2025_V1
MKT019_MAPORG_E3,MKT019,Albuquerque,NM,maps_organic,MAPORG13_V1,E3,E 3 mi,90,3,35.0876684,-106.5987256,True,False,True,eligible_land,ELIGIBLE,CIVIC_CENTER_ANCHOR_V1_2026-09-09,WGS84_GEODESIC_DIRECT,7,1.0,in_country,0,,,,,SED_GEO_ELIGIBILITY_CENSUS_2025_V1
MKT019_MAPORG_S3,MKT019,Albuquerque,NM,maps_organic,MAPORG13_V1,S3,S 3 mi,180,3,35.0441614,-106.65167,True,False,True,eligible_land,ELIGIBLE,CIVIC_CENTER_ANCHOR_V1_2026-09-09,WGS84_GEODESIC_DIRECT,7,1.0,in_country,0,,,,,SED_GEO_ELIGIBILITY_CENSUS_2025_V1
MKT019_MAPORG_W3,MKT019,Albuquerque,NM,maps_organic,MAPORG13_V1,W3,W 3 mi,270,3,35.0876684,-106.7046144,True,False,True,eligible_land,ELIGIBLE,CIVIC_CENTER_ANCHOR_V1_2026-09-09,WGS84_GEODESIC_DIRECT,7,1.0,in_country,0,,,,,SED_GEO_ELIGIBILITY_CENSUS_2025_V1
MKT019_MAPORG_N5,MKT019,Albuquerque,NM,maps_organic,MAPORG13_V1,N5,N 5 mi,0,5,35.1602103,-106.65167,True,True,False,eligible_land,ELIGIBLE,CIVIC_CENTER_ANCHOR_V1_2026-09-09,WGS84_GEODESIC_DIRECT,7,1.0,in_country,0,,,,,SED_GEO_ELIGIBILITY_CENSUS_2025_V1
MKT019_MAPORG_E5,MKT019,Albuquerque,NM,maps_organic,MAPORG13_V1,E5,E 5 mi,90,5,35.0876479,-106.5634294,True,True,False,eligible_land,ELIGIBLE,CIVIC_CENTER_ANCHOR_V1_2026-09-09,WGS84_GEODESIC_DIRECT,7,1.0,in_country,0,,,,,SED_GEO_ELIGIBILITY_CENSUS_2025_V1
MKT019_MAPORG_S5,MKT019,Albuquerque,NM,maps_organic,MAPORG13_V1,S5,S 5 mi,180,5,35.0151488,-106.65167,True,True,False,eligible_land,ELIGIBLE,CIVIC_CENTER_ANCHOR_V1_2026-09-09,WGS84_GEODESIC_DIRECT,7,1.0,in_country,0,,,,,SED_GEO_ELIGIBILITY_CENSUS_2025_V1
MKT019_MAPORG_W5,MKT019,Albuquerque,NM,maps_organic,MAPORG13_V1,W5,W 5 mi,270,5,35.0876479,-106.7399106,True,True,False,eligible_land,ELIGIBLE,CIVIC_CENTER_ANCHOR_V1_2026-09-09,WGS84_GEODESIC_DIRECT,7,1.0,in_country,0,,,,,SED_GEO_ELIGIBILITY_CENSUS_2025_V1
MKT019_AIO_C,MKT019,Albuquerque,NM,aio,AIO9_V1,C,center,,0,35.08768,-106.65167,True,,False,eligible_land,ELIGIBLE,CIVIC_CENTER_ANCHOR_V1_2026-09-09,WGS84_GEODESIC_DIRECT,7,1.0,in_country,0,,,,,SED_GEO_ELIGIBILITY_CENSUS_2025_V1
MKT019_AIO_N2P5,MKT019,Albuquerque,NM,aio,AIO9_V1,N2P5,N 2.5 mi,0,2.5,35.1239453,-106.65167,True,,False,eligible_land,ELIGIBLE,CIVIC_CENTER_ANCHOR_V1_2026-09-09,WGS84_GEODESIC_DIRECT,7,1.0,in_country,0,,,,,SED_GEO_ELIGIBILITY_CENSUS_2025_V1
MKT019_AIO_E2P5,MKT019,Albuquerque,NM,aio,AIO9_V1,E2P5,E 2.5 mi,90,2.5,35.087672,-106.6075497,True,,False,eligible_land,ELIGIBLE,CIVIC_CENTER_ANCHOR_V1_2026-09-09,WGS84_GEODESIC_DIRECT,7,1.0,in_country,0,,,,,SED_GEO_ELIGIBILITY_CENSUS_2025_V1
MKT019_AIO_S2P5,MKT019,Albuquerque,NM,aio,AIO9_V1,S2P5,S 2.5 mi,180,2.5,35.0514145,-106.65167,True,,False,eligible_land,ELIGIBLE,CIVIC_CENTER_ANCHOR_V1_2026-09-09,WGS84_GEODESIC_DIRECT,7,1.0,in_country,0,,,,,SED_GEO_ELIGIBILITY_CENSUS_2025_V1
MKT019_AIO_W2P5,MKT019,Albuquerque,NM,aio,AIO9_V1,W2P5,W 2.5 mi,270,2.5,35.087672,-106.6957903,True,,False,eligible_land,ELIGIBLE,CIVIC_CENTER_ANCHOR_V1_2026-09-09,WGS84_GEODESIC_DIRECT,7,1.0,in_country,0,,,,,SED_GEO_ELIGIBILITY_CENSUS_2025_V1
MKT019_AIO_N5,MKT019,Albuquerque,NM,aio,AIO9_V1,N5,N 5 mi,0,5,35.1602103,-106.65167,True,,False,eligible_land,ELIGIBLE,CIVIC_CENTER_ANCHOR_V1_2026-09-09,WGS84_GEODESIC_DIRECT,7,1.0,in_country,0,,,,,SED_GEO_ELIGIBILITY_CENSUS_2025_V1
MKT019_AIO_E5,MKT019,Albuquerque,NM,aio,AIO9_V1,E5,E 5 mi,90,5,35.0876479,-106.5634294,True,,False,eligible_land,ELIGIBLE,CIVIC_CENTER_ANCHOR_V1_2026-09-09,WGS84_GEODESIC_DIRECT,7,1.0,in_country,0,,,,,SED_GEO_ELIGIBILITY_CENSUS_2025_V1
MKT019_AIO_S5,MKT019,Albuquerque,NM,aio,AIO9_V1,S5,S 5 mi,180,5,35.0151488,-106.65167,True,,False,eligible_land,ELIGIBLE,CIVIC_CENTER_ANCHOR_V1_2026-09-09,WGS84_GEODESIC_DIRECT,7,1.0,in_country,0,,,,,SED_GEO_ELIGIBILITY_CENSUS_2025_V1
MKT019_AIO_W5,MKT019,Albuquerque,NM,aio,AIO9_V1,W5,W 5 mi,270,5,35.0876479,-106.7399106,True,,False,eligible_land,ELIGIBLE,CIVIC_CENTER_ANCHOR_V1_2026-09-09,WGS84_GEODESIC_DIRECT,7,1.0,in_country,0,,,,,SED_GEO_ELIGIBILITY_CENSUS_2025_V1
MKT020_MAPORG_C,MKT020,Fort Collins,CO,maps_organic,MAPORG13_V1,C,center,,0,40.58985,-105.08191,True,True,False,eligible_land,ELIGIBLE,CIVIC_CENTER_ANCHOR_V1_2026-09-09,WGS84_GEODESIC_DIRECT,7,1.0,in_country,0,,,,,SED_GEO_ELIGIBILITY_CENSUS_2025_V1
MKT020_MAPORG_N1,MKT020,Fort Collins,CO,maps_organic,MAPORG13_V1,N1,N 1 mi,0,1,40.6043426,-105.08191,True,True,False,eligible_land,ELIGIBLE,CIVIC_CENTER_ANCHOR_V1_2026-09-09,WGS84_GEODESIC_DIRECT,7,1.0,in_country,0,,,,,SED_GEO_ELIGIBILITY_CENSUS_2025_V1
MKT020_MAPORG_E1,MKT020,Fort Collins,CO,maps_organic,MAPORG13_V1,E1,E 1 mi,90,1,40.5898484,-105.0628993,True,True,False,eligible_land,ELIGIBLE,CIVIC_CENTER_ANCHOR_V1_2026-09-09,WGS84_GEODESIC_DIRECT,7,1.0,in_country,0,,,,,SED_GEO_ELIGIBILITY_CENSUS_2025_V1
MKT020_MAPORG_S1,MKT020,Fort Collins,CO,maps_organic,MAPORG13_V1,S1,S 1 mi,180,1,40.5753574,-105.08191,True,True,False,eligible_land,ELIGIBLE,CIVIC_CENTER_ANCHOR_V1_2026-09-09,WGS84_GEODESIC_DIRECT,7,1.0,in_country,0,,,,,SED_GEO_ELIGIBILITY_CENSUS_2025_V1
MKT020_MAPORG_W1,MKT020,Fort Collins,CO,maps_organic,MAPORG13_V1,W1,W 1 mi,270,1,40.5898484,-105.1009207,True,True,False,eligible_land,ELIGIBLE,CIVIC_CENTER_ANCHOR_V1_2026-09-09,WGS84_GEODESIC_DIRECT,7,1.0,in_country,0,,,,,SED_GEO_ELIGIBILITY_CENSUS_2025_V1
MKT020_MAPORG_N3,MKT020,Fort Collins,CO,maps_organic,MAPORG13_V1,N3,N 3 mi,0,3,40.6333276,-105.08191,True,False,True,structural_water_exclusion,STRUCTURAL_EXCLUSION,CIVIC_CENTER_ANCHOR_V1_2026-09-09,WGS84_GEODESIC_DIRECT,7,1.0,in_country,1,H2030,Terry Lk,110436270901,tl_2025_08069_areawater.zip,SED_GEO_ELIGIBILITY_CENSUS_2025_V1
MKT020_MAPORG_E3,MKT020,Fort Collins,CO,maps_organic,MAPORG13_V1,E3,E 3 mi,90,3,40.5898359,-105.0248779,True,False,True,structural_water_exclusion,STRUCTURAL_EXCLUSION,CIVIC_CENTER_ANCHOR_V1_2026-09-09,WGS84_GEODESIC_DIRECT,7,1.0,in_country,1,H2030,,110436271233,tl_2025_08069_areawater.zip,SED_GEO_ELIGIBILITY_CENSUS_2025_V1
MKT020_MAPORG_S3,MKT020,Fort Collins,CO,maps_organic,MAPORG13_V1,S3,S 3 mi,180,3,40.5463721,-105.08191,True,False,True,eligible_land,ELIGIBLE,CIVIC_CENTER_ANCHOR_V1_2026-09-09,WGS84_GEODESIC_DIRECT,7,1.0,in_country,0,,,,,SED_GEO_ELIGIBILITY_CENSUS_2025_V1
MKT020_MAPORG_W3,MKT020,Fort Collins,CO,maps_organic,MAPORG13_V1,W3,W 3 mi,270,3,40.5898359,-105.1389421,True,False,True,eligible_land,ELIGIBLE,CIVIC_CENTER_ANCHOR_V1_2026-09-09,WGS84_GEODESIC_DIRECT,7,1.0,in_country,0,,,,,SED_GEO_ELIGIBILITY_CENSUS_2025_V1
MKT020_MAPORG_N5,MKT020,Fort Collins,CO,maps_organic,MAPORG13_V1,N5,N 5 mi,0,5,40.6623125,-105.08191,True,True,False,eligible_land,ELIGIBLE,CIVIC_CENTER_ANCHOR_V1_2026-09-09,WGS84_GEODESIC_DIRECT,7,1.0,in_country,0,,,,,SED_GEO_ELIGIBILITY_CENSUS_2025_V1
MKT020_MAPORG_E5,MKT020,Fort Collins,CO,maps_organic,MAPORG13_V1,E5,E 5 mi,90,5,40.5898109,-104.9868565,True,True,False,eligible_land,ELIGIBLE,CIVIC_CENTER_ANCHOR_V1_2026-09-09,WGS84_GEODESIC_DIRECT,7,1.0,in_country,0,,,,,SED_GEO_ELIGIBILITY_CENSUS_2025_V1
MKT020_MAPORG_S5,MKT020,Fort Collins,CO,maps_organic,MAPORG13_V1,S5,S 5 mi,180,5,40.5173866,-105.08191,True,True,False,eligible_land,ELIGIBLE,CIVIC_CENTER_ANCHOR_V1_2026-09-09,WGS84_GEODESIC_DIRECT,7,1.0,in_country,0,,,,,SED_GEO_ELIGIBILITY_CENSUS_2025_V1
MKT020_MAPORG_W5,MKT020,Fort Collins,CO,maps_organic,MAPORG13_V1,W5,W 5 mi,270,5,40.5898109,-105.1769635,True,True,False,eligible_land,ELIGIBLE,CIVIC_CENTER_ANCHOR_V1_2026-09-09,WGS84_GEODESIC_DIRECT,7,1.0,in_country,0,,,,,SED_GEO_ELIGIBILITY_CENSUS_2025_V1
MKT020_AIO_C,MKT020,Fort Collins,CO,aio,AIO9_V1,C,center,,0,40.58985,-105.08191,True,,False,eligible_land,ELIGIBLE,CIVIC_CENTER_ANCHOR_V1_2026-09-09,WGS84_GEODESIC_DIRECT,7,1.0,in_country,0,,,,,SED_GEO_ELIGIBILITY_CENSUS_2025_V1
MKT020_AIO_N2P5,MKT020,Fort Collins,CO,aio,AIO9_V1,N2P5,N 2.5 mi,0,2.5,40.6260814,-105.08191,True,,False,structural_water_exclusion,STRUCTURAL_EXCLUSION,CIVIC_CENTER_ANCHOR_V1_2026-09-09,WGS84_GEODESIC_DIRECT,7,1.0,in_country,1,H2030,Terry Lk,110436270901,tl_2025_08069_areawater.zip,SED_GEO_ELIGIBILITY_CENSUS_2025_V1
MKT020_AIO_E2P5,MKT020,Fort Collins,CO,aio,AIO9_V1,E2P5,E 2.5 mi,90,2.5,40.5898402,-105.0343832,True,,False,eligible_land,ELIGIBLE,CIVIC_CENTER_ANCHOR_V1_2026-09-09,WGS84_GEODESIC_DIRECT,7,1.0,in_country,0,,,,,SED_GEO_ELIGIBILITY_CENSUS_2025_V1
MKT020_AIO_S2P5,MKT020,Fort Collins,CO,aio,AIO9_V1,S2P5,S 2.5 mi,180,2.5,40.5536184,-105.08191,True,,False,eligible_land,ELIGIBLE,CIVIC_CENTER_ANCHOR_V1_2026-09-09,WGS84_GEODESIC_DIRECT,7,1.0,in_country,0,,,,,SED_GEO_ELIGIBILITY_CENSUS_2025_V1
MKT020_AIO_W2P5,MKT020,Fort Collins,CO,aio,AIO9_V1,W2P5,W 2.5 mi,270,2.5,40.5898402,-105.1294368,True,,False,eligible_land,ELIGIBLE,CIVIC_CENTER_ANCHOR_V1_2026-09-09,WGS84_GEODESIC_DIRECT,7,1.0,in_country,0,,,,,SED_GEO_ELIGIBILITY_CENSUS_2025_V1
MKT020_AIO_N5,MKT020,Fort Collins,CO,aio,AIO9_V1,N5,N 5 mi,0,5,40.6623125,-105.08191,True,,False,eligible_land,ELIGIBLE,CIVIC_CENTER_ANCHOR_V1_2026-09-09,WGS84_GEODESIC_DIRECT,7,1.0,in_country,0,,,,,SED_GEO_ELIGIBILITY_CENSUS_2025_V1
MKT020_AIO_E5,MKT020,Fort Collins,CO,aio,AIO9_V1,E5,E 5 mi,90,5,40.5898109,-104.9868565,True,,False,eligible_land,ELIGIBLE,CIVIC_CENTER_ANCHOR_V1_2026-09-09,WGS84_GEODESIC_DIRECT,7,1.0,in_country,0,,,,,SED_GEO_ELIGIBILITY_CENSUS_2025_V1
MKT020_AIO_S5,MKT020,Fort Collins,CO,aio,AIO9_V1,S5,S 5 mi,180,5,40.5173866,-105.08191,True,,False,eligible_land,ELIGIBLE,CIVIC_CENTER_ANCHOR_V1_2026-09-09,WGS84_GEODESIC_DIRECT,7,1.0,in_country,0,,,,,SED_GEO_ELIGIBILITY_CENSUS_2025_V1
MKT020_AIO_W5,MKT020,Fort Collins,CO,aio,AIO9_V1,W5,W 5 mi,270,5,40.5898109,-105.1769635,True,,False,eligible_land,ELIGIBLE,CIVIC_CENTER_ANCHOR_V1_2026-09-09,WGS84_GEODESIC_DIRECT,7,1.0,in_country,0,,,,,SED_GEO_ELIGIBILITY_CENSUS_2025_V1
MKT021_MAPORG_C,MKT021,Chicago,IL,maps_organic,MAPORG13_V1,C,center,,0,41.88385,-87.63195,True,True,False,eligible_land,ELIGIBLE,CIVIC_CENTER_ANCHOR_V1_2026-09-09,WGS84_GEODESIC_DIRECT,7,1.0,in_country,0,,,,,SED_GEO_ELIGIBILITY_CENSUS_2025_V1
MKT021_MAPORG_N1,MKT021,Chicago,IL,maps_organic,MAPORG13_V1,N1,N 1 mi,0,1,41.8983393,-87.63195,True,True,False,eligible_land,ELIGIBLE,CIVIC_CENTER_ANCHOR_V1_2026-09-09,WGS84_GEODESIC_DIRECT,7,1.0,in_country,0,,,,,SED_GEO_ELIGIBILITY_CENSUS_2025_V1
MKT021_MAPORG_E1,MKT021,Chicago,IL,maps_organic,MAPORG13_V1,E1,E 1 mi,90,1,41.8838484,-87.6125606,True,True,False,structural_water_exclusion,STRUCTURAL_EXCLUSION,CIVIC_CENTER_ANCHOR_V1_2026-09-09,WGS84_GEODESIC_DIRECT,7,1.0,in_country,1,H2030,North Shore Chnnl,110380385584,tl_2025_17031_areawater.zip,SED_GEO_ELIGIBILITY_CENSUS_2025_V1
MKT021_MAPORG_S1,MKT021,Chicago,IL,maps_organic,MAPORG13_V1,S1,S 1 mi,180,1,41.8693607,-87.63195,True,True,False,eligible_land,ELIGIBLE,CIVIC_CENTER_ANCHOR_V1_2026-09-09,WGS84_GEODESIC_DIRECT,7,1.0,in_country,0,,,,,SED_GEO_ELIGIBILITY_CENSUS_2025_V1
MKT021_MAPORG_W1,MKT021,Chicago,IL,maps_organic,MAPORG13_V1,W1,W 1 mi,270,1,41.8838484,-87.6513394,True,True,False,eligible_land,ELIGIBLE,CIVIC_CENTER_ANCHOR_V1_2026-09-09,WGS84_GEODESIC_DIRECT,7,1.0,in_country,0,,,,,SED_GEO_ELIGIBILITY_CENSUS_2025_V1
MKT021_MAPORG_N3,MKT021,Chicago,IL,maps_organic,MAPORG13_V1,N3,N 3 mi,0,3,41.9273178,-87.63195,True,False,True,eligible_land,ELIGIBLE,CIVIC_CENTER_ANCHOR_V1_2026-09-09,WGS84_GEODESIC_DIRECT,7,1.0,in_country,0,,,,,SED_GEO_ELIGIBILITY_CENSUS_2025_V1
MKT021_MAPORG_E3,MKT021,Chicago,IL,maps_organic,MAPORG13_V1,E3,E 3 mi,90,3,41.8838353,-87.5737818,True,False,True,structural_water_exclusion,STRUCTURAL_EXCLUSION,CIVIC_CENTER_ANCHOR_V1_2026-09-09,WGS84_GEODESIC_DIRECT,7,1.0,in_country,1,H2030,North Shore Chnnl,110380385584,tl_2025_17031_areawater.zip,SED_GEO_ELIGIBILITY_CENSUS_2025_V1
MKT021_MAPORG_S3,MKT021,Chicago,IL,maps_organic,MAPORG13_V1,S3,S 3 mi,180,3,41.8403819,-87.63195,True,False,True,eligible_land,ELIGIBLE,CIVIC_CENTER_ANCHOR_V1_2026-09-09,WGS84_GEODESIC_DIRECT,7,1.0,in_country,0,,,,,SED_GEO_ELIGIBILITY_CENSUS_2025_V1
MKT021_MAPORG_W3,MKT021,Chicago,IL,maps_organic,MAPORG13_V1,W3,W 3 mi,270,3,41.8838353,-87.6901182,True,False,True,eligible_land,ELIGIBLE,CIVIC_CENTER_ANCHOR_V1_2026-09-09,WGS84_GEODESIC_DIRECT,7,1.0,in_country,0,,,,,SED_GEO_ELIGIBILITY_CENSUS_2025_V1
MKT021_MAPORG_N5,MKT021,Chicago,IL,maps_organic,MAPORG13_V1,N5,N 5 mi,0,5,41.9562962,-87.63195,True,True,False,structural_water_exclusion,STRUCTURAL_EXCLUSION,CIVIC_CENTER_ANCHOR_V1_2026-09-09,WGS84_GEODESIC_DIRECT,7,1.0,in_country,1,H2030,North Shore Chnnl,110380385584,tl_2025_17031_areawater.zip,SED_GEO_ELIGIBILITY_CENSUS_2025_V1
MKT021_MAPORG_E5,MKT021,Chicago,IL,maps_organic,MAPORG13_V1,E5,E 5 mi,90,5,41.8838091,-87.5350031,True,True,False,structural_water_exclusion,STRUCTURAL_EXCLUSION,CIVIC_CENTER_ANCHOR_V1_2026-09-09,WGS84_GEODESIC_DIRECT,7,1.0,in_country,1,H2030,North Shore Chnnl,110380385584,tl_2025_17031_areawater.zip,SED_GEO_ELIGIBILITY_CENSUS_2025_V1
MKT021_MAPORG_S5,MKT021,Chicago,IL,maps_organic,MAPORG13_V1,S5,S 5 mi,180,5,41.8114029,-87.63195,True,True,False,eligible_land,ELIGIBLE,CIVIC_CENTER_ANCHOR_V1_2026-09-09,WGS84_GEODESIC_DIRECT,7,1.0,in_country,0,,,,,SED_GEO_ELIGIBILITY_CENSUS_2025_V1
MKT021_MAPORG_W5,MKT021,Chicago,IL,maps_organic,MAPORG13_V1,W5,W 5 mi,270,5,41.8838091,-87.7288969,True,True,False,eligible_land,ELIGIBLE,CIVIC_CENTER_ANCHOR_V1_2026-09-09,WGS84_GEODESIC_DIRECT,7,1.0,in_country,0,,,,,SED_GEO_ELIGIBILITY_CENSUS_2025_V1
MKT021_AIO_C,MKT021,Chicago,IL,aio,AIO9_V1,C,center,,0,41.88385,-87.63195,True,,False,eligible_land,ELIGIBLE,CIVIC_CENTER_ANCHOR_V1_2026-09-09,WGS84_GEODESIC_DIRECT,7,1.0,in_country,0,,,,,SED_GEO_ELIGIBILITY_CENSUS_2025_V1
MKT021_AIO_N2P5,MKT021,Chicago,IL,aio,AIO9_V1,N2P5,N 2.5 mi,0,2.5,41.9200732,-87.63195,True,,False,eligible_land,ELIGIBLE,CIVIC_CENTER_ANCHOR_V1_2026-09-09,WGS84_GEODESIC_DIRECT,7,1.0,in_country,0,,,,,SED_GEO_ELIGIBILITY_CENSUS_2025_V1
MKT021_AIO_E2P5,MKT021,Chicago,IL,aio,AIO9_V1,E2P5,E 2.5 mi,90,2.5,41.8838398,-87.5834765,True,,False,structural_water_exclusion,STRUCTURAL_EXCLUSION,CIVIC_CENTER_ANCHOR_V1_2026-09-09,WGS84_GEODESIC_DIRECT,7,1.0,in_country,1,H2030,North Shore Chnnl,110380385584,tl_2025_17031_areawater.zip,SED_GEO_ELIGIBILITY_CENSUS_2025_V1
MKT021_AIO_S2P5,MKT021,Chicago,IL,aio,AIO9_V1,S2P5,S 2.5 mi,180,2.5,41.8476266,-87.63195,True,,False,eligible_land,ELIGIBLE,CIVIC_CENTER_ANCHOR_V1_2026-09-09,WGS84_GEODESIC_DIRECT,7,1.0,in_country,0,,,,,SED_GEO_ELIGIBILITY_CENSUS_2025_V1
MKT021_AIO_W2P5,MKT021,Chicago,IL,aio,AIO9_V1,W2P5,W 2.5 mi,270,2.5,41.8838398,-87.6804235,True,,False,eligible_land,ELIGIBLE,CIVIC_CENTER_ANCHOR_V1_2026-09-09,WGS84_GEODESIC_DIRECT,7,1.0,in_country,0,,,,,SED_GEO_ELIGIBILITY_CENSUS_2025_V1
MKT021_AIO_N5,MKT021,Chicago,IL,aio,AIO9_V1,N5,N 5 mi,0,5,41.9562962,-87.63195,True,,False,structural_water_exclusion,STRUCTURAL_EXCLUSION,CIVIC_CENTER_ANCHOR_V1_2026-09-09,WGS84_GEODESIC_DIRECT,7,1.0,in_country,1,H2030,North Shore Chnnl,110380385584,tl_2025_17031_areawater.zip,SED_GEO_ELIGIBILITY_CENSUS_2025_V1
MKT021_AIO_E5,MKT021,Chicago,IL,aio,AIO9_V1,E5,E 5 mi,90,5,41.8838091,-87.5350031,True,,False,structural_water_exclusion,STRUCTURAL_EXCLUSION,CIVIC_CENTER_ANCHOR_V1_2026-09-09,WGS84_GEODESIC_DIRECT,7,1.0,in_country,1,H2030,North Shore Chnnl,110380385584,tl_2025_17031_areawater.zip,SED_GEO_ELIGIBILITY_CENSUS_2025_V1
MKT021_AIO_S5,MKT021,Chicago,IL,aio,AIO9_V1,S5,S 5 mi,180,5,41.8114029,-87.63195,True,,False,eligible_land,ELIGIBLE,CIVIC_CENTER_ANCHOR_V1_2026-09-09,WGS84_GEODESIC_DIRECT,7,1.0,in_country,0,,,,,SED_GEO_ELIGIBILITY_CENSUS_2025_V1
MKT021_AIO_W5,MKT021,Chicago,IL,aio,AIO9_V1,W5,W 5 mi,270,5,41.8838091,-87.7288969,True,,False,eligible_land,ELIGIBLE,CIVIC_CENTER_ANCHOR_V1_2026-09-09,WGS84_GEODESIC_DIRECT,7,1.0,in_country,0,,,,,SED_GEO_ELIGIBILITY_CENSUS_2025_V1
MKT022_MAPORG_C,MKT022,Minneapolis,MN,maps_organic,MAPORG13_V1,C,center,,0,44.9773,-93.2654,True,True,False,eligible_land,ELIGIBLE,CIVIC_CENTER_ANCHOR_V1_2026-09-09,WGS84_GEODESIC_DIRECT,7,1.0,in_country,0,,,,,SED_GEO_ELIGIBILITY_CENSUS_2025_V1
MKT022_MAPORG_N1,MKT022,Minneapolis,MN,maps_organic,MAPORG13_V1,N1,N 1 mi,0,1,44.9917814,-93.2654,True,True,False,eligible_land,ELIGIBLE,CIVIC_CENTER_ANCHOR_V1_2026-09-09,WGS84_GEODESIC_DIRECT,7,1.0,in_country,0,,,,,SED_GEO_ELIGIBILITY_CENSUS_2025_V1
MKT022_MAPORG_E1,MKT022,Minneapolis,MN,maps_organic,MAPORG13_V1,E1,E 1 mi,90,1,44.9772982,-93.244997,True,True,False,eligible_land,ELIGIBLE,CIVIC_CENTER_ANCHOR_V1_2026-09-09,WGS84_GEODESIC_DIRECT,7,1.0,in_country,0,,,,,SED_GEO_ELIGIBILITY_CENSUS_2025_V1
MKT022_MAPORG_S1,MKT022,Minneapolis,MN,maps_organic,MAPORG13_V1,S1,S 1 mi,180,1,44.9628185,-93.2654,True,True,False,eligible_land,ELIGIBLE,CIVIC_CENTER_ANCHOR_V1_2026-09-09,WGS84_GEODESIC_DIRECT,7,1.0,in_country,0,,,,,SED_GEO_ELIGIBILITY_CENSUS_2025_V1
MKT022_MAPORG_W1,MKT022,Minneapolis,MN,maps_organic,MAPORG13_V1,W1,W 1 mi,270,1,44.9772982,-93.285803,True,True,False,eligible_land,ELIGIBLE,CIVIC_CENTER_ANCHOR_V1_2026-09-09,WGS84_GEODESIC_DIRECT,7,1.0,in_country,0,,,,,SED_GEO_ELIGIBILITY_CENSUS_2025_V1
MKT022_MAPORG_N3,MKT022,Minneapolis,MN,maps_organic,MAPORG13_V1,N3,N 3 mi,0,3,45.0207442,-93.2654,True,False,True,eligible_land,ELIGIBLE,CIVIC_CENTER_ANCHOR_V1_2026-09-09,WGS84_GEODESIC_DIRECT,7,1.0,in_country,0,,,,,SED_GEO_ELIGIBILITY_CENSUS_2025_V1
MKT022_MAPORG_E3,MKT022,Minneapolis,MN,maps_organic,MAPORG13_V1,E3,E 3 mi,90,3,44.9772836,-93.2041911,True,False,True,eligible_land,ELIGIBLE,CIVIC_CENTER_ANCHOR_V1_2026-09-09,WGS84_GEODESIC_DIRECT,7,1.0,in_country,0,,,,,SED_GEO_ELIGIBILITY_CENSUS_2025_V1
MKT022_MAPORG_S3,MKT022,Minneapolis,MN,maps_organic,MAPORG13_V1,S3,S 3 mi,180,3,44.9338555,-93.2654,True,False,True,eligible_land,ELIGIBLE,CIVIC_CENTER_ANCHOR_V1_2026-09-09,WGS84_GEODESIC_DIRECT,7,1.0,in_country,0,,,,,SED_GEO_ELIGIBILITY_CENSUS_2025_V1
MKT022_MAPORG_W3,MKT022,Minneapolis,MN,maps_organic,MAPORG13_V1,W3,W 3 mi,270,3,44.9772836,-93.3266089,True,False,True,eligible_land,ELIGIBLE,CIVIC_CENTER_ANCHOR_V1_2026-09-09,WGS84_GEODESIC_DIRECT,7,1.0,in_country,0,,,,,SED_GEO_ELIGIBILITY_CENSUS_2025_V1
MKT022_MAPORG_N5,MKT022,Minneapolis,MN,maps_organic,MAPORG13_V1,N5,N 5 mi,0,5,45.0497068,-93.2654,True,True,False,eligible_land,ELIGIBLE,CIVIC_CENTER_ANCHOR_V1_2026-09-09,WGS84_GEODESIC_DIRECT,7,1.0,in_country,0,,,,,SED_GEO_ELIGIBILITY_CENSUS_2025_V1
MKT022_MAPORG_E5,MKT022,Minneapolis,MN,maps_organic,MAPORG13_V1,E5,E 5 mi,90,5,44.9772544,-93.1633852,True,True,False,eligible_land,ELIGIBLE,CIVIC_CENTER_ANCHOR_V1_2026-09-09,WGS84_GEODESIC_DIRECT,7,1.0,in_country,0,,,,,SED_GEO_ELIGIBILITY_CENSUS_2025_V1
MKT022_MAPORG_S5,MKT022,Minneapolis,MN,maps_organic,MAPORG13_V1,S5,S 5 mi,180,5,44.9048922,-93.2654,True,True,False,eligible_land,ELIGIBLE,CIVIC_CENTER_ANCHOR_V1_2026-09-09,WGS84_GEODESIC_DIRECT,7,1.0,in_country,0,,,,,SED_GEO_ELIGIBILITY_CENSUS_2025_V1
MKT022_MAPORG_W5,MKT022,Minneapolis,MN,maps_organic,MAPORG13_V1,W5,W 5 mi,270,5,44.9772544,-93.3674148,True,True,False,eligible_land,ELIGIBLE,CIVIC_CENTER_ANCHOR_V1_2026-09-09,WGS84_GEODESIC_DIRECT,7,1.0,in_country,0,,,,,SED_GEO_ELIGIBILITY_CENSUS_2025_V1
MKT022_AIO_C,MKT022,Minneapolis,MN,aio,AIO9_V1,C,center,,0,44.9773,-93.2654,True,,False,eligible_land,ELIGIBLE,CIVIC_CENTER_ANCHOR_V1_2026-09-09,WGS84_GEODESIC_DIRECT,7,1.0,in_country,0,,,,,SED_GEO_ELIGIBILITY_CENSUS_2025_V1
MKT022_AIO_N2P5,MKT022,Minneapolis,MN,aio,AIO9_V1,N2P5,N 2.5 mi,0,2.5,45.0135035,-93.2654,True,,False,eligible_land,ELIGIBLE,CIVIC_CENTER_ANCHOR_V1_2026-09-09,WGS84_GEODESIC_DIRECT,7,1.0,in_country,0,,,,,SED_GEO_ELIGIBILITY_CENSUS_2025_V1
MKT022_AIO_E2P5,MKT022,Minneapolis,MN,aio,AIO9_V1,E2P5,E 2.5 mi,90,2.5,44.9772886,-93.2143926,True,,False,eligible_land,ELIGIBLE,CIVIC_CENTER_ANCHOR_V1_2026-09-09,WGS84_GEODESIC_DIRECT,7,1.0,in_country,0,,,,,SED_GEO_ELIGIBILITY_CENSUS_2025_V1
MKT022_AIO_S2P5,MKT022,Minneapolis,MN,aio,AIO9_V1,S2P5,S 2.5 mi,180,2.5,44.9410962,-93.2654,True,,False,eligible_land,ELIGIBLE,CIVIC_CENTER_ANCHOR_V1_2026-09-09,WGS84_GEODESIC_DIRECT,7,1.0,in_country,0,,,,,SED_GEO_ELIGIBILITY_CENSUS_2025_V1
MKT022_AIO_W2P5,MKT022,Minneapolis,MN,aio,AIO9_V1,W2P5,W 2.5 mi,270,2.5,44.9772886,-93.3164074,True,,False,eligible_land,ELIGIBLE,CIVIC_CENTER_ANCHOR_V1_2026-09-09,WGS84_GEODESIC_DIRECT,7,1.0,in_country,0,,,,,SED_GEO_ELIGIBILITY_CENSUS_2025_V1
MKT022_AIO_N5,MKT022,Minneapolis,MN,aio,AIO9_V1,N5,N 5 mi,0,5,45.0497068,-93.2654,True,,False,eligible_land,ELIGIBLE,CIVIC_CENTER_ANCHOR_V1_2026-09-09,WGS84_GEODESIC_DIRECT,7,1.0,in_country,0,,,,,SED_GEO_ELIGIBILITY_CENSUS_2025_V1
MKT022_AIO_E5,MKT022,Minneapolis,MN,aio,AIO9_V1,E5,E 5 mi,90,5,44.9772544,-93.1633852,True,,False,eligible_land,ELIGIBLE,CIVIC_CENTER_ANCHOR_V1_2026-09-09,WGS84_GEODESIC_DIRECT,7,1.0,in_country,0,,,,,SED_GEO_ELIGIBILITY_CENSUS_2025_V1
MKT022_AIO_S5,MKT022,Minneapolis,MN,aio,AIO9_V1,S5,S 5 mi,180,5,44.9048922,-93.2654,True,,False,eligible_land,ELIGIBLE,CIVIC_CENTER_ANCHOR_V1_2026-09-09,WGS84_GEODESIC_DIRECT,7,1.0,in_country,0,,,,,SED_GEO_ELIGIBILITY_CENSUS_2025_V1
MKT022_AIO_W5,MKT022,Minneapolis,MN,aio,AIO9_V1,W5,W 5 mi,270,5,44.9772544,-93.3674148,True,,False,eligible_land,ELIGIBLE,CIVIC_CENTER_ANCHOR_V1_2026-09-09,WGS84_GEODESIC_DIRECT,7,1.0,in_country,0,,,,,SED_GEO_ELIGIBILITY_CENSUS_2025_V1
MKT023_MAPORG_C,MKT023,Milwaukee,WI,maps_organic,MAPORG13_V1,C,center,,0,43.04171,-87.90979,True,True,False,eligible_land,ELIGIBLE,CIVIC_CENTER_ANCHOR_V1_2026-09-09,WGS84_GEODESIC_DIRECT,7,1.0,in_country,0,,,,,SED_GEO_ELIGIBILITY_CENSUS_2025_V1
MKT023_MAPORG_N1,MKT023,Milwaukee,WI,maps_organic,MAPORG13_V1,N1,N 1 mi,0,1,43.0561964,-87.90979,True,True,False,eligible_land,ELIGIBLE,CIVIC_CENTER_ANCHOR_V1_2026-09-09,WGS84_GEODESIC_DIRECT,7,1.0,in_country,0,,,,,SED_GEO_ELIGIBILITY_CENSUS_2025_V1
MKT023_MAPORG_E1,MKT023,Milwaukee,WI,maps_organic,MAPORG13_V1,E1,E 1 mi,90,1,43.0417083,-87.89004,True,True,False,structural_water_exclusion,STRUCTURAL_EXCLUSION,CIVIC_CENTER_ANCHOR_V1_2026-09-09,WGS84_GEODESIC_DIRECT,7,1.0,in_country,1,H2030,Lk Michigan,1102213916705,tl_2025_55079_areawater.zip,SED_GEO_ELIGIBILITY_CENSUS_2025_V1
MKT023_MAPORG_S1,MKT023,Milwaukee,WI,maps_organic,MAPORG13_V1,S1,S 1 mi,180,1,43.0272236,-87.90979,True,True,False,eligible_land,ELIGIBLE,CIVIC_CENTER_ANCHOR_V1_2026-09-09,WGS84_GEODESIC_DIRECT,7,1.0,in_country,0,,,,,SED_GEO_ELIGIBILITY_CENSUS_2025_V1
MKT023_MAPORG_W1,MKT023,Milwaukee,WI,maps_organic,MAPORG13_V1,W1,W 1 mi,270,1,43.0417083,-87.92954,True,True,False,eligible_land,ELIGIBLE,CIVIC_CENTER_ANCHOR_V1_2026-09-09,WGS84_GEODESIC_DIRECT,7,1.0,in_country,0,,,,,SED_GEO_ELIGIBILITY_CENSUS_2025_V1
MKT023_MAPORG_N3,MKT023,Milwaukee,WI,maps_organic,MAPORG13_V1,N3,N 3 mi,0,3,43.085169,-87.90979,True,False,True,eligible_land,ELIGIBLE,CIVIC_CENTER_ANCHOR_V1_2026-09-09,WGS84_GEODESIC_DIRECT,7,1.0,in_country,0,,,,,SED_GEO_ELIGIBILITY_CENSUS_2025_V1
MKT023_MAPORG_E3,MKT023,Milwaukee,WI,maps_organic,MAPORG13_V1,E3,E 3 mi,90,3,43.0416947,-87.85054,True,False,True,structural_water_exclusion,STRUCTURAL_EXCLUSION,CIVIC_CENTER_ANCHOR_V1_2026-09-09,WGS84_GEODESIC_DIRECT,7,1.0,in_country,1,H2030,Lk Michigan,1102213916705,tl_2025_55079_areawater.zip,SED_GEO_ELIGIBILITY_CENSUS_2025_V1
MKT023_MAPORG_S3,MKT023,Milwaukee,WI,maps_organic,MAPORG13_V1,S3,S 3 mi,180,3,42.9982507,-87.90979,True,False,True,eligible_land,ELIGIBLE,CIVIC_CENTER_ANCHOR_V1_2026-09-09,WGS84_GEODESIC_DIRECT,7,1.0,in_country,0,,,,,SED_GEO_ELIGIBILITY_CENSUS_2025_V1
MKT023_MAPORG_W3,MKT023,Milwaukee,WI,maps_organic,MAPORG13_V1,W3,W 3 mi,270,3,43.0416947,-87.96904,True,False,True,eligible_land,ELIGIBLE,CIVIC_CENTER_ANCHOR_V1_2026-09-09,WGS84_GEODESIC_DIRECT,7,1.0,in_country,0,,,,,SED_GEO_ELIGIBILITY_CENSUS_2025_V1
MKT023_MAPORG_N5,MKT023,Milwaukee,WI,maps_organic,MAPORG13_V1,N5,N 5 mi,0,5,43.1141415,-87.90979,True,True,False,eligible_land,ELIGIBLE,CIVIC_CENTER_ANCHOR_V1_2026-09-09,WGS84_GEODESIC_DIRECT,7,1.0,in_country,0,,,,,SED_GEO_ELIGIBILITY_CENSUS_2025_V1
MKT023_MAPORG_E5,MKT023,Milwaukee,WI,maps_organic,MAPORG13_V1,E5,E 5 mi,90,5,43.0416674,-87.8110401,True,True,False,structural_water_exclusion,STRUCTURAL_EXCLUSION,CIVIC_CENTER_ANCHOR_V1_2026-09-09,WGS84_GEODESIC_DIRECT,7,1.0,in_country,1,H2030,Lk Michigan,1102213916705,tl_2025_55079_areawater.zip,SED_GEO_ELIGIBILITY_CENSUS_2025_V1
MKT023_MAPORG_S5,MKT023,Milwaukee,WI,maps_organic,MAPORG13_V1,S5,S 5 mi,180,5,42.9692776,-87.90979,True,True,False,eligible_land,ELIGIBLE,CIVIC_CENTER_ANCHOR_V1_2026-09-09,WGS84_GEODESIC_DIRECT,7,1.0,in_country,0,,,,,SED_GEO_ELIGIBILITY_CENSUS_2025_V1
MKT023_MAPORG_W5,MKT023,Milwaukee,WI,maps_organic,MAPORG13_V1,W5,W 5 mi,270,5,43.0416674,-88.0085399,True,True,False,eligible_land,ELIGIBLE,CIVIC_CENTER_ANCHOR_V1_2026-09-09,WGS84_GEODESIC_DIRECT,7,1.0,in_country,0,,,,,SED_GEO_ELIGIBILITY_CENSUS_2025_V1
MKT023_AIO_C,MKT023,Milwaukee,WI,aio,AIO9_V1,C,center,,0,43.04171,-87.90979,True,,False,eligible_land,ELIGIBLE,CIVIC_CENTER_ANCHOR_V1_2026-09-09,WGS84_GEODESIC_DIRECT,7,1.0,in_country,0,,,,,SED_GEO_ELIGIBILITY_CENSUS_2025_V1
MKT023_AIO_N2P5,MKT023,Milwaukee,WI,aio,AIO9_V1,N2P5,N 2.5 mi,0,2.5,43.0779258,-87.90979,True,,False,eligible_land,ELIGIBLE,CIVIC_CENTER_ANCHOR_V1_2026-09-09,WGS84_GEODESIC_DIRECT,7,1.0,in_country,0,,,,,SED_GEO_ELIGIBILITY_CENSUS_2025_V1
MKT023_AIO_E2P5,MKT023,Milwaukee,WI,aio,AIO9_V1,E2P5,E 2.5 mi,90,2.5,43.0416993,-87.860415,True,,False,structural_water_exclusion,STRUCTURAL_EXCLUSION,CIVIC_CENTER_ANCHOR_V1_2026-09-09,WGS84_GEODESIC_DIRECT,7,1.0,in_country,1,H2030,Lk Michigan,1102213916705,tl_2025_55079_areawater.zip,SED_GEO_ELIGIBILITY_CENSUS_2025_V1
MKT023_AIO_S2P5,MKT023,Milwaukee,WI,aio,AIO9_V1,S2P5,S 2.5 mi,180,2.5,43.0054939,-87.90979,True,,False,eligible_land,ELIGIBLE,CIVIC_CENTER_ANCHOR_V1_2026-09-09,WGS84_GEODESIC_DIRECT,7,1.0,in_country,0,,,,,SED_GEO_ELIGIBILITY_CENSUS_2025_V1
MKT023_AIO_W2P5,MKT023,Milwaukee,WI,aio,AIO9_V1,W2P5,W 2.5 mi,270,2.5,43.0416993,-87.959165,True,,False,eligible_land,ELIGIBLE,CIVIC_CENTER_ANCHOR_V1_2026-09-09,WGS84_GEODESIC_DIRECT,7,1.0,in_country,0,,,,,SED_GEO_ELIGIBILITY_CENSUS_2025_V1
MKT023_AIO_N5,MKT023,Milwaukee,WI,aio,AIO9_V1,N5,N 5 mi,0,5,43.1141415,-87.90979,True,,False,eligible_land,ELIGIBLE,CIVIC_CENTER_ANCHOR_V1_2026-09-09,WGS84_GEODESIC_DIRECT,7,1.0,in_country,0,,,,,SED_GEO_ELIGIBILITY_CENSUS_2025_V1
MKT023_AIO_E5,MKT023,Milwaukee,WI,aio,AIO9_V1,E5,E 5 mi,90,5,43.0416674,-87.8110401,True,,False,structural_water_exclusion,STRUCTURAL_EXCLUSION,CIVIC_CENTER_ANCHOR_V1_2026-09-09,WGS84_GEODESIC_DIRECT,7,1.0,in_country,1,H2030,Lk Michigan,1102213916705,tl_2025_55079_areawater.zip,SED_GEO_ELIGIBILITY_CENSUS_2025_V1
MKT023_AIO_S5,MKT023,Milwaukee,WI,aio,AIO9_V1,S5,S 5 mi,180,5,42.9692776,-87.90979,True,,False,eligible_land,ELIGIBLE,CIVIC_CENTER_ANCHOR_V1_2026-09-09,WGS84_GEODESIC_DIRECT,7,1.0,in_country,0,,,,,SED_GEO_ELIGIBILITY_CENSUS_2025_V1
MKT023_AIO_W5,MKT023,Milwaukee,WI,aio,AIO9_V1,W5,W 5 mi,270,5,43.0416674,-88.0085399,True,,False,eligible_land,ELIGIBLE,CIVIC_CENTER_ANCHOR_V1_2026-09-09,WGS84_GEODESIC_DIRECT,7,1.0,in_country,0,,,,,SED_GEO_ELIGIBILITY_CENSUS_2025_V1
MKT024_MAPORG_C,MKT024,Detroit,MI,maps_organic,MAPORG13_V1,C,center,,0,42.3295,-83.04426,True,True,False,eligible_land,ELIGIBLE,CIVIC_CENTER_ANCHOR_V1_2026-09-09,WGS84_GEODESIC_DIRECT,7,1.0,in_country,0,,,,,SED_GEO_ELIGIBILITY_CENSUS_2025_V1
MKT024_MAPORG_N1,MKT024,Detroit,MI,maps_organic,MAPORG13_V1,N1,N 1 mi,0,1,42.3439882,-83.04426,True,True,False,eligible_land,ELIGIBLE,CIVIC_CENTER_ANCHOR_V1_2026-09-09,WGS84_GEODESIC_DIRECT,7,1.0,in_country,0,,,,,SED_GEO_ELIGIBILITY_CENSUS_2025_V1
MKT024_MAPORG_E1,MKT024,Detroit,MI,maps_organic,MAPORG13_V1,E1,E 1 mi,90,1,42.3294983,-83.0247343,True,True,False,structural_water_exclusion,STRUCTURAL_EXCLUSION,CIVIC_CENTER_ANCHOR_V1_2026-09-09,WGS84_GEODESIC_DIRECT,7,1.0,in_country,1,H3010,Detroit Riv,11033380827136,tl_2025_26163_areawater.zip,SED_GEO_ELIGIBILITY_CENSUS_2025_V1
MKT024_MAPORG_S1,MKT024,Detroit,MI,maps_organic,MAPORG13_V1,S1,S 1 mi,180,1,42.3150118,-83.04426,True,True,False,not_evaluated_outside_country,STRUCTURAL_EXCLUSION,CIVIC_CENTER_ANCHOR_V1_2026-09-09,WGS84_GEODESIC_DIRECT,7,1.0,outside_country_exclusion,0,,,,,SED_GEO_ELIGIBILITY_CENSUS_2025_V1
MKT024_MAPORG_W1,MKT024,Detroit,MI,maps_organic,MAPORG13_V1,W1,W 1 mi,270,1,42.3294983,-83.0637857,True,True,False,eligible_land,ELIGIBLE,CIVIC_CENTER_ANCHOR_V1_2026-09-09,WGS84_GEODESIC_DIRECT,7,1.0,in_country,0,,,,,SED_GEO_ELIGIBILITY_CENSUS_2025_V1
MKT024_MAPORG_N3,MKT024,Detroit,MI,maps_organic,MAPORG13_V1,N3,N 3 mi,0,3,42.3729644,-83.04426,True,False,True,eligible_land,ELIGIBLE,CIVIC_CENTER_ANCHOR_V1_2026-09-09,WGS84_GEODESIC_DIRECT,7,1.0,in_country,0,,,,,SED_GEO_ELIGIBILITY_CENSUS_2025_V1
MKT024_MAPORG_E3,MKT024,Detroit,MI,maps_organic,MAPORG13_V1,E3,E 3 mi,90,3,42.329485,-82.985683,True,False,True,not_evaluated_outside_country,STRUCTURAL_EXCLUSION,CIVIC_CENTER_ANCHOR_V1_2026-09-09,WGS84_GEODESIC_DIRECT,7,1.0,outside_country_exclusion,0,,,,,SED_GEO_ELIGIBILITY_CENSUS_2025_V1
MKT024_MAPORG_S3,MKT024,Detroit,MI,maps_organic,MAPORG13_V1,S3,S 3 mi,180,3,42.2860353,-83.04426,True,False,True,not_evaluated_outside_country,STRUCTURAL_EXCLUSION,CIVIC_CENTER_ANCHOR_V1_2026-09-09,WGS84_GEODESIC_DIRECT,7,1.0,outside_country_exclusion,0,,,,,SED_GEO_ELIGIBILITY_CENSUS_2025_V1
MKT024_MAPORG_W3,MKT024,Detroit,MI,maps_organic,MAPORG13_V1,W3,W 3 mi,270,3,42.329485,-83.102837,True,False,True,eligible_land,ELIGIBLE,CIVIC_CENTER_ANCHOR_V1_2026-09-09,WGS84_GEODESIC_DIRECT,7,1.0,in_country,0,,,,,SED_GEO_ELIGIBILITY_CENSUS_2025_V1
MKT024_MAPORG_N5,MKT024,Detroit,MI,maps_organic,MAPORG13_V1,N5,N 5 mi,0,5,42.4019405,-83.04426,True,True,False,eligible_land,ELIGIBLE,CIVIC_CENTER_ANCHOR_V1_2026-09-09,WGS84_GEODESIC_DIRECT,7,1.0,in_country,0,,,,,SED_GEO_ELIGIBILITY_CENSUS_2025_V1
MKT024_MAPORG_E5,MKT024,Detroit,MI,maps_organic,MAPORG13_V1,E5,E 5 mi,90,5,42.3294584,-82.9466317,True,True,False,not_evaluated_outside_country,STRUCTURAL_EXCLUSION,CIVIC_CENTER_ANCHOR_V1_2026-09-09,WGS84_GEODESIC_DIRECT,7,1.0,outside_country_exclusion,0,,,,,SED_GEO_ELIGIBILITY_CENSUS_2025_V1
MKT024_MAPORG_S5,MKT024,Detroit,MI,maps_organic,MAPORG13_V1,S5,S 5 mi,180,5,42.2570586,-83.04426,True,True,False,not_evaluated_outside_country,STRUCTURAL_EXCLUSION,CIVIC_CENTER_ANCHOR_V1_2026-09-09,WGS84_GEODESIC_DIRECT,7,1.0,outside_country_exclusion,0,,,,,SED_GEO_ELIGIBILITY_CENSUS_2025_V1
MKT024_MAPORG_W5,MKT024,Detroit,MI,maps_organic,MAPORG13_V1,W5,W 5 mi,270,5,42.3294584,-83.1418883,True,True,False,eligible_land,ELIGIBLE,CIVIC_CENTER_ANCHOR_V1_2026-09-09,WGS84_GEODESIC_DIRECT,7,1.0,in_country,0,,,,,SED_GEO_ELIGIBILITY_CENSUS_2025_V1
MKT024_AIO_C,MKT024,Detroit,MI,aio,AIO9_V1,C,center,,0,42.3295,-83.04426,True,,False,eligible_land,ELIGIBLE,CIVIC_CENTER_ANCHOR_V1_2026-09-09,WGS84_GEODESIC_DIRECT,7,1.0,in_country,0,,,,,SED_GEO_ELIGIBILITY_CENSUS_2025_V1
MKT024_AIO_N2P5,MKT024,Detroit,MI,aio,AIO9_V1,N2P5,N 2.5 mi,0,2.5,42.3657204,-83.04426,True,,False,eligible_land,ELIGIBLE,CIVIC_CENTER_ANCHOR_V1_2026-09-09,WGS84_GEODESIC_DIRECT,7,1.0,in_country,0,,,,,SED_GEO_ELIGIBILITY_CENSUS_2025_V1
MKT024_AIO_E2P5,MKT024,Detroit,MI,aio,AIO9_V1,E2P5,E 2.5 mi,90,2.5,42.3294896,-82.9954458,True,,False,not_evaluated_outside_country,STRUCTURAL_EXCLUSION,CIVIC_CENTER_ANCHOR_V1_2026-09-09,WGS84_GEODESIC_DIRECT,7,1.0,outside_country_exclusion,0,,,,,SED_GEO_ELIGIBILITY_CENSUS_2025_V1
MKT024_AIO_S2P5,MKT024,Detroit,MI,aio,AIO9_V1,S2P5,S 2.5 mi,180,2.5,42.2932794,-83.04426,True,,False,not_evaluated_outside_country,STRUCTURAL_EXCLUSION,CIVIC_CENTER_ANCHOR_V1_2026-09-09,WGS84_GEODESIC_DIRECT,7,1.0,outside_country_exclusion,0,,,,,SED_GEO_ELIGIBILITY_CENSUS_2025_V1
MKT024_AIO_W2P5,MKT024,Detroit,MI,aio,AIO9_V1,W2P5,W 2.5 mi,270,2.5,42.3294896,-83.0930742,True,,False,eligible_land,ELIGIBLE,CIVIC_CENTER_ANCHOR_V1_2026-09-09,WGS84_GEODESIC_DIRECT,7,1.0,in_country,0,,,,,SED_GEO_ELIGIBILITY_CENSUS_2025_V1
MKT024_AIO_N5,MKT024,Detroit,MI,aio,AIO9_V1,N5,N 5 mi,0,5,42.4019405,-83.04426,True,,False,eligible_land,ELIGIBLE,CIVIC_CENTER_ANCHOR_V1_2026-09-09,WGS84_GEODESIC_DIRECT,7,1.0,in_country,0,,,,,SED_GEO_ELIGIBILITY_CENSUS_2025_V1
MKT024_AIO_E5,MKT024,Detroit,MI,aio,AIO9_V1,E5,E 5 mi,90,5,42.3294584,-82.9466317,True,,False,not_evaluated_outside_country,STRUCTURAL_EXCLUSION,CIVIC_CENTER_ANCHOR_V1_2026-09-09,WGS84_GEODESIC_DIRECT,7,1.0,outside_country_exclusion,0,,,,,SED_GEO_ELIGIBILITY_CENSUS_2025_V1
MKT024_AIO_S5,MKT024,Detroit,MI,aio,AIO9_V1,S5,S 5 mi,180,5,42.2570586,-83.04426,True,,False,not_evaluated_outside_country,STRUCTURAL_EXCLUSION,CIVIC_CENTER_ANCHOR_V1_2026-09-09,WGS84_GEODESIC_DIRECT,7,1.0,outside_country_exclusion,0,,,,,SED_GEO_ELIGIBILITY_CENSUS_2025_V1
MKT024_AIO_W5,MKT024,Detroit,MI,aio,AIO9_V1,W5,W 5 mi,270,5,42.3294584,-83.1418883,True,,False,eligible_land,ELIGIBLE,CIVIC_CENTER_ANCHOR_V1_2026-09-09,WGS84_GEODESIC_DIRECT,7,1.0,in_country,0,,,,,SED_GEO_ELIGIBILITY_CENSUS_2025_V1
MKT025_MAPORG_C,MKT025,Columbus,OH,maps_organic,MAPORG13_V1,C,center,,0,39.96265,-83.00337,True,True,False,eligible_land,ELIGIBLE,CIVIC_CENTER_ANCHOR_V1_2026-09-09,WGS84_GEODESIC_DIRECT,7,1.0,in_country,0,,,,,SED_GEO_ELIGIBILITY_CENSUS_2025_V1
MKT025_MAPORG_N1,MKT025,Columbus,OH,maps_organic,MAPORG13_V1,N1,N 1 mi,0,1,39.9771441,-83.00337,True,True,False,eligible_land,ELIGIBLE,CIVIC_CENTER_ANCHOR_V1_2026-09-09,WGS84_GEODESIC_DIRECT,7,1.0,in_country,0,,,,,SED_GEO_ELIGIBILITY_CENSUS_2025_V1
MKT025_MAPORG_E1,MKT025,Columbus,OH,maps_organic,MAPORG13_V1,E1,E 1 mi,90,1,39.9626485,-82.9845341,True,True,False,eligible_land,ELIGIBLE,CIVIC_CENTER_ANCHOR_V1_2026-09-09,WGS84_GEODESIC_DIRECT,7,1.0,in_country,0,,,,,SED_GEO_ELIGIBILITY_CENSUS_2025_V1
MKT025_MAPORG_S1,MKT025,Columbus,OH,maps_organic,MAPORG13_V1,S1,S 1 mi,180,1,39.9481558,-83.00337,True,True,False,eligible_land,ELIGIBLE,CIVIC_CENTER_ANCHOR_V1_2026-09-09,WGS84_GEODESIC_DIRECT,7,1.0,in_country,0,,,,,SED_GEO_ELIGIBILITY_CENSUS_2025_V1
MKT025_MAPORG_W1,MKT025,Columbus,OH,maps_organic,MAPORG13_V1,W1,W 1 mi,270,1,39.9626485,-83.0222059,True,True,False,eligible_land,ELIGIBLE,CIVIC_CENTER_ANCHOR_V1_2026-09-09,WGS84_GEODESIC_DIRECT,7,1.0,in_country,0,,,,,SED_GEO_ELIGIBILITY_CENSUS_2025_V1
MKT025_MAPORG_N3,MKT025,Columbus,OH,maps_organic,MAPORG13_V1,N3,N 3 mi,0,3,40.0061323,-83.00337,True,False,True,eligible_land,ELIGIBLE,CIVIC_CENTER_ANCHOR_V1_2026-09-09,WGS84_GEODESIC_DIRECT,7,1.0,in_country,0,,,,,SED_GEO_ELIGIBILITY_CENSUS_2025_V1
MKT025_MAPORG_E3,MKT025,Columbus,OH,maps_organic,MAPORG13_V1,E3,E 3 mi,90,3,39.9626362,-82.9468624,True,False,True,eligible_land,ELIGIBLE,CIVIC_CENTER_ANCHOR_V1_2026-09-09,WGS84_GEODESIC_DIRECT,7,1.0,in_country,0,,,,,SED_GEO_ELIGIBILITY_CENSUS_2025_V1
MKT025_MAPORG_S3,MKT025,Columbus,OH,maps_organic,MAPORG13_V1,S3,S 3 mi,180,3,39.9191673,-83.00337,True,False,True,structural_water_exclusion,STRUCTURAL_EXCLUSION,CIVIC_CENTER_ANCHOR_V1_2026-09-09,WGS84_GEODESIC_DIRECT,7,1.0,in_country,1,H2030,,110482446449,tl_2025_39049_areawater.zip,SED_GEO_ELIGIBILITY_CENSUS_2025_V1
MKT025_MAPORG_W3,MKT025,Columbus,OH,maps_organic,MAPORG13_V1,W3,W 3 mi,270,3,39.9626362,-83.0598776,True,False,True,eligible_land,ELIGIBLE,CIVIC_CENTER_ANCHOR_V1_2026-09-09,WGS84_GEODESIC_DIRECT,7,1.0,in_country,0,,,,,SED_GEO_ELIGIBILITY_CENSUS_2025_V1
MKT025_MAPORG_N5,MKT025,Columbus,OH,maps_organic,MAPORG13_V1,N5,N 5 mi,0,5,40.0351204,-83.00337,True,True,False,eligible_land,ELIGIBLE,CIVIC_CENTER_ANCHOR_V1_2026-09-09,WGS84_GEODESIC_DIRECT,7,1.0,in_country,0,,,,,SED_GEO_ELIGIBILITY_CENSUS_2025_V1
MKT025_MAPORG_E5,MKT025,Columbus,OH,maps_organic,MAPORG13_V1,E5,E 5 mi,90,5,39.9626117,-82.9091907,True,True,False,eligible_land,ELIGIBLE,CIVIC_CENTER_ANCHOR_V1_2026-09-09,WGS84_GEODESIC_DIRECT,7,1.0,in_country,0,,,,,SED_GEO_ELIGIBILITY_CENSUS_2025_V1
MKT025_MAPORG_S5,MKT025,Columbus,OH,maps_organic,MAPORG13_V1,S5,S 5 mi,180,5,39.8901787,-83.00337,True,True,False,eligible_land,ELIGIBLE,CIVIC_CENTER_ANCHOR_V1_2026-09-09,WGS84_GEODESIC_DIRECT,7,1.0,in_country,0,,,,,SED_GEO_ELIGIBILITY_CENSUS_2025_V1
MKT025_MAPORG_W5,MKT025,Columbus,OH,maps_organic,MAPORG13_V1,W5,W 5 mi,270,5,39.9626117,-83.0975493,True,True,False,eligible_land,ELIGIBLE,CIVIC_CENTER_ANCHOR_V1_2026-09-09,WGS84_GEODESIC_DIRECT,7,1.0,in_country,0,,,,,SED_GEO_ELIGIBILITY_CENSUS_2025_V1
MKT025_AIO_C,MKT025,Columbus,OH,aio,AIO9_V1,C,center,,0,39.96265,-83.00337,True,,False,eligible_land,ELIGIBLE,CIVIC_CENTER_ANCHOR_V1_2026-09-09,WGS84_GEODESIC_DIRECT,7,1.0,in_country,0,,,,,SED_GEO_ELIGIBILITY_CENSUS_2025_V1
MKT025_AIO_N2P5,MKT025,Columbus,OH,aio,AIO9_V1,N2P5,N 2.5 mi,0,2.5,39.9988853,-83.00337,True,,False,eligible_land,ELIGIBLE,CIVIC_CENTER_ANCHOR_V1_2026-09-09,WGS84_GEODESIC_DIRECT,7,1.0,in_country,0,,,,,SED_GEO_ELIGIBILITY_CENSUS_2025_V1
MKT025_AIO_E2P5,MKT025,Columbus,OH,aio,AIO9_V1,E2P5,E 2.5 mi,90,2.5,39.9626404,-82.9562803,True,,False,eligible_land,ELIGIBLE,CIVIC_CENTER_ANCHOR_V1_2026-09-09,WGS84_GEODESIC_DIRECT,7,1.0,in_country,0,,,,,SED_GEO_ELIGIBILITY_CENSUS_2025_V1
MKT025_AIO_S2P5,MKT025,Columbus,OH,aio,AIO9_V1,S2P5,S 2.5 mi,180,2.5,39.9264145,-83.00337,True,,False,eligible_land,ELIGIBLE,CIVIC_CENTER_ANCHOR_V1_2026-09-09,WGS84_GEODESIC_DIRECT,7,1.0,in_country,0,,,,,SED_GEO_ELIGIBILITY_CENSUS_2025_V1
MKT025_AIO_W2P5,MKT025,Columbus,OH,aio,AIO9_V1,W2P5,W 2.5 mi,270,2.5,39.9626404,-83.0504597,True,,False,eligible_land,ELIGIBLE,CIVIC_CENTER_ANCHOR_V1_2026-09-09,WGS84_GEODESIC_DIRECT,7,1.0,in_country,0,,,,,SED_GEO_ELIGIBILITY_CENSUS_2025_V1
MKT025_AIO_N5,MKT025,Columbus,OH,aio,AIO9_V1,N5,N 5 mi,0,5,40.0351204,-83.00337,True,,False,eligible_land,ELIGIBLE,CIVIC_CENTER_ANCHOR_V1_2026-09-09,WGS84_GEODESIC_DIRECT,7,1.0,in_country,0,,,,,SED_GEO_ELIGIBILITY_CENSUS_2025_V1
MKT025_AIO_E5,MKT025,Columbus,OH,aio,AIO9_V1,E5,E 5 mi,90,5,39.9626117,-82.9091907,True,,False,eligible_land,ELIGIBLE,CIVIC_CENTER_ANCHOR_V1_2026-09-09,WGS84_GEODESIC_DIRECT,7,1.0,in_country,0,,,,,SED_GEO_ELIGIBILITY_CENSUS_2025_V1
MKT025_AIO_S5,MKT025,Columbus,OH,aio,AIO9_V1,S5,S 5 mi,180,5,39.8901787,-83.00337,True,,False,eligible_land,ELIGIBLE,CIVIC_CENTER_ANCHOR_V1_2026-09-09,WGS84_GEODESIC_DIRECT,7,1.0,in_country,0,,,,,SED_GEO_ELIGIBILITY_CENSUS_2025_V1
MKT025_AIO_W5,MKT025,Columbus,OH,aio,AIO9_V1,W5,W 5 mi,270,5,39.9626117,-83.0975493,True,,False,eligible_land,ELIGIBLE,CIVIC_CENTER_ANCHOR_V1_2026-09-09,WGS84_GEODESIC_DIRECT,7,1.0,in_country,0,,,,,SED_GEO_ELIGIBILITY_CENSUS_2025_V1
MKT026_MAPORG_C,MKT026,Cincinnati,OH,maps_organic,MAPORG13_V1,C,center,,0,39.10423,-84.51939,True,True,False,eligible_land,ELIGIBLE,CIVIC_CENTER_ANCHOR_V1_2026-09-09,WGS84_GEODESIC_DIRECT,7,1.0,in_country,0,,,,,SED_GEO_ELIGIBILITY_CENSUS_2025_V1
MKT026_MAPORG_N1,MKT026,Cincinnati,OH,maps_organic,MAPORG13_V1,N1,N 1 mi,0,1,39.1187263,-84.51939,True,True,False,eligible_land,ELIGIBLE,CIVIC_CENTER_ANCHOR_V1_2026-09-09,WGS84_GEODESIC_DIRECT,7,1.0,in_country,0,,,,,SED_GEO_ELIGIBILITY_CENSUS_2025_V1
MKT026_MAPORG_E1,MKT026,Cincinnati,OH,maps_organic,MAPORG13_V1,E1,E 1 mi,90,1,39.1042285,-84.5007847,True,True,False,eligible_land,ELIGIBLE,CIVIC_CENTER_ANCHOR_V1_2026-09-09,WGS84_GEODESIC_DIRECT,7,1.0,in_country,0,,,,,SED_GEO_ELIGIBILITY_CENSUS_2025_V1
MKT026_MAPORG_S1,MKT026,Cincinnati,OH,maps_organic,MAPORG13_V1,S1,S 1 mi,180,1,39.0897337,-84.51939,True,True,False,structural_water_exclusion,STRUCTURAL_EXCLUSION,CIVIC_CENTER_ANCHOR_V1_2026-09-09,WGS84_GEODESIC_DIRECT,7,1.0,in_country,1,H3010,Ohio Riv,1101929405732,tl_2025_21117_areawater.zip,SED_GEO_ELIGIBILITY_CENSUS_2025_V1
MKT026_MAPORG_W1,MKT026,Cincinnati,OH,maps_organic,MAPORG13_V1,W1,W 1 mi,270,1,39.1042285,-84.5379953,True,True,False,eligible_land,ELIGIBLE,CIVIC_CENTER_ANCHOR_V1_2026-09-09,WGS84_GEODESIC_DIRECT,7,1.0,in_country,0,,,,,SED_GEO_ELIGIBILITY_CENSUS_2025_V1
MKT026_MAPORG_N3,MKT026,Cincinnati,OH,maps_organic,MAPORG13_V1,N3,N 3 mi,0,3,39.1477188,-84.51939,True,False,True,eligible_land,ELIGIBLE,CIVIC_CENTER_ANCHOR_V1_2026-09-09,WGS84_GEODESIC_DIRECT,7,1.0,in_country,0,,,,,SED_GEO_ELIGIBILITY_CENSUS_2025_V1
MKT026_MAPORG_E3,MKT026,Cincinnati,OH,maps_organic,MAPORG13_V1,E3,E 3 mi,90,3,39.1042166,-84.4635741,True,False,True,eligible_land,ELIGIBLE,CIVIC_CENTER_ANCHOR_V1_2026-09-09,WGS84_GEODESIC_DIRECT,7,1.0,in_country,0,,,,,SED_GEO_ELIGIBILITY_CENSUS_2025_V1
MKT026_MAPORG_S3,MKT026,Cincinnati,OH,maps_organic,MAPORG13_V1,S3,S 3 mi,180,3,39.0607409,-84.51939,True,False,True,eligible_land,ELIGIBLE,CIVIC_CENTER_ANCHOR_V1_2026-09-09,WGS84_GEODESIC_DIRECT,7,1.0,in_country,0,,,,,SED_GEO_ELIGIBILITY_CENSUS_2025_V1
MKT026_MAPORG_W3,MKT026,Cincinnati,OH,maps_organic,MAPORG13_V1,W3,W 3 mi,270,3,39.1042166,-84.5752059,True,False,True,eligible_land,ELIGIBLE,CIVIC_CENTER_ANCHOR_V1_2026-09-09,WGS84_GEODESIC_DIRECT,7,1.0,in_country,0,,,,,SED_GEO_ELIGIBILITY_CENSUS_2025_V1
MKT026_MAPORG_N5,MKT026,Cincinnati,OH,maps_organic,MAPORG13_V1,N5,N 5 mi,0,5,39.1767111,-84.51939,True,True,False,eligible_land,ELIGIBLE,CIVIC_CENTER_ANCHOR_V1_2026-09-09,WGS84_GEODESIC_DIRECT,7,1.0,in_country,0,,,,,SED_GEO_ELIGIBILITY_CENSUS_2025_V1
MKT026_MAPORG_E5,MKT026,Cincinnati,OH,maps_organic,MAPORG13_V1,E5,E 5 mi,90,5,39.1041929,-84.4263635,True,True,False,eligible_land,ELIGIBLE,CIVIC_CENTER_ANCHOR_V1_2026-09-09,WGS84_GEODESIC_DIRECT,7,1.0,in_country,0,,,,,SED_GEO_ELIGIBILITY_CENSUS_2025_V1
MKT026_MAPORG_S5,MKT026,Cincinnati,OH,maps_organic,MAPORG13_V1,S5,S 5 mi,180,5,39.031748,-84.51939,True,True,False,eligible_land,ELIGIBLE,CIVIC_CENTER_ANCHOR_V1_2026-09-09,WGS84_GEODESIC_DIRECT,7,1.0,in_country,0,,,,,SED_GEO_ELIGIBILITY_CENSUS_2025_V1
MKT026_MAPORG_W5,MKT026,Cincinnati,OH,maps_organic,MAPORG13_V1,W5,W 5 mi,270,5,39.1041929,-84.6124165,True,True,False,eligible_land,ELIGIBLE,CIVIC_CENTER_ANCHOR_V1_2026-09-09,WGS84_GEODESIC_DIRECT,7,1.0,in_country,0,,,,,SED_GEO_ELIGIBILITY_CENSUS_2025_V1
MKT026_AIO_C,MKT026,Cincinnati,OH,aio,AIO9_V1,C,center,,0,39.10423,-84.51939,True,,False,eligible_land,ELIGIBLE,CIVIC_CENTER_ANCHOR_V1_2026-09-09,WGS84_GEODESIC_DIRECT,7,1.0,in_country,0,,,,,SED_GEO_ELIGIBILITY_CENSUS_2025_V1
MKT026_AIO_N2P5,MKT026,Cincinnati,OH,aio,AIO9_V1,N2P5,N 2.5 mi,0,2.5,39.1404707,-84.51939,True,,False,eligible_land,ELIGIBLE,CIVIC_CENTER_ANCHOR_V1_2026-09-09,WGS84_GEODESIC_DIRECT,7,1.0,in_country,0,,,,,SED_GEO_ELIGIBILITY_CENSUS_2025_V1
MKT026_AIO_E2P5,MKT026,Cincinnati,OH,aio,AIO9_V1,E2P5,E 2.5 mi,90,2.5,39.1042207,-84.4728767,True,,False,eligible_land,ELIGIBLE,CIVIC_CENTER_ANCHOR_V1_2026-09-09,WGS84_GEODESIC_DIRECT,7,1.0,in_country,0,,,,,SED_GEO_ELIGIBILITY_CENSUS_2025_V1
MKT026_AIO_S2P5,MKT026,Cincinnati,OH,aio,AIO9_V1,S2P5,S 2.5 mi,180,2.5,39.0679891,-84.51939,True,,False,eligible_land,ELIGIBLE,CIVIC_CENTER_ANCHOR_V1_2026-09-09,WGS84_GEODESIC_DIRECT,7,1.0,in_country,0,,,,,SED_GEO_ELIGIBILITY_CENSUS_2025_V1
MKT026_AIO_W2P5,MKT026,Cincinnati,OH,aio,AIO9_V1,W2P5,W 2.5 mi,270,2.5,39.1042207,-84.5659033,True,,False,eligible_land,ELIGIBLE,CIVIC_CENTER_ANCHOR_V1_2026-09-09,WGS84_GEODESIC_DIRECT,7,1.0,in_country,0,,,,,SED_GEO_ELIGIBILITY_CENSUS_2025_V1
MKT026_AIO_N5,MKT026,Cincinnati,OH,aio,AIO9_V1,N5,N 5 mi,0,5,39.1767111,-84.51939,True,,False,eligible_land,ELIGIBLE,CIVIC_CENTER_ANCHOR_V1_2026-09-09,WGS84_GEODESIC_DIRECT,7,1.0,in_country,0,,,,,SED_GEO_ELIGIBILITY_CENSUS_2025_V1
MKT026_AIO_E5,MKT026,Cincinnati,OH,aio,AIO9_V1,E5,E 5 mi,90,5,39.1041929,-84.4263635,True,,False,eligible_land,ELIGIBLE,CIVIC_CENTER_ANCHOR_V1_2026-09-09,WGS84_GEODESIC_DIRECT,7,1.0,in_country,0,,,,,SED_GEO_ELIGIBILITY_CENSUS_2025_V1
MKT026_AIO_S5,MKT026,Cincinnati,OH,aio,AIO9_V1,S5,S 5 mi,180,5,39.031748,-84.51939,True,,False,eligible_land,ELIGIBLE,CIVIC_CENTER_ANCHOR_V1_2026-09-09,WGS84_GEODESIC_DIRECT,7,1.0,in_country,0,,,,,SED_GEO_ELIGIBILITY_CENSUS_2025_V1
MKT026_AIO_W5,MKT026,Cincinnati,OH,aio,AIO9_V1,W5,W 5 mi,270,5,39.1041929,-84.6124165,True,,False,eligible_land,ELIGIBLE,CIVIC_CENTER_ANCHOR_V1_2026-09-09,WGS84_GEODESIC_DIRECT,7,1.0,in_country,0,,,,,SED_GEO_ELIGIBILITY_CENSUS_2025_V1
MKT027_MAPORG_C,MKT027,Indianapolis,IN,maps_organic,MAPORG13_V1,C,center,,0,39.76797,-86.15354,True,True,False,eligible_land,ELIGIBLE,CIVIC_CENTER_ANCHOR_V1_2026-09-09,WGS84_GEODESIC_DIRECT,7,1.0,in_country,0,,,,,SED_GEO_ELIGIBILITY_CENSUS_2025_V1
MKT027_MAPORG_N1,MKT027,Indianapolis,IN,maps_organic,MAPORG13_V1,N1,N 1 mi,0,1,39.7824646,-86.15354,True,True,False,eligible_land,ELIGIBLE,CIVIC_CENTER_ANCHOR_V1_2026-09-09,WGS84_GEODESIC_DIRECT,7,1.0,in_country,0,,,,,SED_GEO_ELIGIBILITY_CENSUS_2025_V1
MKT027_MAPORG_E1,MKT027,Indianapolis,IN,maps_organic,MAPORG13_V1,E1,E 1 mi,90,1,39.7679685,-86.1347573,True,True,False,eligible_land,ELIGIBLE,CIVIC_CENTER_ANCHOR_V1_2026-09-09,WGS84_GEODESIC_DIRECT,7,1.0,in_country,0,,,,,SED_GEO_ELIGIBILITY_CENSUS_2025_V1
MKT027_MAPORG_S1,MKT027,Indianapolis,IN,maps_organic,MAPORG13_V1,S1,S 1 mi,180,1,39.7534753,-86.15354,True,True,False,eligible_land,ELIGIBLE,CIVIC_CENTER_ANCHOR_V1_2026-09-09,WGS84_GEODESIC_DIRECT,7,1.0,in_country,0,,,,,SED_GEO_ELIGIBILITY_CENSUS_2025_V1
MKT027_MAPORG_W1,MKT027,Indianapolis,IN,maps_organic,MAPORG13_V1,W1,W 1 mi,270,1,39.7679685,-86.1723227,True,True,False,eligible_land,ELIGIBLE,CIVIC_CENTER_ANCHOR_V1_2026-09-09,WGS84_GEODESIC_DIRECT,7,1.0,in_country,0,,,,,SED_GEO_ELIGIBILITY_CENSUS_2025_V1
MKT027_MAPORG_N3,MKT027,Indianapolis,IN,maps_organic,MAPORG13_V1,N3,N 3 mi,0,3,39.8114538,-86.15354,True,False,True,eligible_land,ELIGIBLE,CIVIC_CENTER_ANCHOR_V1_2026-09-09,WGS84_GEODESIC_DIRECT,7,1.0,in_country,0,,,,,SED_GEO_ELIGIBILITY_CENSUS_2025_V1
MKT027_MAPORG_E3,MKT027,Indianapolis,IN,maps_organic,MAPORG13_V1,E3,E 3 mi,90,3,39.7679563,-86.0971919,True,False,True,eligible_land,ELIGIBLE,CIVIC_CENTER_ANCHOR_V1_2026-09-09,WGS84_GEODESIC_DIRECT,7,1.0,in_country,0,,,,,SED_GEO_ELIGIBILITY_CENSUS_2025_V1
MKT027_MAPORG_S3,MKT027,Indianapolis,IN,maps_organic,MAPORG13_V1,S3,S 3 mi,180,3,39.7244859,-86.15354,True,False,True,eligible_land,ELIGIBLE,CIVIC_CENTER_ANCHOR_V1_2026-09-09,WGS84_GEODESIC_DIRECT,7,1.0,in_country,0,,,,,SED_GEO_ELIGIBILITY_CENSUS_2025_V1
MKT027_MAPORG_W3,MKT027,Indianapolis,IN,maps_organic,MAPORG13_V1,W3,W 3 mi,270,3,39.7679563,-86.2098881,True,False,True,eligible_land,ELIGIBLE,CIVIC_CENTER_ANCHOR_V1_2026-09-09,WGS84_GEODESIC_DIRECT,7,1.0,in_country,0,,,,,SED_GEO_ELIGIBILITY_CENSUS_2025_V1
MKT027_MAPORG_N5,MKT027,Indianapolis,IN,maps_organic,MAPORG13_V1,N5,N 5 mi,0,5,39.8404428,-86.15354,True,True,False,eligible_land,ELIGIBLE,CIVIC_CENTER_ANCHOR_V1_2026-09-09,WGS84_GEODESIC_DIRECT,7,1.0,in_country,0,,,,,SED_GEO_ELIGIBILITY_CENSUS_2025_V1
MKT027_MAPORG_E5,MKT027,Indianapolis,IN,maps_organic,MAPORG13_V1,E5,E 5 mi,90,5,39.767932,-86.0596265,True,True,False,eligible_land,ELIGIBLE,CIVIC_CENTER_ANCHOR_V1_2026-09-09,WGS84_GEODESIC_DIRECT,7,1.0,in_country,0,,,,,SED_GEO_ELIGIBILITY_CENSUS_2025_V1
MKT027_MAPORG_S5,MKT027,Indianapolis,IN,maps_organic,MAPORG13_V1,S5,S 5 mi,180,5,39.6954963,-86.15354,True,True,False,eligible_land,ELIGIBLE,CIVIC_CENTER_ANCHOR_V1_2026-09-09,WGS84_GEODESIC_DIRECT,7,1.0,in_country,0,,,,,SED_GEO_ELIGIBILITY_CENSUS_2025_V1
MKT027_MAPORG_W5,MKT027,Indianapolis,IN,maps_organic,MAPORG13_V1,W5,W 5 mi,270,5,39.767932,-86.2474535,True,True,False,eligible_land,ELIGIBLE,CIVIC_CENTER_ANCHOR_V1_2026-09-09,WGS84_GEODESIC_DIRECT,7,1.0,in_country,0,,,,,SED_GEO_ELIGIBILITY_CENSUS_2025_V1
MKT027_AIO_C,MKT027,Indianapolis,IN,aio,AIO9_V1,C,center,,0,39.76797,-86.15354,True,,False,eligible_land,ELIGIBLE,CIVIC_CENTER_ANCHOR_V1_2026-09-09,WGS84_GEODESIC_DIRECT,7,1.0,in_country,0,,,,,SED_GEO_ELIGIBILITY_CENSUS_2025_V1
MKT027_AIO_N2P5,MKT027,Indianapolis,IN,aio,AIO9_V1,N2P5,N 2.5 mi,0,2.5,39.8042065,-86.15354,True,,False,eligible_land,ELIGIBLE,CIVIC_CENTER_ANCHOR_V1_2026-09-09,WGS84_GEODESIC_DIRECT,7,1.0,in_country,0,,,,,SED_GEO_ELIGIBILITY_CENSUS_2025_V1
MKT027_AIO_E2P5,MKT027,Indianapolis,IN,aio,AIO9_V1,E2P5,E 2.5 mi,90,2.5,39.7679605,-86.1065832,True,,False,eligible_land,ELIGIBLE,CIVIC_CENTER_ANCHOR_V1_2026-09-09,WGS84_GEODESIC_DIRECT,7,1.0,in_country,0,,,,,SED_GEO_ELIGIBILITY_CENSUS_2025_V1
MKT027_AIO_S2P5,MKT027,Indianapolis,IN,aio,AIO9_V1,S2P5,S 2.5 mi,180,2.5,39.7317333,-86.15354,True,,False,eligible_land,ELIGIBLE,CIVIC_CENTER_ANCHOR_V1_2026-09-09,WGS84_GEODESIC_DIRECT,7,1.0,in_country,0,,,,,SED_GEO_ELIGIBILITY_CENSUS_2025_V1
MKT027_AIO_W2P5,MKT027,Indianapolis,IN,aio,AIO9_V1,W2P5,W 2.5 mi,270,2.5,39.7679605,-86.2004968,True,,False,eligible_land,ELIGIBLE,CIVIC_CENTER_ANCHOR_V1_2026-09-09,WGS84_GEODESIC_DIRECT,7,1.0,in_country,0,,,,,SED_GEO_ELIGIBILITY_CENSUS_2025_V1
MKT027_AIO_N5,MKT027,Indianapolis,IN,aio,AIO9_V1,N5,N 5 mi,0,5,39.8404428,-86.15354,True,,False,eligible_land,ELIGIBLE,CIVIC_CENTER_ANCHOR_V1_2026-09-09,WGS84_GEODESIC_DIRECT,7,1.0,in_country,0,,,,,SED_GEO_ELIGIBILITY_CENSUS_2025_V1
MKT027_AIO_E5,MKT027,Indianapolis,IN,aio,AIO9_V1,E5,E 5 mi,90,5,39.767932,-86.0596265,True,,False,eligible_land,ELIGIBLE,CIVIC_CENTER_ANCHOR_V1_2026-09-09,WGS84_GEODESIC_DIRECT,7,1.0,in_country,0,,,,,SED_GEO_ELIGIBILITY_CENSUS_2025_V1
MKT027_AIO_S5,MKT027,Indianapolis,IN,aio,AIO9_V1,S5,S 5 mi,180,5,39.6954963,-86.15354,True,,False,eligible_land,ELIGIBLE,CIVIC_CENTER_ANCHOR_V1_2026-09-09,WGS84_GEODESIC_DIRECT,7,1.0,in_country,0,,,,,SED_GEO_ELIGIBILITY_CENSUS_2025_V1
MKT027_AIO_W5,MKT027,Indianapolis,IN,aio,AIO9_V1,W5,W 5 mi,270,5,39.767932,-86.2474535,True,,False,eligible_land,ELIGIBLE,CIVIC_CENTER_ANCHOR_V1_2026-09-09,WGS84_GEODESIC_DIRECT,7,1.0,in_country,0,,,,,SED_GEO_ELIGIBILITY_CENSUS_2025_V1
MKT028_MAPORG_C,MKT028,St. Louis,MO,maps_organic,MAPORG13_V1,C,center,,0,38.626812,-90.199406,True,True,False,eligible_land,ELIGIBLE,CIVIC_CENTER_ANCHOR_V1_2026-09-09,WGS84_GEODESIC_DIRECT,7,1.0,in_country,0,,,,,SED_GEO_ELIGIBILITY_CENSUS_2025_V1
MKT028_MAPORG_N1,MKT028,St. Louis,MO,maps_organic,MAPORG13_V1,N1,N 1 mi,0,1,38.6413095,-90.199406,True,True,False,eligible_land,ELIGIBLE,CIVIC_CENTER_ANCHOR_V1_2026-09-09,WGS84_GEODESIC_DIRECT,7,1.0,in_country,0,,,,,SED_GEO_ELIGIBILITY_CENSUS_2025_V1
MKT028_MAPORG_E1,MKT028,St. Louis,MO,maps_organic,MAPORG13_V1,E1,E 1 mi,90,1,38.6268105,-90.1809247,True,True,False,structural_water_exclusion,STRUCTURAL_EXCLUSION,CIVIC_CENTER_ANCHOR_V1_2026-09-09,WGS84_GEODESIC_DIRECT,7,1.0,in_country,1,H3010,Mississippi Riv,1102212977721,tl_2025_29510_areawater.zip,SED_GEO_ELIGIBILITY_CENSUS_2025_V1
MKT028_MAPORG_S1,MKT028,St. Louis,MO,maps_organic,MAPORG13_V1,S1,S 1 mi,180,1,38.6123145,-90.199406,True,True,False,eligible_land,ELIGIBLE,CIVIC_CENTER_ANCHOR_V1_2026-09-09,WGS84_GEODESIC_DIRECT,7,1.0,in_country,0,,,,,SED_GEO_ELIGIBILITY_CENSUS_2025_V1
MKT028_MAPORG_W1,MKT028,St. Louis,MO,maps_organic,MAPORG13_V1,W1,W 1 mi,270,1,38.6268105,-90.2178873,True,True,False,eligible_land,ELIGIBLE,CIVIC_CENTER_ANCHOR_V1_2026-09-09,WGS84_GEODESIC_DIRECT,7,1.0,in_country,0,,,,,SED_GEO_ELIGIBILITY_CENSUS_2025_V1
MKT028_MAPORG_N3,MKT028,St. Louis,MO,maps_organic,MAPORG13_V1,N3,N 3 mi,0,3,38.6703043,-90.199406,True,False,True,eligible_land,ELIGIBLE,CIVIC_CENTER_ANCHOR_V1_2026-09-09,WGS84_GEODESIC_DIRECT,7,1.0,in_country,0,,,,,SED_GEO_ELIGIBILITY_CENSUS_2025_V1
MKT028_MAPORG_E3,MKT028,St. Louis,MO,maps_organic,MAPORG13_V1,E3,E 3 mi,90,3,38.6267989,-90.1439621,True,False,True,eligible_land,ELIGIBLE,CIVIC_CENTER_ANCHOR_V1_2026-09-09,WGS84_GEODESIC_DIRECT,7,1.0,in_country,0,,,,,SED_GEO_ELIGIBILITY_CENSUS_2025_V1
MKT028_MAPORG_S3,MKT028,St. Louis,MO,maps_organic,MAPORG13_V1,S3,S 3 mi,180,3,38.5833193,-90.199406,True,False,True,eligible_land,ELIGIBLE,CIVIC_CENTER_ANCHOR_V1_2026-09-09,WGS84_GEODESIC_DIRECT,7,1.0,in_country,0,,,,,SED_GEO_ELIGIBILITY_CENSUS_2025_V1
MKT028_MAPORG_W3,MKT028,St. Louis,MO,maps_organic,MAPORG13_V1,W3,W 3 mi,270,3,38.6267989,-90.2548499,True,False,True,eligible_land,ELIGIBLE,CIVIC_CENTER_ANCHOR_V1_2026-09-09,WGS84_GEODESIC_DIRECT,7,1.0,in_country,0,,,,,SED_GEO_ELIGIBILITY_CENSUS_2025_V1
MKT028_MAPORG_N5,MKT028,St. Louis,MO,maps_organic,MAPORG13_V1,N5,N 5 mi,0,5,38.6992991,-90.199406,True,True,False,structural_water_exclusion,STRUCTURAL_EXCLUSION,CIVIC_CENTER_ANCHOR_V1_2026-09-09,WGS84_GEODESIC_DIRECT,7,1.0,in_country,1,H3010,Mississippi Riv,110192851918,tl_2025_17119_areawater.zip,SED_GEO_ELIGIBILITY_CENSUS_2025_V1
MKT028_MAPORG_E5,MKT028,St. Louis,MO,maps_organic,MAPORG13_V1,E5,E 5 mi,90,5,38.6267755,-90.1069996,True,True,False,eligible_land,ELIGIBLE,CIVIC_CENTER_ANCHOR_V1_2026-09-09,WGS84_GEODESIC_DIRECT,7,1.0,in_country,0,,,,,SED_GEO_ELIGIBILITY_CENSUS_2025_V1
MKT028_MAPORG_S5,MKT028,St. Louis,MO,maps_organic,MAPORG13_V1,S5,S 5 mi,180,5,38.554324,-90.199406,True,True,False,eligible_land,ELIGIBLE,CIVIC_CENTER_ANCHOR_V1_2026-09-09,WGS84_GEODESIC_DIRECT,7,1.0,in_country,0,,,,,SED_GEO_ELIGIBILITY_CENSUS_2025_V1
MKT028_MAPORG_W5,MKT028,St. Louis,MO,maps_organic,MAPORG13_V1,W5,W 5 mi,270,5,38.6267755,-90.2918124,True,True,False,eligible_land,ELIGIBLE,CIVIC_CENTER_ANCHOR_V1_2026-09-09,WGS84_GEODESIC_DIRECT,7,1.0,in_country,0,,,,,SED_GEO_ELIGIBILITY_CENSUS_2025_V1
MKT028_AIO_C,MKT028,St. Louis,MO,aio,AIO9_V1,C,center,,0,38.626812,-90.199406,True,,False,eligible_land,ELIGIBLE,CIVIC_CENTER_ANCHOR_V1_2026-09-09,WGS84_GEODESIC_DIRECT,7,1.0,in_country,0,,,,,SED_GEO_ELIGIBILITY_CENSUS_2025_V1
MKT028_AIO_N2P5,MKT028,St. Louis,MO,aio,AIO9_V1,N2P5,N 2.5 mi,0,2.5,38.6630556,-90.199406,True,,False,eligible_land,ELIGIBLE,CIVIC_CENTER_ANCHOR_V1_2026-09-09,WGS84_GEODESIC_DIRECT,7,1.0,in_country,0,,,,,SED_GEO_ELIGIBILITY_CENSUS_2025_V1
MKT028_AIO_E2P5,MKT028,St. Louis,MO,aio,AIO9_V1,E2P5,E 2.5 mi,90,2.5,38.6268029,-90.1532028,True,,False,eligible_land,ELIGIBLE,CIVIC_CENTER_ANCHOR_V1_2026-09-09,WGS84_GEODESIC_DIRECT,7,1.0,in_country,0,,,,,SED_GEO_ELIGIBILITY_CENSUS_2025_V1
MKT028_AIO_S2P5,MKT028,St. Louis,MO,aio,AIO9_V1,S2P5,S 2.5 mi,180,2.5,38.5905681,-90.199406,True,,False,structural_water_exclusion,STRUCTURAL_EXCLUSION,CIVIC_CENTER_ANCHOR_V1_2026-09-09,WGS84_GEODESIC_DIRECT,7,1.0,in_country,1,H3010,Mississippi Riv,110194003860,tl_2025_17163_areawater.zip,SED_GEO_ELIGIBILITY_CENSUS_2025_V1
MKT028_AIO_W2P5,MKT028,St. Louis,MO,aio,AIO9_V1,W2P5,W 2.5 mi,270,2.5,38.6268029,-90.2456092,True,,False,eligible_land,ELIGIBLE,CIVIC_CENTER_ANCHOR_V1_2026-09-09,WGS84_GEODESIC_DIRECT,7,1.0,in_country,0,,,,,SED_GEO_ELIGIBILITY_CENSUS_2025_V1
MKT028_AIO_N5,MKT028,St. Louis,MO,aio,AIO9_V1,N5,N 5 mi,0,5,38.6992991,-90.199406,True,,False,structural_water_exclusion,STRUCTURAL_EXCLUSION,CIVIC_CENTER_ANCHOR_V1_2026-09-09,WGS84_GEODESIC_DIRECT,7,1.0,in_country,1,H3010,Mississippi Riv,110192851918,tl_2025_17119_areawater.zip,SED_GEO_ELIGIBILITY_CENSUS_2025_V1
MKT028_AIO_E5,MKT028,St. Louis,MO,aio,AIO9_V1,E5,E 5 mi,90,5,38.6267755,-90.1069996,True,,False,eligible_land,ELIGIBLE,CIVIC_CENTER_ANCHOR_V1_2026-09-09,WGS84_GEODESIC_DIRECT,7,1.0,in_country,0,,,,,SED_GEO_ELIGIBILITY_CENSUS_2025_V1
MKT028_AIO_S5,MKT028,St. Louis,MO,aio,AIO9_V1,S5,S 5 mi,180,5,38.554324,-90.199406,True,,False,eligible_land,ELIGIBLE,CIVIC_CENTER_ANCHOR_V1_2026-09-09,WGS84_GEODESIC_DIRECT,7,1.0,in_country,0,,,,,SED_GEO_ELIGIBILITY_CENSUS_2025_V1
MKT028_AIO_W5,MKT028,St. Louis,MO,aio,AIO9_V1,W5,W 5 mi,270,5,38.6267755,-90.2918124,True,,False,eligible_land,ELIGIBLE,CIVIC_CENTER_ANCHOR_V1_2026-09-09,WGS84_GEODESIC_DIRECT,7,1.0,in_country,0,,,,,SED_GEO_ELIGIBILITY_CENSUS_2025_V1
MKT029_MAPORG_C,MKT029,Kansas City,MO,maps_organic,MAPORG13_V1,C,center,,0,39.10062,-94.57792,True,True,False,eligible_land,ELIGIBLE,CIVIC_CENTER_ANCHOR_V1_2026-09-09,WGS84_GEODESIC_DIRECT,7,1.0,in_country,0,,,,,SED_GEO_ELIGIBILITY_CENSUS_2025_V1
MKT029_MAPORG_N1,MKT029,Kansas City,MO,maps_organic,MAPORG13_V1,N1,N 1 mi,0,1,39.1151163,-94.57792,True,True,False,eligible_land,ELIGIBLE,CIVIC_CENTER_ANCHOR_V1_2026-09-09,WGS84_GEODESIC_DIRECT,7,1.0,in_country,0,,,,,SED_GEO_ELIGIBILITY_CENSUS_2025_V1
MKT029_MAPORG_E1,MKT029,Kansas City,MO,maps_organic,MAPORG13_V1,E1,E 1 mi,90,1,39.1006185,-94.5593156,True,True,False,eligible_land,ELIGIBLE,CIVIC_CENTER_ANCHOR_V1_2026-09-09,WGS84_GEODESIC_DIRECT,7,1.0,in_country,0,,,,,SED_GEO_ELIGIBILITY_CENSUS_2025_V1
MKT029_MAPORG_S1,MKT029,Kansas City,MO,maps_organic,MAPORG13_V1,S1,S 1 mi,180,1,39.0861237,-94.57792,True,True,False,eligible_land,ELIGIBLE,CIVIC_CENTER_ANCHOR_V1_2026-09-09,WGS84_GEODESIC_DIRECT,7,1.0,in_country,0,,,,,SED_GEO_ELIGIBILITY_CENSUS_2025_V1
MKT029_MAPORG_W1,MKT029,Kansas City,MO,maps_organic,MAPORG13_V1,W1,W 1 mi,270,1,39.1006185,-94.5965244,True,True,False,eligible_land,ELIGIBLE,CIVIC_CENTER_ANCHOR_V1_2026-09-09,WGS84_GEODESIC_DIRECT,7,1.0,in_country,0,,,,,SED_GEO_ELIGIBILITY_CENSUS_2025_V1
MKT029_MAPORG_N3,MKT029,Kansas City,MO,maps_organic,MAPORG13_V1,N3,N 3 mi,0,3,39.1441088,-94.57792,True,False,True,eligible_land,ELIGIBLE,CIVIC_CENTER_ANCHOR_V1_2026-09-09,WGS84_GEODESIC_DIRECT,7,1.0,in_country,0,,,,,SED_GEO_ELIGIBILITY_CENSUS_2025_V1
MKT029_MAPORG_E3,MKT029,Kansas City,MO,maps_organic,MAPORG13_V1,E3,E 3 mi,90,3,39.1006066,-94.5221069,True,False,True,eligible_land,ELIGIBLE,CIVIC_CENTER_ANCHOR_V1_2026-09-09,WGS84_GEODESIC_DIRECT,7,1.0,in_country,0,,,,,SED_GEO_ELIGIBILITY_CENSUS_2025_V1
MKT029_MAPORG_S3,MKT029,Kansas City,MO,maps_organic,MAPORG13_V1,S3,S 3 mi,180,3,39.0571309,-94.57792,True,False,True,eligible_land,ELIGIBLE,CIVIC_CENTER_ANCHOR_V1_2026-09-09,WGS84_GEODESIC_DIRECT,7,1.0,in_country,0,,,,,SED_GEO_ELIGIBILITY_CENSUS_2025_V1
MKT029_MAPORG_W3,MKT029,Kansas City,MO,maps_organic,MAPORG13_V1,W3,W 3 mi,270,3,39.1006066,-94.6337331,True,False,True,eligible_land,ELIGIBLE,CIVIC_CENTER_ANCHOR_V1_2026-09-09,WGS84_GEODESIC_DIRECT,7,1.0,in_country,0,,,,,SED_GEO_ELIGIBILITY_CENSUS_2025_V1
MKT029_MAPORG_N5,MKT029,Kansas City,MO,maps_organic,MAPORG13_V1,N5,N 5 mi,0,5,39.1731012,-94.57792,True,True,False,eligible_land,ELIGIBLE,CIVIC_CENTER_ANCHOR_V1_2026-09-09,WGS84_GEODESIC_DIRECT,7,1.0,in_country,0,,,,,SED_GEO_ELIGIBILITY_CENSUS_2025_V1
MKT029_MAPORG_E5,MKT029,Kansas City,MO,maps_organic,MAPORG13_V1,E5,E 5 mi,90,5,39.1005829,-94.4848982,True,True,False,eligible_land,ELIGIBLE,CIVIC_CENTER_ANCHOR_V1_2026-09-09,WGS84_GEODESIC_DIRECT,7,1.0,in_country,0,,,,,SED_GEO_ELIGIBILITY_CENSUS_2025_V1
MKT029_MAPORG_S5,MKT029,Kansas City,MO,maps_organic,MAPORG13_V1,S5,S 5 mi,180,5,39.0281379,-94.57792,True,True,False,eligible_land,ELIGIBLE,CIVIC_CENTER_ANCHOR_V1_2026-09-09,WGS84_GEODESIC_DIRECT,7,1.0,in_country,0,,,,,SED_GEO_ELIGIBILITY_CENSUS_2025_V1
MKT029_MAPORG_W5,MKT029,Kansas City,MO,maps_organic,MAPORG13_V1,W5,W 5 mi,270,5,39.1005829,-94.6709418,True,True,False,eligible_land,ELIGIBLE,CIVIC_CENTER_ANCHOR_V1_2026-09-09,WGS84_GEODESIC_DIRECT,7,1.0,in_country,0,,,,,SED_GEO_ELIGIBILITY_CENSUS_2025_V1
MKT029_AIO_C,MKT029,Kansas City,MO,aio,AIO9_V1,C,center,,0,39.10062,-94.57792,True,,False,eligible_land,ELIGIBLE,CIVIC_CENTER_ANCHOR_V1_2026-09-09,WGS84_GEODESIC_DIRECT,7,1.0,in_country,0,,,,,SED_GEO_ELIGIBILITY_CENSUS_2025_V1
MKT029_AIO_N2P5,MKT029,Kansas City,MO,aio,AIO9_V1,N2P5,N 2.5 mi,0,2.5,39.1368607,-94.57792,True,,False,eligible_land,ELIGIBLE,CIVIC_CENTER_ANCHOR_V1_2026-09-09,WGS84_GEODESIC_DIRECT,7,1.0,in_country,0,,,,,SED_GEO_ELIGIBILITY_CENSUS_2025_V1
MKT029_AIO_E2P5,MKT029,Kansas City,MO,aio,AIO9_V1,E2P5,E 2.5 mi,90,2.5,39.1006107,-94.5314091,True,,False,eligible_land,ELIGIBLE,CIVIC_CENTER_ANCHOR_V1_2026-09-09,WGS84_GEODESIC_DIRECT,7,1.0,in_country,0,,,,,SED_GEO_ELIGIBILITY_CENSUS_2025_V1
MKT029_AIO_S2P5,MKT029,Kansas City,MO,aio,AIO9_V1,S2P5,S 2.5 mi,180,2.5,39.0643791,-94.57792,True,,False,eligible_land,ELIGIBLE,CIVIC_CENTER_ANCHOR_V1_2026-09-09,WGS84_GEODESIC_DIRECT,7,1.0,in_country,0,,,,,SED_GEO_ELIGIBILITY_CENSUS_2025_V1
MKT029_AIO_W2P5,MKT029,Kansas City,MO,aio,AIO9_V1,W2P5,W 2.5 mi,270,2.5,39.1006107,-94.6244309,True,,False,eligible_land,ELIGIBLE,CIVIC_CENTER_ANCHOR_V1_2026-09-09,WGS84_GEODESIC_DIRECT,7,1.0,in_country,0,,,,,SED_GEO_ELIGIBILITY_CENSUS_2025_V1
MKT029_AIO_N5,MKT029,Kansas City,MO,aio,AIO9_V1,N5,N 5 mi,0,5,39.1731012,-94.57792,True,,False,eligible_land,ELIGIBLE,CIVIC_CENTER_ANCHOR_V1_2026-09-09,WGS84_GEODESIC_DIRECT,7,1.0,in_country,0,,,,,SED_GEO_ELIGIBILITY_CENSUS_2025_V1
MKT029_AIO_E5,MKT029,Kansas City,MO,aio,AIO9_V1,E5,E 5 mi,90,5,39.1005829,-94.4848982,True,,False,eligible_land,ELIGIBLE,CIVIC_CENTER_ANCHOR_V1_2026-09-09,WGS84_GEODESIC_DIRECT,7,1.0,in_country,0,,,,,SED_GEO_ELIGIBILITY_CENSUS_2025_V1
MKT029_AIO_S5,MKT029,Kansas City,MO,aio,AIO9_V1,S5,S 5 mi,180,5,39.0281379,-94.57792,True,,False,eligible_land,ELIGIBLE,CIVIC_CENTER_ANCHOR_V1_2026-09-09,WGS84_GEODESIC_DIRECT,7,1.0,in_country,0,,,,,SED_GEO_ELIGIBILITY_CENSUS_2025_V1
MKT029_AIO_W5,MKT029,Kansas City,MO,aio,AIO9_V1,W5,W 5 mi,270,5,39.1005829,-94.6709418,True,,False,eligible_land,ELIGIBLE,CIVIC_CENTER_ANCHOR_V1_2026-09-09,WGS84_GEODESIC_DIRECT,7,1.0,in_country,0,,,,,SED_GEO_ELIGIBILITY_CENSUS_2025_V1
MKT030_MAPORG_C,MKT030,Grand Rapids,MI,maps_organic,MAPORG13_V1,C,center,,0,42.96927,-85.67151,True,True,False,eligible_land,ELIGIBLE,CIVIC_CENTER_ANCHOR_V1_2026-09-09,WGS84_GEODESIC_DIRECT,7,1.0,in_country,0,,,,,SED_GEO_ELIGIBILITY_CENSUS_2025_V1
MKT030_MAPORG_N1,MKT030,Grand Rapids,MI,maps_organic,MAPORG13_V1,N1,N 1 mi,0,1,42.9837566,-85.67151,True,True,False,eligible_land,ELIGIBLE,CIVIC_CENTER_ANCHOR_V1_2026-09-09,WGS84_GEODESIC_DIRECT,7,1.0,in_country,0,,,,,SED_GEO_ELIGIBILITY_CENSUS_2025_V1
MKT030_MAPORG_E1,MKT030,Grand Rapids,MI,maps_organic,MAPORG13_V1,E1,E 1 mi,90,1,42.9692683,-85.6517832,True,True,False,eligible_land,ELIGIBLE,CIVIC_CENTER_ANCHOR_V1_2026-09-09,WGS84_GEODESIC_DIRECT,7,1.0,in_country,0,,,,,SED_GEO_ELIGIBILITY_CENSUS_2025_V1
MKT030_MAPORG_S1,MKT030,Grand Rapids,MI,maps_organic,MAPORG13_V1,S1,S 1 mi,180,1,42.9547834,-85.67151,True,True,False,eligible_land,ELIGIBLE,CIVIC_CENTER_ANCHOR_V1_2026-09-09,WGS84_GEODESIC_DIRECT,7,1.0,in_country,0,,,,,SED_GEO_ELIGIBILITY_CENSUS_2025_V1
MKT030_MAPORG_W1,MKT030,Grand Rapids,MI,maps_organic,MAPORG13_V1,W1,W 1 mi,270,1,42.9692683,-85.6912368,True,True,False,eligible_land,ELIGIBLE,CIVIC_CENTER_ANCHOR_V1_2026-09-09,WGS84_GEODESIC_DIRECT,7,1.0,in_country,0,,,,,SED_GEO_ELIGIBILITY_CENSUS_2025_V1
MKT030_MAPORG_N3,MKT030,Grand Rapids,MI,maps_organic,MAPORG13_V1,N3,N 3 mi,0,3,43.0127295,-85.67151,True,False,True,eligible_land,ELIGIBLE,CIVIC_CENTER_ANCHOR_V1_2026-09-09,WGS84_GEODESIC_DIRECT,7,1.0,in_country,0,,,,,SED_GEO_ELIGIBILITY_CENSUS_2025_V1
MKT030_MAPORG_E3,MKT030,Grand Rapids,MI,maps_organic,MAPORG13_V1,E3,E 3 mi,90,3,42.9692547,-85.6123296,True,False,True,eligible_land,ELIGIBLE,CIVIC_CENTER_ANCHOR_V1_2026-09-09,WGS84_GEODESIC_DIRECT,7,1.0,in_country,0,,,,,SED_GEO_ELIGIBILITY_CENSUS_2025_V1
MKT030_MAPORG_S3,MKT030,Grand Rapids,MI,maps_organic,MAPORG13_V1,S3,S 3 mi,180,3,42.9258101,-85.67151,True,False,True,eligible_land,ELIGIBLE,CIVIC_CENTER_ANCHOR_V1_2026-09-09,WGS84_GEODESIC_DIRECT,7,1.0,in_country,0,,,,,SED_GEO_ELIGIBILITY_CENSUS_2025_V1
MKT030_MAPORG_W3,MKT030,Grand Rapids,MI,maps_organic,MAPORG13_V1,W3,W 3 mi,270,3,42.9692547,-85.7306904,True,False,True,eligible_land,ELIGIBLE,CIVIC_CENTER_ANCHOR_V1_2026-09-09,WGS84_GEODESIC_DIRECT,7,1.0,in_country,0,,,,,SED_GEO_ELIGIBILITY_CENSUS_2025_V1
MKT030_MAPORG_N5,MKT030,Grand Rapids,MI,maps_organic,MAPORG13_V1,N5,N 5 mi,0,5,43.0417024,-85.67151,True,True,False,eligible_land,ELIGIBLE,CIVIC_CENTER_ANCHOR_V1_2026-09-09,WGS84_GEODESIC_DIRECT,7,1.0,in_country,0,,,,,SED_GEO_ELIGIBILITY_CENSUS_2025_V1
MKT030_MAPORG_E5,MKT030,Grand Rapids,MI,maps_organic,MAPORG13_V1,E5,E 5 mi,90,5,42.9692275,-85.572876,True,True,False,eligible_land,ELIGIBLE,CIVIC_CENTER_ANCHOR_V1_2026-09-09,WGS84_GEODESIC_DIRECT,7,1.0,in_country,0,,,,,SED_GEO_ELIGIBILITY_CENSUS_2025_V1
MKT030_MAPORG_S5,MKT030,Grand Rapids,MI,maps_organic,MAPORG13_V1,S5,S 5 mi,180,5,42.8968367,-85.67151,True,True,False,eligible_land,ELIGIBLE,CIVIC_CENTER_ANCHOR_V1_2026-09-09,WGS84_GEODESIC_DIRECT,7,1.0,in_country,0,,,,,SED_GEO_ELIGIBILITY_CENSUS_2025_V1
MKT030_MAPORG_W5,MKT030,Grand Rapids,MI,maps_organic,MAPORG13_V1,W5,W 5 mi,270,5,42.9692275,-85.770144,True,True,False,eligible_land,ELIGIBLE,CIVIC_CENTER_ANCHOR_V1_2026-09-09,WGS84_GEODESIC_DIRECT,7,1.0,in_country,0,,,,,SED_GEO_ELIGIBILITY_CENSUS_2025_V1
MKT030_AIO_C,MKT030,Grand Rapids,MI,aio,AIO9_V1,C,center,,0,42.96927,-85.67151,True,,False,eligible_land,ELIGIBLE,CIVIC_CENTER_ANCHOR_V1_2026-09-09,WGS84_GEODESIC_DIRECT,7,1.0,in_country,0,,,,,SED_GEO_ELIGIBILITY_CENSUS_2025_V1
MKT030_AIO_N2P5,MKT030,Grand Rapids,MI,aio,AIO9_V1,N2P5,N 2.5 mi,0,2.5,43.0054863,-85.67151,True,,False,eligible_land,ELIGIBLE,CIVIC_CENTER_ANCHOR_V1_2026-09-09,WGS84_GEODESIC_DIRECT,7,1.0,in_country,0,,,,,SED_GEO_ELIGIBILITY_CENSUS_2025_V1
MKT030_AIO_E2P5,MKT030,Grand Rapids,MI,aio,AIO9_V1,E2P5,E 2.5 mi,90,2.5,42.9692594,-85.622193,True,,False,eligible_land,ELIGIBLE,CIVIC_CENTER_ANCHOR_V1_2026-09-09,WGS84_GEODESIC_DIRECT,7,1.0,in_country,0,,,,,SED_GEO_ELIGIBILITY_CENSUS_2025_V1
MKT030_AIO_S2P5,MKT030,Grand Rapids,MI,aio,AIO9_V1,S2P5,S 2.5 mi,180,2.5,42.9330535,-85.67151,True,,False,eligible_land,ELIGIBLE,CIVIC_CENTER_ANCHOR_V1_2026-09-09,WGS84_GEODESIC_DIRECT,7,1.0,in_country,0,,,,,SED_GEO_ELIGIBILITY_CENSUS_2025_V1
MKT030_AIO_W2P5,MKT030,Grand Rapids,MI,aio,AIO9_V1,W2P5,W 2.5 mi,270,2.5,42.9692594,-85.720827,True,,False,eligible_land,ELIGIBLE,CIVIC_CENTER_ANCHOR_V1_2026-09-09,WGS84_GEODESIC_DIRECT,7,1.0,in_country,0,,,,,SED_GEO_ELIGIBILITY_CENSUS_2025_V1
MKT030_AIO_N5,MKT030,Grand Rapids,MI,aio,AIO9_V1,N5,N 5 mi,0,5,43.0417024,-85.67151,True,,False,eligible_land,ELIGIBLE,CIVIC_CENTER_ANCHOR_V1_2026-09-09,WGS84_GEODESIC_DIRECT,7,1.0,in_country,0,,,,,SED_GEO_ELIGIBILITY_CENSUS_2025_V1
MKT030_AIO_E5,MKT030,Grand Rapids,MI,aio,AIO9_V1,E5,E 5 mi,90,5,42.9692275,-85.572876,True,,False,eligible_land,ELIGIBLE,CIVIC_CENTER_ANCHOR_V1_2026-09-09,WGS84_GEODESIC_DIRECT,7,1.0,in_country,0,,,,,SED_GEO_ELIGIBILITY_CENSUS_2025_V1
MKT030_AIO_S5,MKT030,Grand Rapids,MI,aio,AIO9_V1,S5,S 5 mi,180,5,42.8968367,-85.67151,True,,False,eligible_land,ELIGIBLE,CIVIC_CENTER_ANCHOR_V1_2026-09-09,WGS84_GEODESIC_DIRECT,7,1.0,in_country,0,,,,,SED_GEO_ELIGIBILITY_CENSUS_2025_V1
MKT030_AIO_W5,MKT030,Grand Rapids,MI,aio,AIO9_V1,W5,W 5 mi,270,5,42.9692275,-85.770144,True,,False,eligible_land,ELIGIBLE,CIVIC_CENTER_ANCHOR_V1_2026-09-09,WGS84_GEODESIC_DIRECT,7,1.0,in_country,0,,,,,SED_GEO_ELIGIBILITY_CENSUS_2025_V1
MKT031_MAPORG_C,MKT031,Dallas,TX,maps_organic,MAPORG13_V1,C,center,,0,32.77627,-96.79694,True,True,False,eligible_land,ELIGIBLE,CIVIC_CENTER_ANCHOR_V1_2026-09-09,WGS84_GEODESIC_DIRECT,7,1.0,in_country,0,,,,,SED_GEO_ELIGIBILITY_CENSUS_2025_V1
MKT031_MAPORG_N1,MKT031,Dallas,TX,maps_organic,MAPORG13_V1,N1,N 1 mi,0,1,32.7907816,-96.79694,True,True,False,eligible_land,ELIGIBLE,CIVIC_CENTER_ANCHOR_V1_2026-09-09,WGS84_GEODESIC_DIRECT,7,1.0,in_country,0,,,,,SED_GEO_ELIGIBILITY_CENSUS_2025_V1
MKT031_MAPORG_E1,MKT031,Dallas,TX,maps_organic,MAPORG13_V1,E1,E 1 mi,90,1,32.7762688,-96.7797624,True,True,False,eligible_land,ELIGIBLE,CIVIC_CENTER_ANCHOR_V1_2026-09-09,WGS84_GEODESIC_DIRECT,7,1.0,in_country,0,,,,,SED_GEO_ELIGIBILITY_CENSUS_2025_V1
MKT031_MAPORG_S1,MKT031,Dallas,TX,maps_organic,MAPORG13_V1,S1,S 1 mi,180,1,32.7617584,-96.79694,True,True,False,eligible_land,ELIGIBLE,CIVIC_CENTER_ANCHOR_V1_2026-09-09,WGS84_GEODESIC_DIRECT,7,1.0,in_country,0,,,,,SED_GEO_ELIGIBILITY_CENSUS_2025_V1
MKT031_MAPORG_W1,MKT031,Dallas,TX,maps_organic,MAPORG13_V1,W1,W 1 mi,270,1,32.7762688,-96.8141176,True,True,False,eligible_land,ELIGIBLE,CIVIC_CENTER_ANCHOR_V1_2026-09-09,WGS84_GEODESIC_DIRECT,7,1.0,in_country,0,,,,,SED_GEO_ELIGIBILITY_CENSUS_2025_V1
MKT031_MAPORG_N3,MKT031,Dallas,TX,maps_organic,MAPORG13_V1,N3,N 3 mi,0,3,32.8198047,-96.79694,True,False,True,eligible_land,ELIGIBLE,CIVIC_CENTER_ANCHOR_V1_2026-09-09,WGS84_GEODESIC_DIRECT,7,1.0,in_country,0,,,,,SED_GEO_ELIGIBILITY_CENSUS_2025_V1
MKT031_MAPORG_E3,MKT031,Dallas,TX,maps_organic,MAPORG13_V1,E3,E 3 mi,90,3,32.7762594,-96.7454071,True,False,True,eligible_land,ELIGIBLE,CIVIC_CENTER_ANCHOR_V1_2026-09-09,WGS84_GEODESIC_DIRECT,7,1.0,in_country,0,,,,,SED_GEO_ELIGIBILITY_CENSUS_2025_V1
MKT031_MAPORG_S3,MKT031,Dallas,TX,maps_organic,MAPORG13_V1,S3,S 3 mi,180,3,32.732735,-96.79694,True,False,True,eligible_land,ELIGIBLE,CIVIC_CENTER_ANCHOR_V1_2026-09-09,WGS84_GEODESIC_DIRECT,7,1.0,in_country,0,,,,,SED_GEO_ELIGIBILITY_CENSUS_2025_V1
MKT031_MAPORG_W3,MKT031,Dallas,TX,maps_organic,MAPORG13_V1,W3,W 3 mi,270,3,32.7762594,-96.8484729,True,False,True,eligible_land,ELIGIBLE,CIVIC_CENTER_ANCHOR_V1_2026-09-09,WGS84_GEODESIC_DIRECT,7,1.0,in_country,0,,,,,SED_GEO_ELIGIBILITY_CENSUS_2025_V1
MKT031_MAPORG_N5,MKT031,Dallas,TX,maps_organic,MAPORG13_V1,N5,N 5 mi,0,5,32.8488276,-96.79694,True,True,False,eligible_land,ELIGIBLE,CIVIC_CENTER_ANCHOR_V1_2026-09-09,WGS84_GEODESIC_DIRECT,7,1.0,in_country,0,,,,,SED_GEO_ELIGIBILITY_CENSUS_2025_V1
MKT031_MAPORG_E5,MKT031,Dallas,TX,maps_organic,MAPORG13_V1,E5,E 5 mi,90,5,32.7762406,-96.7110519,True,True,False,eligible_land,ELIGIBLE,CIVIC_CENTER_ANCHOR_V1_2026-09-09,WGS84_GEODESIC_DIRECT,7,1.0,in_country,0,,,,,SED_GEO_ELIGIBILITY_CENSUS_2025_V1
MKT031_MAPORG_S5,MKT031,Dallas,TX,maps_organic,MAPORG13_V1,S5,S 5 mi,180,5,32.7037116,-96.79694,True,True,False,eligible_land,ELIGIBLE,CIVIC_CENTER_ANCHOR_V1_2026-09-09,WGS84_GEODESIC_DIRECT,7,1.0,in_country,0,,,,,SED_GEO_ELIGIBILITY_CENSUS_2025_V1
MKT031_MAPORG_W5,MKT031,Dallas,TX,maps_organic,MAPORG13_V1,W5,W 5 mi,270,5,32.7762406,-96.8828281,True,True,False,eligible_land,ELIGIBLE,CIVIC_CENTER_ANCHOR_V1_2026-09-09,WGS84_GEODESIC_DIRECT,7,1.0,in_country,0,,,,,SED_GEO_ELIGIBILITY_CENSUS_2025_V1
MKT031_AIO_C,MKT031,Dallas,TX,aio,AIO9_V1,C,center,,0,32.77627,-96.79694,True,,False,eligible_land,ELIGIBLE,CIVIC_CENTER_ANCHOR_V1_2026-09-09,WGS84_GEODESIC_DIRECT,7,1.0,in_country,0,,,,,SED_GEO_ELIGIBILITY_CENSUS_2025_V1
MKT031_AIO_N2P5,MKT031,Dallas,TX,aio,AIO9_V1,N2P5,N 2.5 mi,0,2.5,32.8125489,-96.79694,True,,False,eligible_land,ELIGIBLE,CIVIC_CENTER_ANCHOR_V1_2026-09-09,WGS84_GEODESIC_DIRECT,7,1.0,in_country,0,,,,,SED_GEO_ELIGIBILITY_CENSUS_2025_V1
MKT031_AIO_E2P5,MKT031,Dallas,TX,aio,AIO9_V1,E2P5,E 2.5 mi,90,2.5,32.7762626,-96.7539959,True,,False,eligible_land,ELIGIBLE,CIVIC_CENTER_ANCHOR_V1_2026-09-09,WGS84_GEODESIC_DIRECT,7,1.0,in_country,0,,,,,SED_GEO_ELIGIBILITY_CENSUS_2025_V1
MKT031_AIO_S2P5,MKT031,Dallas,TX,aio,AIO9_V1,S2P5,S 2.5 mi,180,2.5,32.7399909,-96.79694,True,,False,eligible_land,ELIGIBLE,CIVIC_CENTER_ANCHOR_V1_2026-09-09,WGS84_GEODESIC_DIRECT,7,1.0,in_country,0,,,,,SED_GEO_ELIGIBILITY_CENSUS_2025_V1
MKT031_AIO_W2P5,MKT031,Dallas,TX,aio,AIO9_V1,W2P5,W 2.5 mi,270,2.5,32.7762626,-96.8398841,True,,False,eligible_land,ELIGIBLE,CIVIC_CENTER_ANCHOR_V1_2026-09-09,WGS84_GEODESIC_DIRECT,7,1.0,in_country,0,,,,,SED_GEO_ELIGIBILITY_CENSUS_2025_V1
MKT031_AIO_N5,MKT031,Dallas,TX,aio,AIO9_V1,N5,N 5 mi,0,5,32.8488276,-96.79694,True,,False,eligible_land,ELIGIBLE,CIVIC_CENTER_ANCHOR_V1_2026-09-09,WGS84_GEODESIC_DIRECT,7,1.0,in_country,0,,,,,SED_GEO_ELIGIBILITY_CENSUS_2025_V1
MKT031_AIO_E5,MKT031,Dallas,TX,aio,AIO9_V1,E5,E 5 mi,90,5,32.7762406,-96.7110519,True,,False,eligible_land,ELIGIBLE,CIVIC_CENTER_ANCHOR_V1_2026-09-09,WGS84_GEODESIC_DIRECT,7,1.0,in_country,0,,,,,SED_GEO_ELIGIBILITY_CENSUS_2025_V1
MKT031_AIO_S5,MKT031,Dallas,TX,aio,AIO9_V1,S5,S 5 mi,180,5,32.7037116,-96.79694,True,,False,eligible_land,ELIGIBLE,CIVIC_CENTER_ANCHOR_V1_2026-09-09,WGS84_GEODESIC_DIRECT,7,1.0,in_country,0,,,,,SED_GEO_ELIGIBILITY_CENSUS_2025_V1
MKT031_AIO_W5,MKT031,Dallas,TX,aio,AIO9_V1,W5,W 5 mi,270,5,32.7762406,-96.8828281,True,,False,eligible_land,ELIGIBLE,CIVIC_CENTER_ANCHOR_V1_2026-09-09,WGS84_GEODESIC_DIRECT,7,1.0,in_country,0,,,,,SED_GEO_ELIGIBILITY_CENSUS_2025_V1
MKT032_MAPORG_C,MKT032,Houston,TX,maps_organic,MAPORG13_V1,C,center,,0,29.76018,-95.36937,True,True,False,eligible_land,ELIGIBLE,CIVIC_CENTER_ANCHOR_V1_2026-09-09,WGS84_GEODESIC_DIRECT,7,1.0,in_country,0,,,,,SED_GEO_ELIGIBILITY_CENSUS_2025_V1
MKT032_MAPORG_N1,MKT032,Houston,TX,maps_organic,MAPORG13_V1,N1,N 1 mi,0,1,29.7746984,-95.36937,True,True,False,eligible_land,ELIGIBLE,CIVIC_CENTER_ANCHOR_V1_2026-09-09,WGS84_GEODESIC_DIRECT,7,1.0,in_country,0,,,,,SED_GEO_ELIGIBILITY_CENSUS_2025_V1
MKT032_MAPORG_E1,MKT032,Houston,TX,maps_organic,MAPORG13_V1,E1,E 1 mi,90,1,29.760179,-95.3527304,True,True,False,eligible_land,ELIGIBLE,CIVIC_CENTER_ANCHOR_V1_2026-09-09,WGS84_GEODESIC_DIRECT,7,1.0,in_country,0,,,,,SED_GEO_ELIGIBILITY_CENSUS_2025_V1
MKT032_MAPORG_S1,MKT032,Houston,TX,maps_organic,MAPORG13_V1,S1,S 1 mi,180,1,29.7456616,-95.36937,True,True,False,eligible_land,ELIGIBLE,CIVIC_CENTER_ANCHOR_V1_2026-09-09,WGS84_GEODESIC_DIRECT,7,1.0,in_country,0,,,,,SED_GEO_ELIGIBILITY_CENSUS_2025_V1
MKT032_MAPORG_W1,MKT032,Houston,TX,maps_organic,MAPORG13_V1,W1,W 1 mi,270,1,29.760179,-95.3860096,True,True,False,eligible_land,ELIGIBLE,CIVIC_CENTER_ANCHOR_V1_2026-09-09,WGS84_GEODESIC_DIRECT,7,1.0,in_country,0,,,,,SED_GEO_ELIGIBILITY_CENSUS_2025_V1
MKT032_MAPORG_N3,MKT032,Houston,TX,maps_organic,MAPORG13_V1,N3,N 3 mi,0,3,29.8037351,-95.36937,True,False,True,eligible_land,ELIGIBLE,CIVIC_CENTER_ANCHOR_V1_2026-09-09,WGS84_GEODESIC_DIRECT,7,1.0,in_country,0,,,,,SED_GEO_ELIGIBILITY_CENSUS_2025_V1
MKT032_MAPORG_E3,MKT032,Houston,TX,maps_organic,MAPORG13_V1,E3,E 3 mi,90,3,29.7601706,-95.3194511,True,False,True,eligible_land,ELIGIBLE,CIVIC_CENTER_ANCHOR_V1_2026-09-09,WGS84_GEODESIC_DIRECT,7,1.0,in_country,0,,,,,SED_GEO_ELIGIBILITY_CENSUS_2025_V1
MKT032_MAPORG_S3,MKT032,Houston,TX,maps_organic,MAPORG13_V1,S3,S 3 mi,180,3,29.7166246,-95.36937,True,False,True,eligible_land,ELIGIBLE,CIVIC_CENTER_ANCHOR_V1_2026-09-09,WGS84_GEODESIC_DIRECT,7,1.0,in_country,0,,,,,SED_GEO_ELIGIBILITY_CENSUS_2025_V1
MKT032_MAPORG_W3,MKT032,Houston,TX,maps_organic,MAPORG13_V1,W3,W 3 mi,270,3,29.7601706,-95.4192889,True,False,True,eligible_land,ELIGIBLE,CIVIC_CENTER_ANCHOR_V1_2026-09-09,WGS84_GEODESIC_DIRECT,7,1.0,in_country,0,,,,,SED_GEO_ELIGIBILITY_CENSUS_2025_V1
MKT032_MAPORG_N5,MKT032,Houston,TX,maps_organic,MAPORG13_V1,N5,N 5 mi,0,5,29.8327717,-95.36937,True,True,False,eligible_land,ELIGIBLE,CIVIC_CENTER_ANCHOR_V1_2026-09-09,WGS84_GEODESIC_DIRECT,7,1.0,in_country,0,,,,,SED_GEO_ELIGIBILITY_CENSUS_2025_V1
MKT032_MAPORG_E5,MKT032,Houston,TX,maps_organic,MAPORG13_V1,E5,E 5 mi,90,5,29.7601538,-95.2861718,True,True,False,eligible_land,ELIGIBLE,CIVIC_CENTER_ANCHOR_V1_2026-09-09,WGS84_GEODESIC_DIRECT,7,1.0,in_country,0,,,,,SED_GEO_ELIGIBILITY_CENSUS_2025_V1
MKT032_MAPORG_S5,MKT032,Houston,TX,maps_organic,MAPORG13_V1,S5,S 5 mi,180,5,29.6875875,-95.36937,True,True,False,eligible_land,ELIGIBLE,CIVIC_CENTER_ANCHOR_V1_2026-09-09,WGS84_GEODESIC_DIRECT,7,1.0,in_country,0,,,,,SED_GEO_ELIGIBILITY_CENSUS_2025_V1
MKT032_MAPORG_W5,MKT032,Houston,TX,maps_organic,MAPORG13_V1,W5,W 5 mi,270,5,29.7601538,-95.4525682,True,True,False,eligible_land,ELIGIBLE,CIVIC_CENTER_ANCHOR_V1_2026-09-09,WGS84_GEODESIC_DIRECT,7,1.0,in_country,0,,,,,SED_GEO_ELIGIBILITY_CENSUS_2025_V1
MKT032_AIO_C,MKT032,Houston,TX,aio,AIO9_V1,C,center,,0,29.76018,-95.36937,True,,False,eligible_land,ELIGIBLE,CIVIC_CENTER_ANCHOR_V1_2026-09-09,WGS84_GEODESIC_DIRECT,7,1.0,in_country,0,,,,,SED_GEO_ELIGIBILITY_CENSUS_2025_V1
MKT032_AIO_N2P5,MKT032,Houston,TX,aio,AIO9_V1,N2P5,N 2.5 mi,0,2.5,29.796476,-95.36937,True,,False,eligible_land,ELIGIBLE,CIVIC_CENTER_ANCHOR_V1_2026-09-09,WGS84_GEODESIC_DIRECT,7,1.0,in_country,0,,,,,SED_GEO_ELIGIBILITY_CENSUS_2025_V1
MKT032_AIO_E2P5,MKT032,Houston,TX,aio,AIO9_V1,E2P5,E 2.5 mi,90,2.5,29.7601735,-95.3277709,True,,False,eligible_land,ELIGIBLE,CIVIC_CENTER_ANCHOR_V1_2026-09-09,WGS84_GEODESIC_DIRECT,7,1.0,in_country,0,,,,,SED_GEO_ELIGIBILITY_CENSUS_2025_V1
MKT032_AIO_S2P5,MKT032,Houston,TX,aio,AIO9_V1,S2P5,S 2.5 mi,180,2.5,29.7238838,-95.36937,True,,False,eligible_land,ELIGIBLE,CIVIC_CENTER_ANCHOR_V1_2026-09-09,WGS84_GEODESIC_DIRECT,7,1.0,in_country,0,,,,,SED_GEO_ELIGIBILITY_CENSUS_2025_V1
MKT032_AIO_W2P5,MKT032,Houston,TX,aio,AIO9_V1,W2P5,W 2.5 mi,270,2.5,29.7601735,-95.4109691,True,,False,eligible_land,ELIGIBLE,CIVIC_CENTER_ANCHOR_V1_2026-09-09,WGS84_GEODESIC_DIRECT,7,1.0,in_country,0,,,,,SED_GEO_ELIGIBILITY_CENSUS_2025_V1
MKT032_AIO_N5,MKT032,Houston,TX,aio,AIO9_V1,N5,N 5 mi,0,5,29.8327717,-95.36937,True,,False,eligible_land,ELIGIBLE,CIVIC_CENTER_ANCHOR_V1_2026-09-09,WGS84_GEODESIC_DIRECT,7,1.0,in_country,0,,,,,SED_GEO_ELIGIBILITY_CENSUS_2025_V1
MKT032_AIO_E5,MKT032,Houston,TX,aio,AIO9_V1,E5,E 5 mi,90,5,29.7601538,-95.2861718,True,,False,eligible_land,ELIGIBLE,CIVIC_CENTER_ANCHOR_V1_2026-09-09,WGS84_GEODESIC_DIRECT,7,1.0,in_country,0,,,,,SED_GEO_ELIGIBILITY_CENSUS_2025_V1
MKT032_AIO_S5,MKT032,Houston,TX,aio,AIO9_V1,S5,S 5 mi,180,5,29.6875875,-95.36937,True,,False,eligible_land,ELIGIBLE,CIVIC_CENTER_ANCHOR_V1_2026-09-09,WGS84_GEODESIC_DIRECT,7,1.0,in_country,0,,,,,SED_GEO_ELIGIBILITY_CENSUS_2025_V1
MKT032_AIO_W5,MKT032,Houston,TX,aio,AIO9_V1,W5,W 5 mi,270,5,29.7601538,-95.4525682,True,,False,eligible_land,ELIGIBLE,CIVIC_CENTER_ANCHOR_V1_2026-09-09,WGS84_GEODESIC_DIRECT,7,1.0,in_country,0,,,,,SED_GEO_ELIGIBILITY_CENSUS_2025_V1
MKT033_MAPORG_C,MKT033,Austin,TX,maps_organic,MAPORG13_V1,C,center,,0,30.26479,-97.7472,True,True,False,eligible_land,ELIGIBLE,CIVIC_CENTER_ANCHOR_V1_2026-09-09,WGS84_GEODESIC_DIRECT,7,1.0,in_country,0,,,,,SED_GEO_ELIGIBILITY_CENSUS_2025_V1
MKT033_MAPORG_N1,MKT033,Austin,TX,maps_organic,MAPORG13_V1,N1,N 1 mi,0,1,30.2793073,-97.7472,True,True,False,eligible_land,ELIGIBLE,CIVIC_CENTER_ANCHOR_V1_2026-09-09,WGS84_GEODESIC_DIRECT,7,1.0,in_country,0,,,,,SED_GEO_ELIGIBILITY_CENSUS_2025_V1
MKT033_MAPORG_E1,MKT033,Austin,TX,maps_organic,MAPORG13_V1,E1,E 1 mi,90,1,30.2647889,-97.7304759,True,True,False,eligible_land,ELIGIBLE,CIVIC_CENTER_ANCHOR_V1_2026-09-09,WGS84_GEODESIC_DIRECT,7,1.0,in_country,0,,,,,SED_GEO_ELIGIBILITY_CENSUS_2025_V1
MKT033_MAPORG_S1,MKT033,Austin,TX,maps_organic,MAPORG13_V1,S1,S 1 mi,180,1,30.2502727,-97.7472,True,True,False,eligible_land,ELIGIBLE,CIVIC_CENTER_ANCHOR_V1_2026-09-09,WGS84_GEODESIC_DIRECT,7,1.0,in_country,0,,,,,SED_GEO_ELIGIBILITY_CENSUS_2025_V1
MKT033_MAPORG_W1,MKT033,Austin,TX,maps_organic,MAPORG13_V1,W1,W 1 mi,270,1,30.2647889,-97.7639241,True,True,False,eligible_land,ELIGIBLE,CIVIC_CENTER_ANCHOR_V1_2026-09-09,WGS84_GEODESIC_DIRECT,7,1.0,in_country,0,,,,,SED_GEO_ELIGIBILITY_CENSUS_2025_V1
MKT033_MAPORG_N3,MKT033,Austin,TX,maps_organic,MAPORG13_V1,N3,N 3 mi,0,3,30.3083418,-97.7472,True,False,True,eligible_land,ELIGIBLE,CIVIC_CENTER_ANCHOR_V1_2026-09-09,WGS84_GEODESIC_DIRECT,7,1.0,in_country,0,,,,,SED_GEO_ELIGIBILITY_CENSUS_2025_V1
MKT033_MAPORG_E3,MKT033,Austin,TX,maps_organic,MAPORG13_V1,E3,E 3 mi,90,3,30.2647804,-97.6970277,True,False,True,eligible_land,ELIGIBLE,CIVIC_CENTER_ANCHOR_V1_2026-09-09,WGS84_GEODESIC_DIRECT,7,1.0,in_country,0,,,,,SED_GEO_ELIGIBILITY_CENSUS_2025_V1
MKT033_MAPORG_S3,MKT033,Austin,TX,maps_organic,MAPORG13_V1,S3,S 3 mi,180,3,30.2212379,-97.7472,True,False,True,eligible_land,ELIGIBLE,CIVIC_CENTER_ANCHOR_V1_2026-09-09,WGS84_GEODESIC_DIRECT,7,1.0,in_country,0,,,,,SED_GEO_ELIGIBILITY_CENSUS_2025_V1
MKT033_MAPORG_W3,MKT033,Austin,TX,maps_organic,MAPORG13_V1,W3,W 3 mi,270,3,30.2647804,-97.7973723,True,False,True,eligible_land,ELIGIBLE,CIVIC_CENTER_ANCHOR_V1_2026-09-09,WGS84_GEODESIC_DIRECT,7,1.0,in_country,0,,,,,SED_GEO_ELIGIBILITY_CENSUS_2025_V1
MKT033_MAPORG_N5,MKT033,Austin,TX,maps_organic,MAPORG13_V1,N5,N 5 mi,0,5,30.3373761,-97.7472,True,True,False,eligible_land,ELIGIBLE,CIVIC_CENTER_ANCHOR_V1_2026-09-09,WGS84_GEODESIC_DIRECT,7,1.0,in_country,0,,,,,SED_GEO_ELIGIBILITY_CENSUS_2025_V1
MKT033_MAPORG_E5,MKT033,Austin,TX,maps_organic,MAPORG13_V1,E5,E 5 mi,90,5,30.2647633,-97.6635796,True,True,False,eligible_land,ELIGIBLE,CIVIC_CENTER_ANCHOR_V1_2026-09-09,WGS84_GEODESIC_DIRECT,7,1.0,in_country,0,,,,,SED_GEO_ELIGIBILITY_CENSUS_2025_V1
MKT033_MAPORG_S5,MKT033,Austin,TX,maps_organic,MAPORG13_V1,S5,S 5 mi,180,5,30.1922031,-97.7472,True,True,False,eligible_land,ELIGIBLE,CIVIC_CENTER_ANCHOR_V1_2026-09-09,WGS84_GEODESIC_DIRECT,7,1.0,in_country,0,,,,,SED_GEO_ELIGIBILITY_CENSUS_2025_V1
MKT033_MAPORG_W5,MKT033,Austin,TX,maps_organic,MAPORG13_V1,W5,W 5 mi,270,5,30.2647633,-97.8308204,True,True,False,eligible_land,ELIGIBLE,CIVIC_CENTER_ANCHOR_V1_2026-09-09,WGS84_GEODESIC_DIRECT,7,1.0,in_country,0,,,,,SED_GEO_ELIGIBILITY_CENSUS_2025_V1
MKT033_AIO_C,MKT033,Austin,TX,aio,AIO9_V1,C,center,,0,30.26479,-97.7472,True,,False,eligible_land,ELIGIBLE,CIVIC_CENTER_ANCHOR_V1_2026-09-09,WGS84_GEODESIC_DIRECT,7,1.0,in_country,0,,,,,SED_GEO_ELIGIBILITY_CENSUS_2025_V1
MKT033_AIO_N2P5,MKT033,Austin,TX,aio,AIO9_V1,N2P5,N 2.5 mi,0,2.5,30.3010832,-97.7472,True,,False,eligible_land,ELIGIBLE,CIVIC_CENTER_ANCHOR_V1_2026-09-09,WGS84_GEODESIC_DIRECT,7,1.0,in_country,0,,,,,SED_GEO_ELIGIBILITY_CENSUS_2025_V1
MKT033_AIO_E2P5,MKT033,Austin,TX,aio,AIO9_V1,E2P5,E 2.5 mi,90,2.5,30.2647833,-97.7053898,True,,False,eligible_land,ELIGIBLE,CIVIC_CENTER_ANCHOR_V1_2026-09-09,WGS84_GEODESIC_DIRECT,7,1.0,in_country,0,,,,,SED_GEO_ELIGIBILITY_CENSUS_2025_V1
MKT033_AIO_S2P5,MKT033,Austin,TX,aio,AIO9_V1,S2P5,S 2.5 mi,180,2.5,30.2284966,-97.7472,True,,False,eligible_land,ELIGIBLE,CIVIC_CENTER_ANCHOR_V1_2026-09-09,WGS84_GEODESIC_DIRECT,7,1.0,in_country,0,,,,,SED_GEO_ELIGIBILITY_CENSUS_2025_V1
MKT033_AIO_W2P5,MKT033,Austin,TX,aio,AIO9_V1,W2P5,W 2.5 mi,270,2.5,30.2647833,-97.7890102,True,,False,eligible_land,ELIGIBLE,CIVIC_CENTER_ANCHOR_V1_2026-09-09,WGS84_GEODESIC_DIRECT,7,1.0,in_country,0,,,,,SED_GEO_ELIGIBILITY_CENSUS_2025_V1
MKT033_AIO_N5,MKT033,Austin,TX,aio,AIO9_V1,N5,N 5 mi,0,5,30.3373761,-97.7472,True,,False,eligible_land,ELIGIBLE,CIVIC_CENTER_ANCHOR_V1_2026-09-09,WGS84_GEODESIC_DIRECT,7,1.0,in_country,0,,,,,SED_GEO_ELIGIBILITY_CENSUS_2025_V1
MKT033_AIO_E5,MKT033,Austin,TX,aio,AIO9_V1,E5,E 5 mi,90,5,30.2647633,-97.6635796,True,,False,eligible_land,ELIGIBLE,CIVIC_CENTER_ANCHOR_V1_2026-09-09,WGS84_GEODESIC_DIRECT,7,1.0,in_country,0,,,,,SED_GEO_ELIGIBILITY_CENSUS_2025_V1
MKT033_AIO_S5,MKT033,Austin,TX,aio,AIO9_V1,S5,S 5 mi,180,5,30.1922031,-97.7472,True,,False,eligible_land,ELIGIBLE,CIVIC_CENTER_ANCHOR_V1_2026-09-09,WGS84_GEODESIC_DIRECT,7,1.0,in_country,0,,,,,SED_GEO_ELIGIBILITY_CENSUS_2025_V1
MKT033_AIO_W5,MKT033,Austin,TX,aio,AIO9_V1,W5,W 5 mi,270,5,30.2647633,-97.8308204,True,,False,eligible_land,ELIGIBLE,CIVIC_CENTER_ANCHOR_V1_2026-09-09,WGS84_GEODESIC_DIRECT,7,1.0,in_country,0,,,,,SED_GEO_ELIGIBILITY_CENSUS_2025_V1
MKT034_MAPORG_C,MKT034,San Antonio,TX,maps_organic,MAPORG13_V1,C,center,,0,29.4245868,-98.4951446,True,True,False,eligible_land,ELIGIBLE,CIVIC_CENTER_ANCHOR_V1_2026-09-09,WGS84_GEODESIC_DIRECT,7,1.0,in_country,0,,,,,SED_GEO_ELIGIBILITY_CENSUS_2025_V1
MKT034_MAPORG_N1,MKT034,San Antonio,TX,maps_organic,MAPORG13_V1,N1,N 1 mi,0,1,29.4391059,-98.4951446,True,True,False,eligible_land,ELIGIBLE,CIVIC_CENTER_ANCHOR_V1_2026-09-09,WGS84_GEODESIC_DIRECT,7,1.0,in_country,0,,,,,SED_GEO_ELIGIBILITY_CENSUS_2025_V1
MKT034_MAPORG_E1,MKT034,San Antonio,TX,maps_organic,MAPORG13_V1,E1,E 1 mi,90,1,29.4245858,-98.4785599,True,True,False,eligible_land,ELIGIBLE,CIVIC_CENTER_ANCHOR_V1_2026-09-09,WGS84_GEODESIC_DIRECT,7,1.0,in_country,0,,,,,SED_GEO_ELIGIBILITY_CENSUS_2025_V1
MKT034_MAPORG_S1,MKT034,San Antonio,TX,maps_organic,MAPORG13_V1,S1,S 1 mi,180,1,29.4100676,-98.4951446,True,True,False,eligible_land,ELIGIBLE,CIVIC_CENTER_ANCHOR_V1_2026-09-09,WGS84_GEODESIC_DIRECT,7,1.0,in_country,0,,,,,SED_GEO_ELIGIBILITY_CENSUS_2025_V1
MKT034_MAPORG_W1,MKT034,San Antonio,TX,maps_organic,MAPORG13_V1,W1,W 1 mi,270,1,29.4245858,-98.5117293,True,True,False,structural_water_exclusion,STRUCTURAL_EXCLUSION,CIVIC_CENTER_ANCHOR_V1_2026-09-09,WGS84_GEODESIC_DIRECT,7,1.0,in_country,1,H3010,San Pedro Crk,1104742588510,tl_2025_48029_areawater.zip,SED_GEO_ELIGIBILITY_CENSUS_2025_V1
MKT034_MAPORG_N3,MKT034,San Antonio,TX,maps_organic,MAPORG13_V1,N3,N 3 mi,0,3,29.4681441,-98.4951446,True,False,True,eligible_land,ELIGIBLE,CIVIC_CENTER_ANCHOR_V1_2026-09-09,WGS84_GEODESIC_DIRECT,7,1.0,in_country,0,,,,,SED_GEO_ELIGIBILITY_CENSUS_2025_V1
MKT034_MAPORG_E3,MKT034,San Antonio,TX,maps_organic,MAPORG13_V1,E3,E 3 mi,90,3,29.4245775,-98.4453906,True,False,True,eligible_land,ELIGIBLE,CIVIC_CENTER_ANCHOR_V1_2026-09-09,WGS84_GEODESIC_DIRECT,7,1.0,in_country,0,,,,,SED_GEO_ELIGIBILITY_CENSUS_2025_V1
MKT034_MAPORG_S3,MKT034,San Antonio,TX,maps_organic,MAPORG13_V1,S3,S 3 mi,180,3,29.3810292,-98.4951446,True,False,True,eligible_land,ELIGIBLE,CIVIC_CENTER_ANCHOR_V1_2026-09-09,WGS84_GEODESIC_DIRECT,7,1.0,in_country,0,,,,,SED_GEO_ELIGIBILITY_CENSUS_2025_V1
MKT034_MAPORG_W3,MKT034,San Antonio,TX,maps_organic,MAPORG13_V1,W3,W 3 mi,270,3,29.4245775,-98.5448986,True,False,True,eligible_land,ELIGIBLE,CIVIC_CENTER_ANCHOR_V1_2026-09-09,WGS84_GEODESIC_DIRECT,7,1.0,in_country,0,,,,,SED_GEO_ELIGIBILITY_CENSUS_2025_V1
MKT034_MAPORG_N5,MKT034,San Antonio,TX,maps_organic,MAPORG13_V1,N5,N 5 mi,0,5,29.4971822,-98.4951446,True,True,False,eligible_land,ELIGIBLE,CIVIC_CENTER_ANCHOR_V1_2026-09-09,WGS84_GEODESIC_DIRECT,7,1.0,in_country,0,,,,,SED_GEO_ELIGIBILITY_CENSUS_2025_V1
MKT034_MAPORG_E5,MKT034,San Antonio,TX,maps_organic,MAPORG13_V1,E5,E 5 mi,90,5,29.424561,-98.4122213,True,True,False,eligible_land,ELIGIBLE,CIVIC_CENTER_ANCHOR_V1_2026-09-09,WGS84_GEODESIC_DIRECT,7,1.0,in_country,0,,,,,SED_GEO_ELIGIBILITY_CENSUS_2025_V1
MKT034_MAPORG_S5,MKT034,San Antonio,TX,maps_organic,MAPORG13_V1,S5,S 5 mi,180,5,29.3519906,-98.4951446,True,True,False,eligible_land,ELIGIBLE,CIVIC_CENTER_ANCHOR_V1_2026-09-09,WGS84_GEODESIC_DIRECT,7,1.0,in_country,0,,,,,SED_GEO_ELIGIBILITY_CENSUS_2025_V1
MKT034_MAPORG_W5,MKT034,San Antonio,TX,maps_organic,MAPORG13_V1,W5,W 5 mi,270,5,29.424561,-98.5780679,True,True,False,eligible_land,ELIGIBLE,CIVIC_CENTER_ANCHOR_V1_2026-09-09,WGS84_GEODESIC_DIRECT,7,1.0,in_country,0,,,,,SED_GEO_ELIGIBILITY_CENSUS_2025_V1
MKT034_AIO_C,MKT034,San Antonio,TX,aio,AIO9_V1,C,center,,0,29.4245868,-98.4951446,True,,False,eligible_land,ELIGIBLE,CIVIC_CENTER_ANCHOR_V1_2026-09-09,WGS84_GEODESIC_DIRECT,7,1.0,in_country,0,,,,,SED_GEO_ELIGIBILITY_CENSUS_2025_V1
MKT034_AIO_N2P5,MKT034,San Antonio,TX,aio,AIO9_V1,N2P5,N 2.5 mi,0,2.5,29.4608846,-98.4951446,True,,False,eligible_land,ELIGIBLE,CIVIC_CENTER_ANCHOR_V1_2026-09-09,WGS84_GEODESIC_DIRECT,7,1.0,in_country,0,,,,,SED_GEO_ELIGIBILITY_CENSUS_2025_V1
MKT034_AIO_E2P5,MKT034,San Antonio,TX,aio,AIO9_V1,E2P5,E 2.5 mi,90,2.5,29.4245803,-98.4536829,True,,False,eligible_land,ELIGIBLE,CIVIC_CENTER_ANCHOR_V1_2026-09-09,WGS84_GEODESIC_DIRECT,7,1.0,in_country,0,,,,,SED_GEO_ELIGIBILITY_CENSUS_2025_V1
MKT034_AIO_S2P5,MKT034,San Antonio,TX,aio,AIO9_V1,S2P5,S 2.5 mi,180,2.5,29.3882888,-98.4951446,True,,False,eligible_land,ELIGIBLE,CIVIC_CENTER_ANCHOR_V1_2026-09-09,WGS84_GEODESIC_DIRECT,7,1.0,in_country,0,,,,,SED_GEO_ELIGIBILITY_CENSUS_2025_V1
MKT034_AIO_W2P5,MKT034,San Antonio,TX,aio,AIO9_V1,W2P5,W 2.5 mi,270,2.5,29.4245803,-98.5366063,True,,False,eligible_land,ELIGIBLE,CIVIC_CENTER_ANCHOR_V1_2026-09-09,WGS84_GEODESIC_DIRECT,7,1.0,in_country,0,,,,,SED_GEO_ELIGIBILITY_CENSUS_2025_V1
MKT034_AIO_N5,MKT034,San Antonio,TX,aio,AIO9_V1,N5,N 5 mi,0,5,29.4971822,-98.4951446,True,,False,eligible_land,ELIGIBLE,CIVIC_CENTER_ANCHOR_V1_2026-09-09,WGS84_GEODESIC_DIRECT,7,1.0,in_country,0,,,,,SED_GEO_ELIGIBILITY_CENSUS_2025_V1
MKT034_AIO_E5,MKT034,San Antonio,TX,aio,AIO9_V1,E5,E 5 mi,90,5,29.424561,-98.4122213,True,,False,eligible_land,ELIGIBLE,CIVIC_CENTER_ANCHOR_V1_2026-09-09,WGS84_GEODESIC_DIRECT,7,1.0,in_country,0,,,,,SED_GEO_ELIGIBILITY_CENSUS_2025_V1
MKT034_AIO_S5,MKT034,San Antonio,TX,aio,AIO9_V1,S5,S 5 mi,180,5,29.3519906,-98.4951446,True,,False,eligible_land,ELIGIBLE,CIVIC_CENTER_ANCHOR_V1_2026-09-09,WGS84_GEODESIC_DIRECT,7,1.0,in_country,0,,,,,SED_GEO_ELIGIBILITY_CENSUS_2025_V1
MKT034_AIO_W5,MKT034,San Antonio,TX,aio,AIO9_V1,W5,W 5 mi,270,5,29.424561,-98.5780679,True,,False,eligible_land,ELIGIBLE,CIVIC_CENTER_ANCHOR_V1_2026-09-09,WGS84_GEODESIC_DIRECT,7,1.0,in_country,0,,,,,SED_GEO_ELIGIBILITY_CENSUS_2025_V1
MKT035_MAPORG_C,MKT035,Nashville,TN,maps_organic,MAPORG13_V1,C,center,,0,36.16722,-86.77861,True,True,False,eligible_land,ELIGIBLE,CIVIC_CENTER_ANCHOR_V1_2026-09-09,WGS84_GEODESIC_DIRECT,7,1.0,in_country,0,,,,,SED_GEO_ELIGIBILITY_CENSUS_2025_V1
MKT035_MAPORG_N1,MKT035,Nashville,TN,maps_organic,MAPORG13_V1,N1,N 1 mi,0,1,36.1817235,-86.77861,True,True,False,eligible_land,ELIGIBLE,CIVIC_CENTER_ANCHOR_V1_2026-09-09,WGS84_GEODESIC_DIRECT,7,1.0,in_country,0,,,,,SED_GEO_ELIGIBILITY_CENSUS_2025_V1
MKT035_MAPORG_E1,MKT035,Nashville,TN,maps_organic,MAPORG13_V1,E1,E 1 mi,90,1,36.1672187,-86.760723,True,True,False,eligible_land,ELIGIBLE,CIVIC_CENTER_ANCHOR_V1_2026-09-09,WGS84_GEODESIC_DIRECT,7,1.0,in_country,0,,,,,SED_GEO_ELIGIBILITY_CENSUS_2025_V1
MKT035_MAPORG_S1,MKT035,Nashville,TN,maps_organic,MAPORG13_V1,S1,S 1 mi,180,1,36.1527164,-86.77861,True,True,False,eligible_land,ELIGIBLE,CIVIC_CENTER_ANCHOR_V1_2026-09-09,WGS84_GEODESIC_DIRECT,7,1.0,in_country,0,,,,,SED_GEO_ELIGIBILITY_CENSUS_2025_V1
MKT035_MAPORG_W1,MKT035,Nashville,TN,maps_organic,MAPORG13_V1,W1,W 1 mi,270,1,36.1672187,-86.796497,True,True,False,eligible_land,ELIGIBLE,CIVIC_CENTER_ANCHOR_V1_2026-09-09,WGS84_GEODESIC_DIRECT,7,1.0,in_country,0,,,,,SED_GEO_ELIGIBILITY_CENSUS_2025_V1
MKT035_MAPORG_N3,MKT035,Nashville,TN,maps_organic,MAPORG13_V1,N3,N 3 mi,0,3,36.2107305,-86.77861,True,False,True,eligible_land,ELIGIBLE,CIVIC_CENTER_ANCHOR_V1_2026-09-09,WGS84_GEODESIC_DIRECT,7,1.0,in_country,0,,,,,SED_GEO_ELIGIBILITY_CENSUS_2025_V1
MKT035_MAPORG_E3,MKT035,Nashville,TN,maps_organic,MAPORG13_V1,E3,E 3 mi,90,3,36.167208,-86.7249491,True,False,True,eligible_land,ELIGIBLE,CIVIC_CENTER_ANCHOR_V1_2026-09-09,WGS84_GEODESIC_DIRECT,7,1.0,in_country,0,,,,,SED_GEO_ELIGIBILITY_CENSUS_2025_V1
MKT035_MAPORG_S3,MKT035,Nashville,TN,maps_organic,MAPORG13_V1,S3,S 3 mi,180,3,36.1237092,-86.77861,True,False,True,eligible_land,ELIGIBLE,CIVIC_CENTER_ANCHOR_V1_2026-09-09,WGS84_GEODESIC_DIRECT,7,1.0,in_country,0,,,,,SED_GEO_ELIGIBILITY_CENSUS_2025_V1
MKT035_MAPORG_W3,MKT035,Nashville,TN,maps_organic,MAPORG13_V1,W3,W 3 mi,270,3,36.167208,-86.8322709,True,False,True,eligible_land,ELIGIBLE,CIVIC_CENTER_ANCHOR_V1_2026-09-09,WGS84_GEODESIC_DIRECT,7,1.0,in_country,0,,,,,SED_GEO_ELIGIBILITY_CENSUS_2025_V1
MKT035_MAPORG_N5,MKT035,Nashville,TN,maps_organic,MAPORG13_V1,N5,N 5 mi,0,5,36.2397373,-86.77861,True,True,False,eligible_land,ELIGIBLE,CIVIC_CENTER_ANCHOR_V1_2026-09-09,WGS84_GEODESIC_DIRECT,7,1.0,in_country,0,,,,,SED_GEO_ELIGIBILITY_CENSUS_2025_V1
MKT035_MAPORG_E5,MKT035,Nashville,TN,maps_organic,MAPORG13_V1,E5,E 5 mi,90,5,36.1671866,-86.6891752,True,True,False,eligible_land,ELIGIBLE,CIVIC_CENTER_ANCHOR_V1_2026-09-09,WGS84_GEODESIC_DIRECT,7,1.0,in_country,0,,,,,SED_GEO_ELIGIBILITY_CENSUS_2025_V1
MKT035_MAPORG_S5,MKT035,Nashville,TN,maps_organic,MAPORG13_V1,S5,S 5 mi,180,5,36.0947018,-86.77861,True,True,False,eligible_land,ELIGIBLE,CIVIC_CENTER_ANCHOR_V1_2026-09-09,WGS84_GEODESIC_DIRECT,7,1.0,in_country,0,,,,,SED_GEO_ELIGIBILITY_CENSUS_2025_V1
MKT035_MAPORG_W5,MKT035,Nashville,TN,maps_organic,MAPORG13_V1,W5,W 5 mi,270,5,36.1671866,-86.8680448,True,True,False,eligible_land,ELIGIBLE,CIVIC_CENTER_ANCHOR_V1_2026-09-09,WGS84_GEODESIC_DIRECT,7,1.0,in_country,0,,,,,SED_GEO_ELIGIBILITY_CENSUS_2025_V1
MKT035_AIO_C,MKT035,Nashville,TN,aio,AIO9_V1,C,center,,0,36.16722,-86.77861,True,,False,eligible_land,ELIGIBLE,CIVIC_CENTER_ANCHOR_V1_2026-09-09,WGS84_GEODESIC_DIRECT,7,1.0,in_country,0,,,,,SED_GEO_ELIGIBILITY_CENSUS_2025_V1
MKT035_AIO_N2P5,MKT035,Nashville,TN,aio,AIO9_V1,N2P5,N 2.5 mi,0,2.5,36.2034788,-86.77861,True,,False,eligible_land,ELIGIBLE,CIVIC_CENTER_ANCHOR_V1_2026-09-09,WGS84_GEODESIC_DIRECT,7,1.0,in_country,0,,,,,SED_GEO_ELIGIBILITY_CENSUS_2025_V1
MKT035_AIO_E2P5,MKT035,Nashville,TN,aio,AIO9_V1,E2P5,E 2.5 mi,90,2.5,36.1672116,-86.7338926,True,,False,eligible_land,ELIGIBLE,CIVIC_CENTER_ANCHOR_V1_2026-09-09,WGS84_GEODESIC_DIRECT,7,1.0,in_country,0,,,,,SED_GEO_ELIGIBILITY_CENSUS_2025_V1
MKT035_AIO_S2P5,MKT035,Nashville,TN,aio,AIO9_V1,S2P5,S 2.5 mi,180,2.5,36.130961,-86.77861,True,,False,eligible_land,ELIGIBLE,CIVIC_CENTER_ANCHOR_V1_2026-09-09,WGS84_GEODESIC_DIRECT,7,1.0,in_country,0,,,,,SED_GEO_ELIGIBILITY_CENSUS_2025_V1
MKT035_AIO_W2P5,MKT035,Nashville,TN,aio,AIO9_V1,W2P5,W 2.5 mi,270,2.5,36.1672116,-86.8233274,True,,False,eligible_land,ELIGIBLE,CIVIC_CENTER_ANCHOR_V1_2026-09-09,WGS84_GEODESIC_DIRECT,7,1.0,in_country,0,,,,,SED_GEO_ELIGIBILITY_CENSUS_2025_V1
MKT035_AIO_N5,MKT035,Nashville,TN,aio,AIO9_V1,N5,N 5 mi,0,5,36.2397373,-86.77861,True,,False,eligible_land,ELIGIBLE,CIVIC_CENTER_ANCHOR_V1_2026-09-09,WGS84_GEODESIC_DIRECT,7,1.0,in_country,0,,,,,SED_GEO_ELIGIBILITY_CENSUS_2025_V1
MKT035_AIO_E5,MKT035,Nashville,TN,aio,AIO9_V1,E5,E 5 mi,90,5,36.1671866,-86.6891752,True,,False,eligible_land,ELIGIBLE,CIVIC_CENTER_ANCHOR_V1_2026-09-09,WGS84_GEODESIC_DIRECT,7,1.0,in_country,0,,,,,SED_GEO_ELIGIBILITY_CENSUS_2025_V1
MKT035_AIO_S5,MKT035,Nashville,TN,aio,AIO9_V1,S5,S 5 mi,180,5,36.0947018,-86.77861,True,,False,eligible_land,ELIGIBLE,CIVIC_CENTER_ANCHOR_V1_2026-09-09,WGS84_GEODESIC_DIRECT,7,1.0,in_country,0,,,,,SED_GEO_ELIGIBILITY_CENSUS_2025_V1
MKT035_AIO_W5,MKT035,Nashville,TN,aio,AIO9_V1,W5,W 5 mi,270,5,36.1671866,-86.8680448,True,,False,eligible_land,ELIGIBLE,CIVIC_CENTER_ANCHOR_V1_2026-09-09,WGS84_GEODESIC_DIRECT,7,1.0,in_country,0,,,,,SED_GEO_ELIGIBILITY_CENSUS_2025_V1
MKT036_MAPORG_C,MKT036,Memphis,TN,maps_organic,MAPORG13_V1,C,center,,0,35.14842,-90.05092,True,True,False,eligible_land,ELIGIBLE,CIVIC_CENTER_ANCHOR_V1_2026-09-09,WGS84_GEODESIC_DIRECT,7,1.0,in_country,0,,,,,SED_GEO_ELIGIBILITY_CENSUS_2025_V1
MKT036_MAPORG_N1,MKT036,Memphis,TN,maps_organic,MAPORG13_V1,N1,N 1 mi,0,1,35.162926,-90.05092,True,True,False,eligible_land,ELIGIBLE,CIVIC_CENTER_ANCHOR_V1_2026-09-09,WGS84_GEODESIC_DIRECT,7,1.0,in_country,0,,,,,SED_GEO_ELIGIBILITY_CENSUS_2025_V1
MKT036_MAPORG_E1,MKT036,Memphis,TN,maps_organic,MAPORG13_V1,E1,E 1 mi,90,1,35.1484187,-90.0332588,True,True,False,eligible_land,ELIGIBLE,CIVIC_CENTER_ANCHOR_V1_2026-09-09,WGS84_GEODESIC_DIRECT,7,1.0,in_country,0,,,,,SED_GEO_ELIGIBILITY_CENSUS_2025_V1
MKT036_MAPORG_S1,MKT036,Memphis,TN,maps_organic,MAPORG13_V1,S1,S 1 mi,180,1,35.133914,-90.05092,True,True,False,eligible_land,ELIGIBLE,CIVIC_CENTER_ANCHOR_V1_2026-09-09,WGS84_GEODESIC_DIRECT,7,1.0,in_country,0,,,,,SED_GEO_ELIGIBILITY_CENSUS_2025_V1
MKT036_MAPORG_W1,MKT036,Memphis,TN,maps_organic,MAPORG13_V1,W1,W 1 mi,270,1,35.1484187,-90.0685812,True,True,False,structural_water_exclusion,STRUCTURAL_EXCLUSION,CIVIC_CENTER_ANCHOR_V1_2026-09-09,WGS84_GEODESIC_DIRECT,7,1.0,in_country,1,H3010,Mississippi Riv,11035236518072,tl_2025_05035_areawater.zip,SED_GEO_ELIGIBILITY_CENSUS_2025_V1
MKT036_MAPORG_N3,MKT036,Memphis,TN,maps_organic,MAPORG13_V1,N3,N 3 mi,0,3,35.1919379,-90.05092,True,False,True,eligible_land,ELIGIBLE,CIVIC_CENTER_ANCHOR_V1_2026-09-09,WGS84_GEODESIC_DIRECT,7,1.0,in_country,0,,,,,SED_GEO_ELIGIBILITY_CENSUS_2025_V1
MKT036_MAPORG_E3,MKT036,Memphis,TN,maps_organic,MAPORG13_V1,E3,E 3 mi,90,3,35.1484084,-89.9979363,True,False,True,eligible_land,ELIGIBLE,CIVIC_CENTER_ANCHOR_V1_2026-09-09,WGS84_GEODESIC_DIRECT,7,1.0,in_country,0,,,,,SED_GEO_ELIGIBILITY_CENSUS_2025_V1
MKT036_MAPORG_S3,MKT036,Memphis,TN,maps_organic,MAPORG13_V1,S3,S 3 mi,180,3,35.1049018,-90.05092,True,False,True,eligible_land,ELIGIBLE,CIVIC_CENTER_ANCHOR_V1_2026-09-09,WGS84_GEODESIC_DIRECT,7,1.0,in_country,0,,,,,SED_GEO_ELIGIBILITY_CENSUS_2025_V1
MKT036_MAPORG_W3,MKT036,Memphis,TN,maps_organic,MAPORG13_V1,W3,W 3 mi,270,3,35.1484084,-90.1039037,True,False,True,eligible_land,ELIGIBLE,CIVIC_CENTER_ANCHOR_V1_2026-09-09,WGS84_GEODESIC_DIRECT,7,1.0,in_country,0,,,,,SED_GEO_ELIGIBILITY_CENSUS_2025_V1
MKT036_MAPORG_N5,MKT036,Memphis,TN,maps_organic,MAPORG13_V1,N5,N 5 mi,0,5,35.2209496,-90.05092,True,True,False,eligible_land,ELIGIBLE,CIVIC_CENTER_ANCHOR_V1_2026-09-09,WGS84_GEODESIC_DIRECT,7,1.0,in_country,0,,,,,SED_GEO_ELIGIBILITY_CENSUS_2025_V1
MKT036_MAPORG_E5,MKT036,Memphis,TN,maps_organic,MAPORG13_V1,E5,E 5 mi,90,5,35.1483878,-89.9626139,True,True,False,eligible_land,ELIGIBLE,CIVIC_CENTER_ANCHOR_V1_2026-09-09,WGS84_GEODESIC_DIRECT,7,1.0,in_country,0,,,,,SED_GEO_ELIGIBILITY_CENSUS_2025_V1
MKT036_MAPORG_S5,MKT036,Memphis,TN,maps_organic,MAPORG13_V1,S5,S 5 mi,180,5,35.0758895,-90.05092,True,True,False,eligible_land,ELIGIBLE,CIVIC_CENTER_ANCHOR_V1_2026-09-09,WGS84_GEODESIC_DIRECT,7,1.0,in_country,0,,,,,SED_GEO_ELIGIBILITY_CENSUS_2025_V1
MKT036_MAPORG_W5,MKT036,Memphis,TN,maps_organic,MAPORG13_V1,W5,W 5 mi,270,5,35.1483878,-90.1392261,True,True,False,eligible_land,ELIGIBLE,CIVIC_CENTER_ANCHOR_V1_2026-09-09,WGS84_GEODESIC_DIRECT,7,1.0,in_country,0,,,,,SED_GEO_ELIGIBILITY_CENSUS_2025_V1
MKT036_AIO_C,MKT036,Memphis,TN,aio,AIO9_V1,C,center,,0,35.14842,-90.05092,True,,False,eligible_land,ELIGIBLE,CIVIC_CENTER_ANCHOR_V1_2026-09-09,WGS84_GEODESIC_DIRECT,7,1.0,in_country,0,,,,,SED_GEO_ELIGIBILITY_CENSUS_2025_V1
MKT036_AIO_N2P5,MKT036,Memphis,TN,aio,AIO9_V1,N2P5,N 2.5 mi,0,2.5,35.1846849,-90.05092,True,,False,eligible_land,ELIGIBLE,CIVIC_CENTER_ANCHOR_V1_2026-09-09,WGS84_GEODESIC_DIRECT,7,1.0,in_country,0,,,,,SED_GEO_ELIGIBILITY_CENSUS_2025_V1
MKT036_AIO_E2P5,MKT036,Memphis,TN,aio,AIO9_V1,E2P5,E 2.5 mi,90,2.5,35.148412,-90.0067669,True,,False,eligible_land,ELIGIBLE,CIVIC_CENTER_ANCHOR_V1_2026-09-09,WGS84_GEODESIC_DIRECT,7,1.0,in_country,0,,,,,SED_GEO_ELIGIBILITY_CENSUS_2025_V1
MKT036_AIO_S2P5,MKT036,Memphis,TN,aio,AIO9_V1,S2P5,S 2.5 mi,180,2.5,35.1121549,-90.05092,True,,False,eligible_land,ELIGIBLE,CIVIC_CENTER_ANCHOR_V1_2026-09-09,WGS84_GEODESIC_DIRECT,7,1.0,in_country,0,,,,,SED_GEO_ELIGIBILITY_CENSUS_2025_V1
MKT036_AIO_W2P5,MKT036,Memphis,TN,aio,AIO9_V1,W2P5,W 2.5 mi,270,2.5,35.148412,-90.0950731,True,,False,eligible_land,ELIGIBLE,CIVIC_CENTER_ANCHOR_V1_2026-09-09,WGS84_GEODESIC_DIRECT,7,1.0,in_country,0,,,,,SED_GEO_ELIGIBILITY_CENSUS_2025_V1
MKT036_AIO_N5,MKT036,Memphis,TN,aio,AIO9_V1,N5,N 5 mi,0,5,35.2209496,-90.05092,True,,False,eligible_land,ELIGIBLE,CIVIC_CENTER_ANCHOR_V1_2026-09-09,WGS84_GEODESIC_DIRECT,7,1.0,in_country,0,,,,,SED_GEO_ELIGIBILITY_CENSUS_2025_V1
MKT036_AIO_E5,MKT036,Memphis,TN,aio,AIO9_V1,E5,E 5 mi,90,5,35.1483878,-89.9626139,True,,False,eligible_land,ELIGIBLE,CIVIC_CENTER_ANCHOR_V1_2026-09-09,WGS84_GEODESIC_DIRECT,7,1.0,in_country,0,,,,,SED_GEO_ELIGIBILITY_CENSUS_2025_V1
MKT036_AIO_S5,MKT036,Memphis,TN,aio,AIO9_V1,S5,S 5 mi,180,5,35.0758895,-90.05092,True,,False,eligible_land,ELIGIBLE,CIVIC_CENTER_ANCHOR_V1_2026-09-09,WGS84_GEODESIC_DIRECT,7,1.0,in_country,0,,,,,SED_GEO_ELIGIBILITY_CENSUS_2025_V1
MKT036_AIO_W5,MKT036,Memphis,TN,aio,AIO9_V1,W5,W 5 mi,270,5,35.1483878,-90.1392261,True,,False,eligible_land,ELIGIBLE,CIVIC_CENTER_ANCHOR_V1_2026-09-09,WGS84_GEODESIC_DIRECT,7,1.0,in_country,0,,,,,SED_GEO_ELIGIBILITY_CENSUS_2025_V1
MKT037_MAPORG_C,MKT037,Atlanta,GA,maps_organic,MAPORG13_V1,C,center,,0,33.74862,-84.39059,True,True,False,eligible_land,ELIGIBLE,CIVIC_CENTER_ANCHOR_V1_2026-09-09,WGS84_GEODESIC_DIRECT,7,1.0,in_country,0,,,,,SED_GEO_ELIGIBILITY_CENSUS_2025_V1
MKT037_MAPORG_N1,MKT037,Atlanta,GA,maps_organic,MAPORG13_V1,N1,N 1 mi,0,1,33.7631293,-84.39059,True,True,False,eligible_land,ELIGIBLE,CIVIC_CENTER_ANCHOR_V1_2026-09-09,WGS84_GEODESIC_DIRECT,7,1.0,in_country,0,,,,,SED_GEO_ELIGIBILITY_CENSUS_2025_V1
MKT037_MAPORG_E1,MKT037,Atlanta,GA,maps_organic,MAPORG13_V1,E1,E 1 mi,90,1,33.7486188,-84.373221,True,True,False,eligible_land,ELIGIBLE,CIVIC_CENTER_ANCHOR_V1_2026-09-09,WGS84_GEODESIC_DIRECT,7,1.0,in_country,0,,,,,SED_GEO_ELIGIBILITY_CENSUS_2025_V1
MKT037_MAPORG_S1,MKT037,Atlanta,GA,maps_organic,MAPORG13_V1,S1,S 1 mi,180,1,33.7341107,-84.39059,True,True,False,eligible_land,ELIGIBLE,CIVIC_CENTER_ANCHOR_V1_2026-09-09,WGS84_GEODESIC_DIRECT,7,1.0,in_country,0,,,,,SED_GEO_ELIGIBILITY_CENSUS_2025_V1
MKT037_MAPORG_W1,MKT037,Atlanta,GA,maps_organic,MAPORG13_V1,W1,W 1 mi,270,1,33.7486188,-84.407959,True,True,False,eligible_land,ELIGIBLE,CIVIC_CENTER_ANCHOR_V1_2026-09-09,WGS84_GEODESIC_DIRECT,7,1.0,in_country,0,,,,,SED_GEO_ELIGIBILITY_CENSUS_2025_V1
MKT037_MAPORG_N3,MKT037,Atlanta,GA,maps_organic,MAPORG13_V1,N3,N 3 mi,0,3,33.7921478,-84.39059,True,False,True,eligible_land,ELIGIBLE,CIVIC_CENTER_ANCHOR_V1_2026-09-09,WGS84_GEODESIC_DIRECT,7,1.0,in_country,0,,,,,SED_GEO_ELIGIBILITY_CENSUS_2025_V1
MKT037_MAPORG_E3,MKT037,Atlanta,GA,maps_organic,MAPORG13_V1,E3,E 3 mi,90,3,33.748609,-84.338483,True,False,True,eligible_land,ELIGIBLE,CIVIC_CENTER_ANCHOR_V1_2026-09-09,WGS84_GEODESIC_DIRECT,7,1.0,in_country,0,,,,,SED_GEO_ELIGIBILITY_CENSUS_2025_V1
MKT037_MAPORG_S3,MKT037,Atlanta,GA,maps_organic,MAPORG13_V1,S3,S 3 mi,180,3,33.7050918,-84.39059,True,False,True,eligible_land,ELIGIBLE,CIVIC_CENTER_ANCHOR_V1_2026-09-09,WGS84_GEODESIC_DIRECT,7,1.0,in_country,0,,,,,SED_GEO_ELIGIBILITY_CENSUS_2025_V1
MKT037_MAPORG_W3,MKT037,Atlanta,GA,maps_organic,MAPORG13_V1,W3,W 3 mi,270,3,33.748609,-84.442697,True,False,True,eligible_land,ELIGIBLE,CIVIC_CENTER_ANCHOR_V1_2026-09-09,WGS84_GEODESIC_DIRECT,7,1.0,in_country,0,,,,,SED_GEO_ELIGIBILITY_CENSUS_2025_V1
MKT037_MAPORG_N5,MKT037,Atlanta,GA,maps_organic,MAPORG13_V1,N5,N 5 mi,0,5,33.8211662,-84.39059,True,True,False,eligible_land,ELIGIBLE,CIVIC_CENTER_ANCHOR_V1_2026-09-09,WGS84_GEODESIC_DIRECT,7,1.0,in_country,0,,,,,SED_GEO_ELIGIBILITY_CENSUS_2025_V1
MKT037_MAPORG_E5,MKT037,Atlanta,GA,maps_organic,MAPORG13_V1,E5,E 5 mi,90,5,33.7485895,-84.3037449,True,True,False,eligible_land,ELIGIBLE,CIVIC_CENTER_ANCHOR_V1_2026-09-09,WGS84_GEODESIC_DIRECT,7,1.0,in_country,0,,,,,SED_GEO_ELIGIBILITY_CENSUS_2025_V1
MKT037_MAPORG_S5,MKT037,Atlanta,GA,maps_organic,MAPORG13_V1,S5,S 5 mi,180,5,33.6760729,-84.39059,True,True,False,eligible_land,ELIGIBLE,CIVIC_CENTER_ANCHOR_V1_2026-09-09,WGS84_GEODESIC_DIRECT,7,1.0,in_country,0,,,,,SED_GEO_ELIGIBILITY_CENSUS_2025_V1
MKT037_MAPORG_W5,MKT037,Atlanta,GA,maps_organic,MAPORG13_V1,W5,W 5 mi,270,5,33.7485895,-84.4774351,True,True,False,eligible_land,ELIGIBLE,CIVIC_CENTER_ANCHOR_V1_2026-09-09,WGS84_GEODESIC_DIRECT,7,1.0,in_country,0,,,,,SED_GEO_ELIGIBILITY_CENSUS_2025_V1
MKT037_AIO_C,MKT037,Atlanta,GA,aio,AIO9_V1,C,center,,0,33.74862,-84.39059,True,,False,eligible_land,ELIGIBLE,CIVIC_CENTER_ANCHOR_V1_2026-09-09,WGS84_GEODESIC_DIRECT,7,1.0,in_country,0,,,,,SED_GEO_ELIGIBILITY_CENSUS_2025_V1
MKT037_AIO_N2P5,MKT037,Atlanta,GA,aio,AIO9_V1,N2P5,N 2.5 mi,0,2.5,33.7848932,-84.39059,True,,False,eligible_land,ELIGIBLE,CIVIC_CENTER_ANCHOR_V1_2026-09-09,WGS84_GEODESIC_DIRECT,7,1.0,in_country,0,,,,,SED_GEO_ELIGIBILITY_CENSUS_2025_V1
MKT037_AIO_E2P5,MKT037,Atlanta,GA,aio,AIO9_V1,E2P5,E 2.5 mi,90,2.5,33.7486124,-84.3471675,True,,False,eligible_land,ELIGIBLE,CIVIC_CENTER_ANCHOR_V1_2026-09-09,WGS84_GEODESIC_DIRECT,7,1.0,in_country,0,,,,,SED_GEO_ELIGIBILITY_CENSUS_2025_V1
MKT037_AIO_S2P5,MKT037,Atlanta,GA,aio,AIO9_V1,S2P5,S 2.5 mi,180,2.5,33.7123466,-84.39059,True,,False,eligible_land,ELIGIBLE,CIVIC_CENTER_ANCHOR_V1_2026-09-09,WGS84_GEODESIC_DIRECT,7,1.0,in_country,0,,,,,SED_GEO_ELIGIBILITY_CENSUS_2025_V1
MKT037_AIO_W2P5,MKT037,Atlanta,GA,aio,AIO9_V1,W2P5,W 2.5 mi,270,2.5,33.7486124,-84.4340125,True,,False,eligible_land,ELIGIBLE,CIVIC_CENTER_ANCHOR_V1_2026-09-09,WGS84_GEODESIC_DIRECT,7,1.0,in_country,0,,,,,SED_GEO_ELIGIBILITY_CENSUS_2025_V1
MKT037_AIO_N5,MKT037,Atlanta,GA,aio,AIO9_V1,N5,N 5 mi,0,5,33.8211662,-84.39059,True,,False,eligible_land,ELIGIBLE,CIVIC_CENTER_ANCHOR_V1_2026-09-09,WGS84_GEODESIC_DIRECT,7,1.0,in_country,0,,,,,SED_GEO_ELIGIBILITY_CENSUS_2025_V1
MKT037_AIO_E5,MKT037,Atlanta,GA,aio,AIO9_V1,E5,E 5 mi,90,5,33.7485895,-84.3037449,True,,False,eligible_land,ELIGIBLE,CIVIC_CENTER_ANCHOR_V1_2026-09-09,WGS84_GEODESIC_DIRECT,7,1.0,in_country,0,,,,,SED_GEO_ELIGIBILITY_CENSUS_2025_V1
MKT037_AIO_S5,MKT037,Atlanta,GA,aio,AIO9_V1,S5,S 5 mi,180,5,33.6760729,-84.39059,True,,False,eligible_land,ELIGIBLE,CIVIC_CENTER_ANCHOR_V1_2026-09-09,WGS84_GEODESIC_DIRECT,7,1.0,in_country,0,,,,,SED_GEO_ELIGIBILITY_CENSUS_2025_V1
MKT037_AIO_W5,MKT037,Atlanta,GA,aio,AIO9_V1,W5,W 5 mi,270,5,33.7485895,-84.4774351,True,,False,eligible_land,ELIGIBLE,CIVIC_CENTER_ANCHOR_V1_2026-09-09,WGS84_GEODESIC_DIRECT,7,1.0,in_country,0,,,,,SED_GEO_ELIGIBILITY_CENSUS_2025_V1
MKT038_MAPORG_C,MKT038,Charlotte,NC,maps_organic,MAPORG13_V1,C,center,,0,35.2215526,-80.8393081,True,True,False,eligible_land,ELIGIBLE,CIVIC_CENTER_ANCHOR_V1_2026-09-09,WGS84_GEODESIC_DIRECT,7,1.0,in_country,0,,,,,SED_GEO_ELIGIBILITY_CENSUS_2025_V1
MKT038_MAPORG_N1,MKT038,Charlotte,NC,maps_organic,MAPORG13_V1,N1,N 1 mi,0,1,35.2360584,-80.8393081,True,True,False,eligible_land,ELIGIBLE,CIVIC_CENTER_ANCHOR_V1_2026-09-09,WGS84_GEODESIC_DIRECT,7,1.0,in_country,0,,,,,SED_GEO_ELIGIBILITY_CENSUS_2025_V1
MKT038_MAPORG_E1,MKT038,Charlotte,NC,maps_organic,MAPORG13_V1,E1,E 1 mi,90,1,35.2215513,-80.821631,True,True,False,eligible_land,ELIGIBLE,CIVIC_CENTER_ANCHOR_V1_2026-09-09,WGS84_GEODESIC_DIRECT,7,1.0,in_country,0,,,,,SED_GEO_ELIGIBILITY_CENSUS_2025_V1
MKT038_MAPORG_S1,MKT038,Charlotte,NC,maps_organic,MAPORG13_V1,S1,S 1 mi,180,1,35.2070468,-80.8393081,True,True,False,eligible_land,ELIGIBLE,CIVIC_CENTER_ANCHOR_V1_2026-09-09,WGS84_GEODESIC_DIRECT,7,1.0,in_country,0,,,,,SED_GEO_ELIGIBILITY_CENSUS_2025_V1
MKT038_MAPORG_W1,MKT038,Charlotte,NC,maps_organic,MAPORG13_V1,W1,W 1 mi,270,1,35.2215513,-80.8569852,True,True,False,eligible_land,ELIGIBLE,CIVIC_CENTER_ANCHOR_V1_2026-09-09,WGS84_GEODESIC_DIRECT,7,1.0,in_country,0,,,,,SED_GEO_ELIGIBILITY_CENSUS_2025_V1
MKT038_MAPORG_N3,MKT038,Charlotte,NC,maps_organic,MAPORG13_V1,N3,N 3 mi,0,3,35.2650699,-80.8393081,True,False,True,eligible_land,ELIGIBLE,CIVIC_CENTER_ANCHOR_V1_2026-09-09,WGS84_GEODESIC_DIRECT,7,1.0,in_country,0,,,,,SED_GEO_ELIGIBILITY_CENSUS_2025_V1
MKT038_MAPORG_E3,MKT038,Charlotte,NC,maps_organic,MAPORG13_V1,E3,E 3 mi,90,3,35.221541,-80.786277,True,False,True,eligible_land,ELIGIBLE,CIVIC_CENTER_ANCHOR_V1_2026-09-09,WGS84_GEODESIC_DIRECT,7,1.0,in_country,0,,,,,SED_GEO_ELIGIBILITY_CENSUS_2025_V1
MKT038_MAPORG_S3,MKT038,Charlotte,NC,maps_organic,MAPORG13_V1,S3,S 3 mi,180,3,35.178035,-80.8393081,True,False,True,eligible_land,ELIGIBLE,CIVIC_CENTER_ANCHOR_V1_2026-09-09,WGS84_GEODESIC_DIRECT,7,1.0,in_country,0,,,,,SED_GEO_ELIGIBILITY_CENSUS_2025_V1
MKT038_MAPORG_W3,MKT038,Charlotte,NC,maps_organic,MAPORG13_V1,W3,W 3 mi,270,3,35.221541,-80.8923392,True,False,True,eligible_land,ELIGIBLE,CIVIC_CENTER_ANCHOR_V1_2026-09-09,WGS84_GEODESIC_DIRECT,7,1.0,in_country,0,,,,,SED_GEO_ELIGIBILITY_CENSUS_2025_V1
MKT038_MAPORG_N5,MKT038,Charlotte,NC,maps_organic,MAPORG13_V1,N5,N 5 mi,0,5,35.2940813,-80.8393081,True,True,False,eligible_land,ELIGIBLE,CIVIC_CENTER_ANCHOR_V1_2026-09-09,WGS84_GEODESIC_DIRECT,7,1.0,in_country,0,,,,,SED_GEO_ELIGIBILITY_CENSUS_2025_V1
MKT038_MAPORG_E5,MKT038,Charlotte,NC,maps_organic,MAPORG13_V1,E5,E 5 mi,90,5,35.2215203,-80.7509229,True,True,False,eligible_land,ELIGIBLE,CIVIC_CENTER_ANCHOR_V1_2026-09-09,WGS84_GEODESIC_DIRECT,7,1.0,in_country,0,,,,,SED_GEO_ELIGIBILITY_CENSUS_2025_V1
MKT038_MAPORG_S5,MKT038,Charlotte,NC,maps_organic,MAPORG13_V1,S5,S 5 mi,180,5,35.149023,-80.8393081,True,True,False,eligible_land,ELIGIBLE,CIVIC_CENTER_ANCHOR_V1_2026-09-09,WGS84_GEODESIC_DIRECT,7,1.0,in_country,0,,,,,SED_GEO_ELIGIBILITY_CENSUS_2025_V1
MKT038_MAPORG_W5,MKT038,Charlotte,NC,maps_organic,MAPORG13_V1,W5,W 5 mi,270,5,35.2215203,-80.9276933,True,True,False,eligible_land,ELIGIBLE,CIVIC_CENTER_ANCHOR_V1_2026-09-09,WGS84_GEODESIC_DIRECT,7,1.0,in_country,0,,,,,SED_GEO_ELIGIBILITY_CENSUS_2025_V1
MKT038_AIO_C,MKT038,Charlotte,NC,aio,AIO9_V1,C,center,,0,35.2215526,-80.8393081,True,,False,eligible_land,ELIGIBLE,CIVIC_CENTER_ANCHOR_V1_2026-09-09,WGS84_GEODESIC_DIRECT,7,1.0,in_country,0,,,,,SED_GEO_ELIGIBILITY_CENSUS_2025_V1
MKT038_AIO_N2P5,MKT038,Charlotte,NC,aio,AIO9_V1,N2P5,N 2.5 mi,0,2.5,35.2578171,-80.8393081,True,,False,eligible_land,ELIGIBLE,CIVIC_CENTER_ANCHOR_V1_2026-09-09,WGS84_GEODESIC_DIRECT,7,1.0,in_country,0,,,,,SED_GEO_ELIGIBILITY_CENSUS_2025_V1
MKT038_AIO_E2P5,MKT038,Charlotte,NC,aio,AIO9_V1,E2P5,E 2.5 mi,90,2.5,35.2215445,-80.7951155,True,,False,eligible_land,ELIGIBLE,CIVIC_CENTER_ANCHOR_V1_2026-09-09,WGS84_GEODESIC_DIRECT,7,1.0,in_country,0,,,,,SED_GEO_ELIGIBILITY_CENSUS_2025_V1
MKT038_AIO_S2P5,MKT038,Charlotte,NC,aio,AIO9_V1,S2P5,S 2.5 mi,180,2.5,35.1852879,-80.8393081,True,,False,eligible_land,ELIGIBLE,CIVIC_CENTER_ANCHOR_V1_2026-09-09,WGS84_GEODESIC_DIRECT,7,1.0,in_country,0,,,,,SED_GEO_ELIGIBILITY_CENSUS_2025_V1
MKT038_AIO_W2P5,MKT038,Charlotte,NC,aio,AIO9_V1,W2P5,W 2.5 mi,270,2.5,35.2215445,-80.8835007,True,,False,eligible_land,ELIGIBLE,CIVIC_CENTER_ANCHOR_V1_2026-09-09,WGS84_GEODESIC_DIRECT,7,1.0,in_country,0,,,,,SED_GEO_ELIGIBILITY_CENSUS_2025_V1
MKT038_AIO_N5,MKT038,Charlotte,NC,aio,AIO9_V1,N5,N 5 mi,0,5,35.2940813,-80.8393081,True,,False,eligible_land,ELIGIBLE,CIVIC_CENTER_ANCHOR_V1_2026-09-09,WGS84_GEODESIC_DIRECT,7,1.0,in_country,0,,,,,SED_GEO_ELIGIBILITY_CENSUS_2025_V1
MKT038_AIO_E5,MKT038,Charlotte,NC,aio,AIO9_V1,E5,E 5 mi,90,5,35.2215203,-80.7509229,True,,False,eligible_land,ELIGIBLE,CIVIC_CENTER_ANCHOR_V1_2026-09-09,WGS84_GEODESIC_DIRECT,7,1.0,in_country,0,,,,,SED_GEO_ELIGIBILITY_CENSUS_2025_V1
MKT038_AIO_S5,MKT038,Charlotte,NC,aio,AIO9_V1,S5,S 5 mi,180,5,35.149023,-80.8393081,True,,False,eligible_land,ELIGIBLE,CIVIC_CENTER_ANCHOR_V1_2026-09-09,WGS84_GEODESIC_DIRECT,7,1.0,in_country,0,,,,,SED_GEO_ELIGIBILITY_CENSUS_2025_V1
MKT038_AIO_W5,MKT038,Charlotte,NC,aio,AIO9_V1,W5,W 5 mi,270,5,35.2215203,-80.9276933,True,,False,eligible_land,ELIGIBLE,CIVIC_CENTER_ANCHOR_V1_2026-09-09,WGS84_GEODESIC_DIRECT,7,1.0,in_country,0,,,,,SED_GEO_ELIGIBILITY_CENSUS_2025_V1
MKT039_MAPORG_C,MKT039,Raleigh,NC,maps_organic,MAPORG13_V1,C,center,,0,35.778799,-78.64293,True,True,False,eligible_land,ELIGIBLE,CIVIC_CENTER_ANCHOR_V1_2026-09-09,WGS84_GEODESIC_DIRECT,7,1.0,in_country,0,,,,,SED_GEO_ELIGIBILITY_CENSUS_2025_V1
MKT039_MAPORG_N1,MKT039,Raleigh,NC,maps_organic,MAPORG13_V1,N1,N 1 mi,0,1,35.7933035,-78.64293,True,True,False,eligible_land,ELIGIBLE,CIVIC_CENTER_ANCHOR_V1_2026-09-09,WGS84_GEODESIC_DIRECT,7,1.0,in_country,0,,,,,SED_GEO_ELIGIBILITY_CENSUS_2025_V1
MKT039_MAPORG_E1,MKT039,Raleigh,NC,maps_organic,MAPORG13_V1,E1,E 1 mi,90,1,35.7787977,-78.6251304,True,True,False,eligible_land,ELIGIBLE,CIVIC_CENTER_ANCHOR_V1_2026-09-09,WGS84_GEODESIC_DIRECT,7,1.0,in_country,0,,,,,SED_GEO_ELIGIBILITY_CENSUS_2025_V1
MKT039_MAPORG_S1,MKT039,Raleigh,NC,maps_organic,MAPORG13_V1,S1,S 1 mi,180,1,35.7642945,-78.64293,True,True,False,eligible_land,ELIGIBLE,CIVIC_CENTER_ANCHOR_V1_2026-09-09,WGS84_GEODESIC_DIRECT,7,1.0,in_country,0,,,,,SED_GEO_ELIGIBILITY_CENSUS_2025_V1
MKT039_MAPORG_W1,MKT039,Raleigh,NC,maps_organic,MAPORG13_V1,W1,W 1 mi,270,1,35.7787977,-78.6607296,True,True,False,eligible_land,ELIGIBLE,CIVIC_CENTER_ANCHOR_V1_2026-09-09,WGS84_GEODESIC_DIRECT,7,1.0,in_country,0,,,,,SED_GEO_ELIGIBILITY_CENSUS_2025_V1
MKT039_MAPORG_N3,MKT039,Raleigh,NC,maps_organic,MAPORG13_V1,N3,N 3 mi,0,3,35.8223123,-78.64293,True,False,True,eligible_land,ELIGIBLE,CIVIC_CENTER_ANCHOR_V1_2026-09-09,WGS84_GEODESIC_DIRECT,7,1.0,in_country,0,,,,,SED_GEO_ELIGIBILITY_CENSUS_2025_V1
MKT039_MAPORG_E3,MKT039,Raleigh,NC,maps_organic,MAPORG13_V1,E3,E 3 mi,90,3,35.7787871,-78.5895313,True,False,True,eligible_land,ELIGIBLE,CIVIC_CENTER_ANCHOR_V1_2026-09-09,WGS84_GEODESIC_DIRECT,7,1.0,in_country,0,,,,,SED_GEO_ELIGIBILITY_CENSUS_2025_V1
MKT039_MAPORG_S3,MKT039,Raleigh,NC,maps_organic,MAPORG13_V1,S3,S 3 mi,180,3,35.7352854,-78.64293,True,False,True,eligible_land,ELIGIBLE,CIVIC_CENTER_ANCHOR_V1_2026-09-09,WGS84_GEODESIC_DIRECT,7,1.0,in_country,0,,,,,SED_GEO_ELIGIBILITY_CENSUS_2025_V1
MKT039_MAPORG_W3,MKT039,Raleigh,NC,maps_organic,MAPORG13_V1,W3,W 3 mi,270,3,35.7787871,-78.6963287,True,False,True,eligible_land,ELIGIBLE,CIVIC_CENTER_ANCHOR_V1_2026-09-09,WGS84_GEODESIC_DIRECT,7,1.0,in_country,0,,,,,SED_GEO_ELIGIBILITY_CENSUS_2025_V1
MKT039_MAPORG_N5,MKT039,Raleigh,NC,maps_organic,MAPORG13_V1,N5,N 5 mi,0,5,35.851321,-78.64293,True,True,False,eligible_land,ELIGIBLE,CIVIC_CENTER_ANCHOR_V1_2026-09-09,WGS84_GEODESIC_DIRECT,7,1.0,in_country,0,,,,,SED_GEO_ELIGIBILITY_CENSUS_2025_V1
MKT039_MAPORG_E5,MKT039,Raleigh,NC,maps_organic,MAPORG13_V1,E5,E 5 mi,90,5,35.7787661,-78.5539322,True,True,False,eligible_land,ELIGIBLE,CIVIC_CENTER_ANCHOR_V1_2026-09-09,WGS84_GEODESIC_DIRECT,7,1.0,in_country,0,,,,,SED_GEO_ELIGIBILITY_CENSUS_2025_V1
MKT039_MAPORG_S5,MKT039,Raleigh,NC,maps_organic,MAPORG13_V1,S5,S 5 mi,180,5,35.7062761,-78.64293,True,True,False,eligible_land,ELIGIBLE,CIVIC_CENTER_ANCHOR_V1_2026-09-09,WGS84_GEODESIC_DIRECT,7,1.0,in_country,0,,,,,SED_GEO_ELIGIBILITY_CENSUS_2025_V1
MKT039_MAPORG_W5,MKT039,Raleigh,NC,maps_organic,MAPORG13_V1,W5,W 5 mi,270,5,35.7787661,-78.7319278,True,True,False,eligible_land,ELIGIBLE,CIVIC_CENTER_ANCHOR_V1_2026-09-09,WGS84_GEODESIC_DIRECT,7,1.0,in_country,0,,,,,SED_GEO_ELIGIBILITY_CENSUS_2025_V1
MKT039_AIO_C,MKT039,Raleigh,NC,aio,AIO9_V1,C,center,,0,35.778799,-78.64293,True,,False,eligible_land,ELIGIBLE,CIVIC_CENTER_ANCHOR_V1_2026-09-09,WGS84_GEODESIC_DIRECT,7,1.0,in_country,0,,,,,SED_GEO_ELIGIBILITY_CENSUS_2025_V1
MKT039_AIO_N2P5,MKT039,Raleigh,NC,aio,AIO9_V1,N2P5,N 2.5 mi,0,2.5,35.8150601,-78.64293,True,,False,eligible_land,ELIGIBLE,CIVIC_CENTER_ANCHOR_V1_2026-09-09,WGS84_GEODESIC_DIRECT,7,1.0,in_country,0,,,,,SED_GEO_ELIGIBILITY_CENSUS_2025_V1
MKT039_AIO_E2P5,MKT039,Raleigh,NC,aio,AIO9_V1,E2P5,E 2.5 mi,90,2.5,35.7787908,-78.5984311,True,,False,eligible_land,ELIGIBLE,CIVIC_CENTER_ANCHOR_V1_2026-09-09,WGS84_GEODESIC_DIRECT,7,1.0,in_country,0,,,,,SED_GEO_ELIGIBILITY_CENSUS_2025_V1
MKT039_AIO_S2P5,MKT039,Raleigh,NC,aio,AIO9_V1,S2P5,S 2.5 mi,180,2.5,35.7425377,-78.64293,True,,False,eligible_land,ELIGIBLE,CIVIC_CENTER_ANCHOR_V1_2026-09-09,WGS84_GEODESIC_DIRECT,7,1.0,in_country,0,,,,,SED_GEO_ELIGIBILITY_CENSUS_2025_V1
MKT039_AIO_W2P5,MKT039,Raleigh,NC,aio,AIO9_V1,W2P5,W 2.5 mi,270,2.5,35.7787908,-78.6874289,True,,False,eligible_land,ELIGIBLE,CIVIC_CENTER_ANCHOR_V1_2026-09-09,WGS84_GEODESIC_DIRECT,7,1.0,in_country,0,,,,,SED_GEO_ELIGIBILITY_CENSUS_2025_V1
MKT039_AIO_N5,MKT039,Raleigh,NC,aio,AIO9_V1,N5,N 5 mi,0,5,35.851321,-78.64293,True,,False,eligible_land,ELIGIBLE,CIVIC_CENTER_ANCHOR_V1_2026-09-09,WGS84_GEODESIC_DIRECT,7,1.0,in_country,0,,,,,SED_GEO_ELIGIBILITY_CENSUS_2025_V1
MKT039_AIO_E5,MKT039,Raleigh,NC,aio,AIO9_V1,E5,E 5 mi,90,5,35.7787661,-78.5539322,True,,False,eligible_land,ELIGIBLE,CIVIC_CENTER_ANCHOR_V1_2026-09-09,WGS84_GEODESIC_DIRECT,7,1.0,in_country,0,,,,,SED_GEO_ELIGIBILITY_CENSUS_2025_V1
MKT039_AIO_S5,MKT039,Raleigh,NC,aio,AIO9_V1,S5,S 5 mi,180,5,35.7062761,-78.64293,True,,False,eligible_land,ELIGIBLE,CIVIC_CENTER_ANCHOR_V1_2026-09-09,WGS84_GEODESIC_DIRECT,7,1.0,in_country,0,,,,,SED_GEO_ELIGIBILITY_CENSUS_2025_V1
MKT039_AIO_W5,MKT039,Raleigh,NC,aio,AIO9_V1,W5,W 5 mi,270,5,35.7787661,-78.7319278,True,,False,eligible_land,ELIGIBLE,CIVIC_CENTER_ANCHOR_V1_2026-09-09,WGS84_GEODESIC_DIRECT,7,1.0,in_country,0,,,,,SED_GEO_ELIGIBILITY_CENSUS_2025_V1
MKT040_MAPORG_C,MKT040,Birmingham,AL,maps_organic,MAPORG13_V1,C,center,,0,33.51955,-86.81082,True,True,False,eligible_land,ELIGIBLE,CIVIC_CENTER_ANCHOR_V1_2026-09-09,WGS84_GEODESIC_DIRECT,7,1.0,in_country,0,,,,,SED_GEO_ELIGIBILITY_CENSUS_2025_V1
MKT040_MAPORG_N1,MKT040,Birmingham,AL,maps_organic,MAPORG13_V1,N1,N 1 mi,0,1,33.5340599,-86.81082,True,True,False,eligible_land,ELIGIBLE,CIVIC_CENTER_ANCHOR_V1_2026-09-09,WGS84_GEODESIC_DIRECT,7,1.0,in_country,0,,,,,SED_GEO_ELIGIBILITY_CENSUS_2025_V1
MKT040_MAPORG_E1,MKT040,Birmingham,AL,maps_organic,MAPORG13_V1,E1,E 1 mi,90,1,33.5195488,-86.7934969,True,True,False,eligible_land,ELIGIBLE,CIVIC_CENTER_ANCHOR_V1_2026-09-09,WGS84_GEODESIC_DIRECT,7,1.0,in_country,0,,,,,SED_GEO_ELIGIBILITY_CENSUS_2025_V1
MKT040_MAPORG_S1,MKT040,Birmingham,AL,maps_organic,MAPORG13_V1,S1,S 1 mi,180,1,33.5050401,-86.81082,True,True,False,eligible_land,ELIGIBLE,CIVIC_CENTER_ANCHOR_V1_2026-09-09,WGS84_GEODESIC_DIRECT,7,1.0,in_country,0,,,,,SED_GEO_ELIGIBILITY_CENSUS_2025_V1
MKT040_MAPORG_W1,MKT040,Birmingham,AL,maps_organic,MAPORG13_V1,W1,W 1 mi,270,1,33.5195488,-86.8281431,True,True,False,eligible_land,ELIGIBLE,CIVIC_CENTER_ANCHOR_V1_2026-09-09,WGS84_GEODESIC_DIRECT,7,1.0,in_country,0,,,,,SED_GEO_ELIGIBILITY_CENSUS_2025_V1
MKT040_MAPORG_N3,MKT040,Birmingham,AL,maps_organic,MAPORG13_V1,N3,N 3 mi,0,3,33.5630795,-86.81082,True,False,True,eligible_land,ELIGIBLE,CIVIC_CENTER_ANCHOR_V1_2026-09-09,WGS84_GEODESIC_DIRECT,7,1.0,in_country,0,,,,,SED_GEO_ELIGIBILITY_CENSUS_2025_V1
MKT040_MAPORG_E3,MKT040,Birmingham,AL,maps_organic,MAPORG13_V1,E3,E 3 mi,90,3,33.5195391,-86.7588507,True,False,True,eligible_land,ELIGIBLE,CIVIC_CENTER_ANCHOR_V1_2026-09-09,WGS84_GEODESIC_DIRECT,7,1.0,in_country,0,,,,,SED_GEO_ELIGIBILITY_CENSUS_2025_V1
MKT040_MAPORG_S3,MKT040,Birmingham,AL,maps_organic,MAPORG13_V1,S3,S 3 mi,180,3,33.4760202,-86.81082,True,False,True,eligible_land,ELIGIBLE,CIVIC_CENTER_ANCHOR_V1_2026-09-09,WGS84_GEODESIC_DIRECT,7,1.0,in_country,0,,,,,SED_GEO_ELIGIBILITY_CENSUS_2025_V1
MKT040_MAPORG_W3,MKT040,Birmingham,AL,maps_organic,MAPORG13_V1,W3,W 3 mi,270,3,33.5195391,-86.8627893,True,False,True,eligible_land,ELIGIBLE,CIVIC_CENTER_ANCHOR_V1_2026-09-09,WGS84_GEODESIC_DIRECT,7,1.0,in_country,0,,,,,SED_GEO_ELIGIBILITY_CENSUS_2025_V1
MKT040_MAPORG_N5,MKT040,Birmingham,AL,maps_organic,MAPORG13_V1,N5,N 5 mi,0,5,33.5920989,-86.81082,True,True,False,eligible_land,ELIGIBLE,CIVIC_CENTER_ANCHOR_V1_2026-09-09,WGS84_GEODESIC_DIRECT,7,1.0,in_country,0,,,,,SED_GEO_ELIGIBILITY_CENSUS_2025_V1
MKT040_MAPORG_E5,MKT040,Birmingham,AL,maps_organic,MAPORG13_V1,E5,E 5 mi,90,5,33.5195197,-86.7242046,True,True,False,eligible_land,ELIGIBLE,CIVIC_CENTER_ANCHOR_V1_2026-09-09,WGS84_GEODESIC_DIRECT,7,1.0,in_country,0,,,,,SED_GEO_ELIGIBILITY_CENSUS_2025_V1
MKT040_MAPORG_S5,MKT040,Birmingham,AL,maps_organic,MAPORG13_V1,S5,S 5 mi,180,5,33.4470002,-86.81082,True,True,False,eligible_land,ELIGIBLE,CIVIC_CENTER_ANCHOR_V1_2026-09-09,WGS84_GEODESIC_DIRECT,7,1.0,in_country,0,,,,,SED_GEO_ELIGIBILITY_CENSUS_2025_V1
MKT040_MAPORG_W5,MKT040,Birmingham,AL,maps_organic,MAPORG13_V1,W5,W 5 mi,270,5,33.5195197,-86.8974354,True,True,False,eligible_land,ELIGIBLE,CIVIC_CENTER_ANCHOR_V1_2026-09-09,WGS84_GEODESIC_DIRECT,7,1.0,in_country,0,,,,,SED_GEO_ELIGIBILITY_CENSUS_2025_V1
MKT040_AIO_C,MKT040,Birmingham,AL,aio,AIO9_V1,C,center,,0,33.51955,-86.81082,True,,False,eligible_land,ELIGIBLE,CIVIC_CENTER_ANCHOR_V1_2026-09-09,WGS84_GEODESIC_DIRECT,7,1.0,in_country,0,,,,,SED_GEO_ELIGIBILITY_CENSUS_2025_V1
MKT040_AIO_N2P5,MKT040,Birmingham,AL,aio,AIO9_V1,N2P5,N 2.5 mi,0,2.5,33.5558246,-86.81082,True,,False,eligible_land,ELIGIBLE,CIVIC_CENTER_ANCHOR_V1_2026-09-09,WGS84_GEODESIC_DIRECT,7,1.0,in_country,0,,,,,SED_GEO_ELIGIBILITY_CENSUS_2025_V1
MKT040_AIO_E2P5,MKT040,Birmingham,AL,aio,AIO9_V1,E2P5,E 2.5 mi,90,2.5,33.5195424,-86.7675123,True,,False,eligible_land,ELIGIBLE,CIVIC_CENTER_ANCHOR_V1_2026-09-09,WGS84_GEODESIC_DIRECT,7,1.0,in_country,0,,,,,SED_GEO_ELIGIBILITY_CENSUS_2025_V1
MKT040_AIO_S2P5,MKT040,Birmingham,AL,aio,AIO9_V1,S2P5,S 2.5 mi,180,2.5,33.4832752,-86.81082,True,,False,eligible_land,ELIGIBLE,CIVIC_CENTER_ANCHOR_V1_2026-09-09,WGS84_GEODESIC_DIRECT,7,1.0,in_country,0,,,,,SED_GEO_ELIGIBILITY_CENSUS_2025_V1
MKT040_AIO_W2P5,MKT040,Birmingham,AL,aio,AIO9_V1,W2P5,W 2.5 mi,270,2.5,33.5195424,-86.8541277,True,,False,eligible_land,ELIGIBLE,CIVIC_CENTER_ANCHOR_V1_2026-09-09,WGS84_GEODESIC_DIRECT,7,1.0,in_country,0,,,,,SED_GEO_ELIGIBILITY_CENSUS_2025_V1
MKT040_AIO_N5,MKT040,Birmingham,AL,aio,AIO9_V1,N5,N 5 mi,0,5,33.5920989,-86.81082,True,,False,eligible_land,ELIGIBLE,CIVIC_CENTER_ANCHOR_V1_2026-09-09,WGS84_GEODESIC_DIRECT,7,1.0,in_country,0,,,,,SED_GEO_ELIGIBILITY_CENSUS_2025_V1
MKT040_AIO_E5,MKT040,Birmingham,AL,aio,AIO9_V1,E5,E 5 mi,90,5,33.5195197,-86.7242046,True,,False,eligible_land,ELIGIBLE,CIVIC_CENTER_ANCHOR_V1_2026-09-09,WGS84_GEODESIC_DIRECT,7,1.0,in_country,0,,,,,SED_GEO_ELIGIBILITY_CENSUS_2025_V1
MKT040_AIO_S5,MKT040,Birmingham,AL,aio,AIO9_V1,S5,S 5 mi,180,5,33.4470002,-86.81082,True,,False,eligible_land,ELIGIBLE,CIVIC_CENTER_ANCHOR_V1_2026-09-09,WGS84_GEODESIC_DIRECT,7,1.0,in_country,0,,,,,SED_GEO_ELIGIBILITY_CENSUS_2025_V1
MKT040_AIO_W5,MKT040,Birmingham,AL,aio,AIO9_V1,W5,W 5 mi,270,5,33.5195197,-86.8974354,True,,False,eligible_land,ELIGIBLE,CIVIC_CENTER_ANCHOR_V1_2026-09-09,WGS84_GEODESIC_DIRECT,7,1.0,in_country,0,,,,,SED_GEO_ELIGIBILITY_CENSUS_2025_V1
MKT041_MAPORG_C,MKT041,Miami,FL,maps_organic,MAPORG13_V1,C,center,,0,25.7276845,-80.2337652,True,True,False,eligible_land,ELIGIBLE,CIVIC_CENTER_ANCHOR_V1_2026-09-09,WGS84_GEODESIC_DIRECT,7,1.0,in_country,0,,,,,SED_GEO_ELIGIBILITY_CENSUS_2025_V1
MKT041_MAPORG_N1,MKT041,Miami,FL,maps_organic,MAPORG13_V1,N1,N 1 mi,0,1,25.7422114,-80.2337652,True,True,False,eligible_land,ELIGIBLE,CIVIC_CENTER_ANCHOR_V1_2026-09-09,WGS84_GEODESIC_DIRECT,7,1.0,in_country,0,,,,,SED_GEO_ELIGIBILITY_CENSUS_2025_V1
MKT041_MAPORG_E1,MKT041,Miami,FL,maps_organic,MAPORG13_V1,E1,E 1 mi,90,1,25.7276836,-80.2177275,True,True,False,structural_water_exclusion,STRUCTURAL_EXCLUSION,CIVIC_CENTER_ANCHOR_V1_2026-09-09,WGS84_GEODESIC_DIRECT,7,1.0,in_country,1,H2051,Biscayne Bay,1105598385667,tl_2025_12086_areawater.zip,SED_GEO_ELIGIBILITY_CENSUS_2025_V1
MKT041_MAPORG_S1,MKT041,Miami,FL,maps_organic,MAPORG13_V1,S1,S 1 mi,180,1,25.7131576,-80.2337652,True,True,False,structural_water_exclusion,STRUCTURAL_EXCLUSION,CIVIC_CENTER_ANCHOR_V1_2026-09-09,WGS84_GEODESIC_DIRECT,7,1.0,in_country,1,H2051,Biscayne Bay,1105598385667,tl_2025_12086_areawater.zip,SED_GEO_ELIGIBILITY_CENSUS_2025_V1
MKT041_MAPORG_W1,MKT041,Miami,FL,maps_organic,MAPORG13_V1,W1,W 1 mi,270,1,25.7276836,-80.2498029,True,True,False,eligible_land,ELIGIBLE,CIVIC_CENTER_ANCHOR_V1_2026-09-09,WGS84_GEODESIC_DIRECT,7,1.0,in_country,0,,,,,SED_GEO_ELIGIBILITY_CENSUS_2025_V1
MKT041_MAPORG_N3,MKT041,Miami,FL,maps_organic,MAPORG13_V1,N3,N 3 mi,0,3,25.771265,-80.2337652,True,False,True,eligible_land,ELIGIBLE,CIVIC_CENTER_ANCHOR_V1_2026-09-09,WGS84_GEODESIC_DIRECT,7,1.0,in_country,0,,,,,SED_GEO_ELIGIBILITY_CENSUS_2025_V1
MKT041_MAPORG_E3,MKT041,Miami,FL,maps_organic,MAPORG13_V1,E3,E 3 mi,90,3,25.7276766,-80.185652,True,False,True,structural_water_exclusion,STRUCTURAL_EXCLUSION,CIVIC_CENTER_ANCHOR_V1_2026-09-09,WGS84_GEODESIC_DIRECT,7,1.0,in_country,1,H2051,Biscayne Bay,1105598385667,tl_2025_12086_areawater.zip,SED_GEO_ELIGIBILITY_CENSUS_2025_V1
MKT041_MAPORG_S3,MKT041,Miami,FL,maps_organic,MAPORG13_V1,S3,S 3 mi,180,3,25.6841037,-80.2337652,True,False,True,structural_water_exclusion,STRUCTURAL_EXCLUSION,CIVIC_CENTER_ANCHOR_V1_2026-09-09,WGS84_GEODESIC_DIRECT,7,1.0,in_country,1,H2051,Biscayne Bay,1105598385667,tl_2025_12086_areawater.zip,SED_GEO_ELIGIBILITY_CENSUS_2025_V1
MKT041_MAPORG_W3,MKT041,Miami,FL,maps_organic,MAPORG13_V1,W3,W 3 mi,270,3,25.7276766,-80.2818784,True,False,True,eligible_land,ELIGIBLE,CIVIC_CENTER_ANCHOR_V1_2026-09-09,WGS84_GEODESIC_DIRECT,7,1.0,in_country,0,,,,,SED_GEO_ELIGIBILITY_CENSUS_2025_V1
MKT041_MAPORG_N5,MKT041,Miami,FL,maps_organic,MAPORG13_V1,N5,N 5 mi,0,5,25.8003186,-80.2337652,True,True,False,eligible_land,ELIGIBLE,CIVIC_CENTER_ANCHOR_V1_2026-09-09,WGS84_GEODESIC_DIRECT,7,1.0,in_country,0,,,,,SED_GEO_ELIGIBILITY_CENSUS_2025_V1
MKT041_MAPORG_E5,MKT041,Miami,FL,maps_organic,MAPORG13_V1,E5,E 5 mi,90,5,25.7276624,-80.1535766,True,True,False,eligible_land,ELIGIBLE,CIVIC_CENTER_ANCHOR_V1_2026-09-09,WGS84_GEODESIC_DIRECT,7,1.0,in_country,0,,,,,SED_GEO_ELIGIBILITY_CENSUS_2025_V1
MKT041_MAPORG_S5,MKT041,Miami,FL,maps_organic,MAPORG13_V1,S5,S 5 mi,180,5,25.6550497,-80.2337652,True,True,False,structural_water_exclusion,STRUCTURAL_EXCLUSION,CIVIC_CENTER_ANCHOR_V1_2026-09-09,WGS84_GEODESIC_DIRECT,7,1.0,in_country,1,H2051,Biscayne Bay,1105598385667,tl_2025_12086_areawater.zip,SED_GEO_ELIGIBILITY_CENSUS_2025_V1
MKT041_MAPORG_W5,MKT041,Miami,FL,maps_organic,MAPORG13_V1,W5,W 5 mi,270,5,25.7276624,-80.3139538,True,True,False,eligible_land,ELIGIBLE,CIVIC_CENTER_ANCHOR_V1_2026-09-09,WGS84_GEODESIC_DIRECT,7,1.0,in_country,0,,,,,SED_GEO_ELIGIBILITY_CENSUS_2025_V1
MKT041_AIO_C,MKT041,Miami,FL,aio,AIO9_V1,C,center,,0,25.7276845,-80.2337652,True,,False,eligible_land,ELIGIBLE,CIVIC_CENTER_ANCHOR_V1_2026-09-09,WGS84_GEODESIC_DIRECT,7,1.0,in_country,0,,,,,SED_GEO_ELIGIBILITY_CENSUS_2025_V1
MKT041_AIO_N2P5,MKT041,Miami,FL,aio,AIO9_V1,N2P5,N 2.5 mi,0,2.5,25.7640016,-80.2337652,True,,False,eligible_land,ELIGIBLE,CIVIC_CENTER_ANCHOR_V1_2026-09-09,WGS84_GEODESIC_DIRECT,7,1.0,in_country,0,,,,,SED_GEO_ELIGIBILITY_CENSUS_2025_V1
MKT041_AIO_E2P5,MKT041,Miami,FL,aio,AIO9_V1,E2P5,E 2.5 mi,90,2.5,25.727679,-80.1936709,True,,False,structural_water_exclusion,STRUCTURAL_EXCLUSION,CIVIC_CENTER_ANCHOR_V1_2026-09-09,WGS84_GEODESIC_DIRECT,7,1.0,in_country,1,H2051,Biscayne Bay,1105598385667,tl_2025_12086_areawater.zip,SED_GEO_ELIGIBILITY_CENSUS_2025_V1
MKT041_AIO_S2P5,MKT041,Miami,FL,aio,AIO9_V1,S2P5,S 2.5 mi,180,2.5,25.6913672,-80.2337652,True,,False,structural_water_exclusion,STRUCTURAL_EXCLUSION,CIVIC_CENTER_ANCHOR_V1_2026-09-09,WGS84_GEODESIC_DIRECT,7,1.0,in_country,1,H2051,Biscayne Bay,1105598385667,tl_2025_12086_areawater.zip,SED_GEO_ELIGIBILITY_CENSUS_2025_V1
MKT041_AIO_W2P5,MKT041,Miami,FL,aio,AIO9_V1,W2P5,W 2.5 mi,270,2.5,25.727679,-80.2738595,True,,False,eligible_land,ELIGIBLE,CIVIC_CENTER_ANCHOR_V1_2026-09-09,WGS84_GEODESIC_DIRECT,7,1.0,in_country,0,,,,,SED_GEO_ELIGIBILITY_CENSUS_2025_V1
MKT041_AIO_N5,MKT041,Miami,FL,aio,AIO9_V1,N5,N 5 mi,0,5,25.8003186,-80.2337652,True,,False,eligible_land,ELIGIBLE,CIVIC_CENTER_ANCHOR_V1_2026-09-09,WGS84_GEODESIC_DIRECT,7,1.0,in_country,0,,,,,SED_GEO_ELIGIBILITY_CENSUS_2025_V1
MKT041_AIO_E5,MKT041,Miami,FL,aio,AIO9_V1,E5,E 5 mi,90,5,25.7276624,-80.1535766,True,,False,eligible_land,ELIGIBLE,CIVIC_CENTER_ANCHOR_V1_2026-09-09,WGS84_GEODESIC_DIRECT,7,1.0,in_country,0,,,,,SED_GEO_ELIGIBILITY_CENSUS_2025_V1
MKT041_AIO_S5,MKT041,Miami,FL,aio,AIO9_V1,S5,S 5 mi,180,5,25.6550497,-80.2337652,True,,False,structural_water_exclusion,STRUCTURAL_EXCLUSION,CIVIC_CENTER_ANCHOR_V1_2026-09-09,WGS84_GEODESIC_DIRECT,7,1.0,in_country,1,H2051,Biscayne Bay,1105598385667,tl_2025_12086_areawater.zip,SED_GEO_ELIGIBILITY_CENSUS_2025_V1
MKT041_AIO_W5,MKT041,Miami,FL,aio,AIO9_V1,W5,W 5 mi,270,5,25.7276624,-80.3139538,True,,False,eligible_land,ELIGIBLE,CIVIC_CENTER_ANCHOR_V1_2026-09-09,WGS84_GEODESIC_DIRECT,7,1.0,in_country,0,,,,,SED_GEO_ELIGIBILITY_CENSUS_2025_V1
MKT042_MAPORG_C,MKT042,Tampa,FL,maps_organic,MAPORG13_V1,C,center,,0,27.94766,-82.45724,True,True,False,eligible_land,ELIGIBLE,CIVIC_CENTER_ANCHOR_V1_2026-09-09,WGS84_GEODESIC_DIRECT,7,1.0,in_country,0,,,,,SED_GEO_ELIGIBILITY_CENSUS_2025_V1
MKT042_MAPORG_N1,MKT042,Tampa,FL,maps_organic,MAPORG13_V1,N1,N 1 mi,0,1,27.9621823,-82.45724,True,True,False,eligible_land,ELIGIBLE,CIVIC_CENTER_ANCHOR_V1_2026-09-09,WGS84_GEODESIC_DIRECT,7,1.0,in_country,0,,,,,SED_GEO_ELIGIBILITY_CENSUS_2025_V1
MKT042_MAPORG_E1,MKT042,Tampa,FL,maps_organic,MAPORG13_V1,E1,E 1 mi,90,1,27.947659,-82.4408864,True,True,False,eligible_land,ELIGIBLE,CIVIC_CENTER_ANCHOR_V1_2026-09-09,WGS84_GEODESIC_DIRECT,7,1.0,in_country,0,,,,,SED_GEO_ELIGIBILITY_CENSUS_2025_V1
MKT042_MAPORG_S1,MKT042,Tampa,FL,maps_organic,MAPORG13_V1,S1,S 1 mi,180,1,27.9331377,-82.45724,True,True,False,eligible_land,ELIGIBLE,CIVIC_CENTER_ANCHOR_V1_2026-09-09,WGS84_GEODESIC_DIRECT,7,1.0,in_country,0,,,,,SED_GEO_ELIGIBILITY_CENSUS_2025_V1
MKT042_MAPORG_W1,MKT042,Tampa,FL,maps_organic,MAPORG13_V1,W1,W 1 mi,270,1,27.947659,-82.4735936,True,True,False,eligible_land,ELIGIBLE,CIVIC_CENTER_ANCHOR_V1_2026-09-09,WGS84_GEODESIC_DIRECT,7,1.0,in_country,0,,,,,SED_GEO_ELIGIBILITY_CENSUS_2025_V1
MKT042_MAPORG_N3,MKT042,Tampa,FL,maps_organic,MAPORG13_V1,N3,N 3 mi,0,3,27.9912268,-82.45724,True,False,True,eligible_land,ELIGIBLE,CIVIC_CENTER_ANCHOR_V1_2026-09-09,WGS84_GEODESIC_DIRECT,7,1.0,in_country,0,,,,,SED_GEO_ELIGIBILITY_CENSUS_2025_V1
MKT042_MAPORG_E3,MKT042,Tampa,FL,maps_organic,MAPORG13_V1,E3,E 3 mi,90,3,27.9476513,-82.4081793,True,False,True,eligible_land,ELIGIBLE,CIVIC_CENTER_ANCHOR_V1_2026-09-09,WGS84_GEODESIC_DIRECT,7,1.0,in_country,0,,,,,SED_GEO_ELIGIBILITY_CENSUS_2025_V1
MKT042_MAPORG_S3,MKT042,Tampa,FL,maps_organic,MAPORG13_V1,S3,S 3 mi,180,3,27.9040929,-82.45724,True,False,True,structural_water_exclusion,STRUCTURAL_EXCLUSION,CIVIC_CENTER_ANCHOR_V1_2026-09-09,WGS84_GEODESIC_DIRECT,7,1.0,in_country,1,H2051,Hillsborough Bay,110510129184,tl_2025_12057_areawater.zip,SED_GEO_ELIGIBILITY_CENSUS_2025_V1
MKT042_MAPORG_W3,MKT042,Tampa,FL,maps_organic,MAPORG13_V1,W3,W 3 mi,270,3,27.9476513,-82.5063007,True,False,True,eligible_land,ELIGIBLE,CIVIC_CENTER_ANCHOR_V1_2026-09-09,WGS84_GEODESIC_DIRECT,7,1.0,in_country,0,,,,,SED_GEO_ELIGIBILITY_CENSUS_2025_V1
MKT042_MAPORG_N5,MKT042,Tampa,FL,maps_organic,MAPORG13_V1,N5,N 5 mi,0,5,28.0202712,-82.45724,True,True,False,eligible_land,ELIGIBLE,CIVIC_CENTER_ANCHOR_V1_2026-09-09,WGS84_GEODESIC_DIRECT,7,1.0,in_country,0,,,,,SED_GEO_ELIGIBILITY_CENSUS_2025_V1
MKT042_MAPORG_E5,MKT042,Tampa,FL,maps_organic,MAPORG13_V1,E5,E 5 mi,90,5,27.9476357,-82.3754722,True,True,False,eligible_land,ELIGIBLE,CIVIC_CENTER_ANCHOR_V1_2026-09-09,WGS84_GEODESIC_DIRECT,7,1.0,in_country,0,,,,,SED_GEO_ELIGIBILITY_CENSUS_2025_V1
MKT042_MAPORG_S5,MKT042,Tampa,FL,maps_organic,MAPORG13_V1,S5,S 5 mi,180,5,27.875048,-82.45724,True,True,False,structural_water_exclusion,STRUCTURAL_EXCLUSION,CIVIC_CENTER_ANCHOR_V1_2026-09-09,WGS84_GEODESIC_DIRECT,7,1.0,in_country,1,H2051,Hillsborough Bay,110510129184,tl_2025_12057_areawater.zip,SED_GEO_ELIGIBILITY_CENSUS_2025_V1
MKT042_MAPORG_W5,MKT042,Tampa,FL,maps_organic,MAPORG13_V1,W5,W 5 mi,270,5,27.9476357,-82.5390078,True,True,False,eligible_land,ELIGIBLE,CIVIC_CENTER_ANCHOR_V1_2026-09-09,WGS84_GEODESIC_DIRECT,7,1.0,in_country,0,,,,,SED_GEO_ELIGIBILITY_CENSUS_2025_V1
MKT042_AIO_C,MKT042,Tampa,FL,aio,AIO9_V1,C,center,,0,27.94766,-82.45724,True,,False,eligible_land,ELIGIBLE,CIVIC_CENTER_ANCHOR_V1_2026-09-09,WGS84_GEODESIC_DIRECT,7,1.0,in_country,0,,,,,SED_GEO_ELIGIBILITY_CENSUS_2025_V1
MKT042_AIO_N2P5,MKT042,Tampa,FL,aio,AIO9_V1,N2P5,N 2.5 mi,0,2.5,27.9839657,-82.45724,True,,False,eligible_land,ELIGIBLE,CIVIC_CENTER_ANCHOR_V1_2026-09-09,WGS84_GEODESIC_DIRECT,7,1.0,in_country,0,,,,,SED_GEO_ELIGIBILITY_CENSUS_2025_V1
MKT042_AIO_E2P5,MKT042,Tampa,FL,aio,AIO9_V1,E2P5,E 2.5 mi,90,2.5,27.9476539,-82.4163561,True,,False,structural_water_exclusion,STRUCTURAL_EXCLUSION,CIVIC_CENTER_ANCHOR_V1_2026-09-09,WGS84_GEODESIC_DIRECT,7,1.0,in_country,1,H2030,,110510140651,tl_2025_12057_areawater.zip,SED_GEO_ELIGIBILITY_CENSUS_2025_V1
MKT042_AIO_S2P5,MKT042,Tampa,FL,aio,AIO9_V1,S2P5,S 2.5 mi,180,2.5,27.9113541,-82.45724,True,,False,eligible_land,ELIGIBLE,CIVIC_CENTER_ANCHOR_V1_2026-09-09,WGS84_GEODESIC_DIRECT,7,1.0,in_country,0,,,,,SED_GEO_ELIGIBILITY_CENSUS_2025_V1
MKT042_AIO_W2P5,MKT042,Tampa,FL,aio,AIO9_V1,W2P5,W 2.5 mi,270,2.5,27.9476539,-82.4981239,True,,False,eligible_land,ELIGIBLE,CIVIC_CENTER_ANCHOR_V1_2026-09-09,WGS84_GEODESIC_DIRECT,7,1.0,in_country,0,,,,,SED_GEO_ELIGIBILITY_CENSUS_2025_V1
MKT042_AIO_N5,MKT042,Tampa,FL,aio,AIO9_V1,N5,N 5 mi,0,5,28.0202712,-82.45724,True,,False,eligible_land,ELIGIBLE,CIVIC_CENTER_ANCHOR_V1_2026-09-09,WGS84_GEODESIC_DIRECT,7,1.0,in_country,0,,,,,SED_GEO_ELIGIBILITY_CENSUS_2025_V1
MKT042_AIO_E5,MKT042,Tampa,FL,aio,AIO9_V1,E5,E 5 mi,90,5,27.9476357,-82.3754722,True,,False,eligible_land,ELIGIBLE,CIVIC_CENTER_ANCHOR_V1_2026-09-09,WGS84_GEODESIC_DIRECT,7,1.0,in_country,0,,,,,SED_GEO_ELIGIBILITY_CENSUS_2025_V1
MKT042_AIO_S5,MKT042,Tampa,FL,aio,AIO9_V1,S5,S 5 mi,180,5,27.875048,-82.45724,True,,False,structural_water_exclusion,STRUCTURAL_EXCLUSION,CIVIC_CENTER_ANCHOR_V1_2026-09-09,WGS84_GEODESIC_DIRECT,7,1.0,in_country,1,H2051,Hillsborough Bay,110510129184,tl_2025_12057_areawater.zip,SED_GEO_ELIGIBILITY_CENSUS_2025_V1
MKT042_AIO_W5,MKT042,Tampa,FL,aio,AIO9_V1,W5,W 5 mi,270,5,27.9476357,-82.5390078,True,,False,eligible_land,ELIGIBLE,CIVIC_CENTER_ANCHOR_V1_2026-09-09,WGS84_GEODESIC_DIRECT,7,1.0,in_country,0,,,,,SED_GEO_ELIGIBILITY_CENSUS_2025_V1
MKT043_MAPORG_C,MKT043,Orlando,FL,maps_organic,MAPORG13_V1,C,center,,0,28.5376214,-81.3796806,True,True,False,eligible_land,ELIGIBLE,CIVIC_CENTER_ANCHOR_V1_2026-09-09,WGS84_GEODESIC_DIRECT,7,1.0,in_country,0,,,,,SED_GEO_ELIGIBILITY_CENSUS_2025_V1
MKT043_MAPORG_N1,MKT043,Orlando,FL,maps_organic,MAPORG13_V1,N1,N 1 mi,0,1,28.5521425,-81.3796806,True,True,False,eligible_land,ELIGIBLE,CIVIC_CENTER_ANCHOR_V1_2026-09-09,WGS84_GEODESIC_DIRECT,7,1.0,in_country,0,,,,,SED_GEO_ELIGIBILITY_CENSUS_2025_V1
MKT043_MAPORG_E1,MKT043,Orlando,FL,maps_organic,MAPORG13_V1,E1,E 1 mi,90,1,28.5376204,-81.3632368,True,True,False,eligible_land,ELIGIBLE,CIVIC_CENTER_ANCHOR_V1_2026-09-09,WGS84_GEODESIC_DIRECT,7,1.0,in_country,0,,,,,SED_GEO_ELIGIBILITY_CENSUS_2025_V1
MKT043_MAPORG_S1,MKT043,Orlando,FL,maps_organic,MAPORG13_V1,S1,S 1 mi,180,1,28.5231003,-81.3796806,True,True,False,eligible_land,ELIGIBLE,CIVIC_CENTER_ANCHOR_V1_2026-09-09,WGS84_GEODESIC_DIRECT,7,1.0,in_country,0,,,,,SED_GEO_ELIGIBILITY_CENSUS_2025_V1
MKT043_MAPORG_W1,MKT043,Orlando,FL,maps_organic,MAPORG13_V1,W1,W 1 mi,270,1,28.5376204,-81.3961244,True,True,False,eligible_land,ELIGIBLE,CIVIC_CENTER_ANCHOR_V1_2026-09-09,WGS84_GEODESIC_DIRECT,7,1.0,in_country,0,,,,,SED_GEO_ELIGIBILITY_CENSUS_2025_V1
MKT043_MAPORG_N3,MKT043,Orlando,FL,maps_organic,MAPORG13_V1,N3,N 3 mi,0,3,28.5811845,-81.3796806,True,False,True,eligible_land,ELIGIBLE,CIVIC_CENTER_ANCHOR_V1_2026-09-09,WGS84_GEODESIC_DIRECT,7,1.0,in_country,0,,,,,SED_GEO_ELIGIBILITY_CENSUS_2025_V1
MKT043_MAPORG_E3,MKT043,Orlando,FL,maps_organic,MAPORG13_V1,E3,E 3 mi,90,3,28.5376124,-81.3303492,True,False,True,eligible_land,ELIGIBLE,CIVIC_CENTER_ANCHOR_V1_2026-09-09,WGS84_GEODESIC_DIRECT,7,1.0,in_country,0,,,,,SED_GEO_ELIGIBILITY_CENSUS_2025_V1
MKT043_MAPORG_S3,MKT043,Orlando,FL,maps_organic,MAPORG13_V1,S3,S 3 mi,180,3,28.494058,-81.3796806,True,False,True,eligible_land,ELIGIBLE,CIVIC_CENTER_ANCHOR_V1_2026-09-09,WGS84_GEODESIC_DIRECT,7,1.0,in_country,0,,,,,SED_GEO_ELIGIBILITY_CENSUS_2025_V1
MKT043_MAPORG_W3,MKT043,Orlando,FL,maps_organic,MAPORG13_V1,W3,W 3 mi,270,3,28.5376124,-81.429012,True,False,True,structural_water_exclusion,STRUCTURAL_EXCLUSION,CIVIC_CENTER_ANCHOR_V1_2026-09-09,WGS84_GEODESIC_DIRECT,7,1.0,in_country,1,H2030,Lk Mann,110438184920,tl_2025_12095_areawater.zip,SED_GEO_ELIGIBILITY_CENSUS_2025_V1
MKT043_MAPORG_N5,MKT043,Orlando,FL,maps_organic,MAPORG13_V1,N5,N 5 mi,0,5,28.6102264,-81.3796806,True,True,False,structural_water_exclusion,STRUCTURAL_EXCLUSION,CIVIC_CENTER_ANCHOR_V1_2026-09-09,WGS84_GEODESIC_DIRECT,7,1.0,in_country,1,H2030,Lk Bell,110438184879,tl_2025_12095_areawater.zip,SED_GEO_ELIGIBILITY_CENSUS_2025_V1
MKT043_MAPORG_E5,MKT043,Orlando,FL,maps_organic,MAPORG13_V1,E5,E 5 mi,90,5,28.5375965,-81.2974616,True,True,False,eligible_land,ELIGIBLE,CIVIC_CENTER_ANCHOR_V1_2026-09-09,WGS84_GEODESIC_DIRECT,7,1.0,in_country,0,,,,,SED_GEO_ELIGIBILITY_CENSUS_2025_V1
MKT043_MAPORG_S5,MKT043,Orlando,FL,maps_organic,MAPORG13_V1,S5,S 5 mi,180,5,28.4650156,-81.3796806,True,True,False,eligible_land,ELIGIBLE,CIVIC_CENTER_ANCHOR_V1_2026-09-09,WGS84_GEODESIC_DIRECT,7,1.0,in_country,0,,,,,SED_GEO_ELIGIBILITY_CENSUS_2025_V1
MKT043_MAPORG_W5,MKT043,Orlando,FL,maps_organic,MAPORG13_V1,W5,W 5 mi,270,5,28.5375965,-81.4618996,True,True,False,eligible_land,ELIGIBLE,CIVIC_CENTER_ANCHOR_V1_2026-09-09,WGS84_GEODESIC_DIRECT,7,1.0,in_country,0,,,,,SED_GEO_ELIGIBILITY_CENSUS_2025_V1
MKT043_AIO_C,MKT043,Orlando,FL,aio,AIO9_V1,C,center,,0,28.5376214,-81.3796806,True,,False,eligible_land,ELIGIBLE,CIVIC_CENTER_ANCHOR_V1_2026-09-09,WGS84_GEODESIC_DIRECT,7,1.0,in_country,0,,,,,SED_GEO_ELIGIBILITY_CENSUS_2025_V1
MKT043_AIO_N2P5,MKT043,Orlando,FL,aio,AIO9_V1,N2P5,N 2.5 mi,0,2.5,28.573924,-81.3796806,True,,False,eligible_land,ELIGIBLE,CIVIC_CENTER_ANCHOR_V1_2026-09-09,WGS84_GEODESIC_DIRECT,7,1.0,in_country,0,,,,,SED_GEO_ELIGIBILITY_CENSUS_2025_V1
MKT043_AIO_E2P5,MKT043,Orlando,FL,aio,AIO9_V1,E2P5,E 2.5 mi,90,2.5,28.5376152,-81.3385711,True,,False,structural_water_exclusion,STRUCTURAL_EXCLUSION,CIVIC_CENTER_ANCHOR_V1_2026-09-09,WGS84_GEODESIC_DIRECT,7,1.0,in_country,1,H2030,Lk Underhill,110438185332,tl_2025_12095_areawater.zip,SED_GEO_ELIGIBILITY_CENSUS_2025_V1
MKT043_AIO_S2P5,MKT043,Orlando,FL,aio,AIO9_V1,S2P5,S 2.5 mi,180,2.5,28.5013186,-81.3796806,True,,False,eligible_land,ELIGIBLE,CIVIC_CENTER_ANCHOR_V1_2026-09-09,WGS84_GEODESIC_DIRECT,7,1.0,in_country,0,,,,,SED_GEO_ELIGIBILITY_CENSUS_2025_V1
MKT043_AIO_W2P5,MKT043,Orlando,FL,aio,AIO9_V1,W2P5,W 2.5 mi,270,2.5,28.5376152,-81.4207901,True,,False,structural_water_exclusion,STRUCTURAL_EXCLUSION,CIVIC_CENTER_ANCHOR_V1_2026-09-09,WGS84_GEODESIC_DIRECT,7,1.0,in_country,1,H2030,Lk Mann,110438184920,tl_2025_12095_areawater.zip,SED_GEO_ELIGIBILITY_CENSUS_2025_V1
MKT043_AIO_N5,MKT043,Orlando,FL,aio,AIO9_V1,N5,N 5 mi,0,5,28.6102264,-81.3796806,True,,False,structural_water_exclusion,STRUCTURAL_EXCLUSION,CIVIC_CENTER_ANCHOR_V1_2026-09-09,WGS84_GEODESIC_DIRECT,7,1.0,in_country,1,H2030,Lk Bell,110438184879,tl_2025_12095_areawater.zip,SED_GEO_ELIGIBILITY_CENSUS_2025_V1
MKT043_AIO_E5,MKT043,Orlando,FL,aio,AIO9_V1,E5,E 5 mi,90,5,28.5375965,-81.2974616,True,,False,eligible_land,ELIGIBLE,CIVIC_CENTER_ANCHOR_V1_2026-09-09,WGS84_GEODESIC_DIRECT,7,1.0,in_country,0,,,,,SED_GEO_ELIGIBILITY_CENSUS_2025_V1
MKT043_AIO_S5,MKT043,Orlando,FL,aio,AIO9_V1,S5,S 5 mi,180,5,28.4650156,-81.3796806,True,,False,eligible_land,ELIGIBLE,CIVIC_CENTER_ANCHOR_V1_2026-09-09,WGS84_GEODESIC_DIRECT,7,1.0,in_country,0,,,,,SED_GEO_ELIGIBILITY_CENSUS_2025_V1
MKT043_AIO_W5,MKT043,Orlando,FL,aio,AIO9_V1,W5,W 5 mi,270,5,28.5375965,-81.4618996,True,,False,eligible_land,ELIGIBLE,CIVIC_CENTER_ANCHOR_V1_2026-09-09,WGS84_GEODESIC_DIRECT,7,1.0,in_country,0,,,,,SED_GEO_ELIGIBILITY_CENSUS_2025_V1
MKT044_MAPORG_C,MKT044,Jacksonville,FL,maps_organic,MAPORG13_V1,C,center,,0,30.329698,-81.658821,True,True,False,eligible_land,ELIGIBLE,CIVIC_CENTER_ANCHOR_V1_2026-09-09,WGS84_GEODESIC_DIRECT,7,1.0,in_country,0,,,,,SED_GEO_ELIGIBILITY_CENSUS_2025_V1
MKT044_MAPORG_N1,MKT044,Jacksonville,FL,maps_organic,MAPORG13_V1,N1,N 1 mi,0,1,30.3442151,-81.658821,True,True,False,eligible_land,ELIGIBLE,CIVIC_CENTER_ANCHOR_V1_2026-09-09,WGS84_GEODESIC_DIRECT,7,1.0,in_country,0,,,,,SED_GEO_ELIGIBILITY_CENSUS_2025_V1
MKT044_MAPORG_E1,MKT044,Jacksonville,FL,maps_organic,MAPORG13_V1,E1,E 1 mi,90,1,30.3296969,-81.6420859,True,True,False,eligible_land,ELIGIBLE,CIVIC_CENTER_ANCHOR_V1_2026-09-09,WGS84_GEODESIC_DIRECT,7,1.0,in_country,0,,,,,SED_GEO_ELIGIBILITY_CENSUS_2025_V1
MKT044_MAPORG_S1,MKT044,Jacksonville,FL,maps_organic,MAPORG13_V1,S1,S 1 mi,180,1,30.3151808,-81.658821,True,True,False,eligible_land,ELIGIBLE,CIVIC_CENTER_ANCHOR_V1_2026-09-09,WGS84_GEODESIC_DIRECT,7,1.0,in_country,0,,,,,SED_GEO_ELIGIBILITY_CENSUS_2025_V1
MKT044_MAPORG_W1,MKT044,Jacksonville,FL,maps_organic,MAPORG13_V1,W1,W 1 mi,270,1,30.3296969,-81.6755561,True,True,False,eligible_land,ELIGIBLE,CIVIC_CENTER_ANCHOR_V1_2026-09-09,WGS84_GEODESIC_DIRECT,7,1.0,in_country,0,,,,,SED_GEO_ELIGIBILITY_CENSUS_2025_V1
MKT044_MAPORG_N3,MKT044,Jacksonville,FL,maps_organic,MAPORG13_V1,N3,N 3 mi,0,3,30.3732493,-81.658821,True,False,True,eligible_land,ELIGIBLE,CIVIC_CENTER_ANCHOR_V1_2026-09-09,WGS84_GEODESIC_DIRECT,7,1.0,in_country,0,,,,,SED_GEO_ELIGIBILITY_CENSUS_2025_V1
MKT044_MAPORG_E3,MKT044,Jacksonville,FL,maps_organic,MAPORG13_V1,E3,E 3 mi,90,3,30.3296884,-81.6086157,True,False,True,eligible_land,ELIGIBLE,CIVIC_CENTER_ANCHOR_V1_2026-09-09,WGS84_GEODESIC_DIRECT,7,1.0,in_country,0,,,,,SED_GEO_ELIGIBILITY_CENSUS_2025_V1
MKT044_MAPORG_S3,MKT044,Jacksonville,FL,maps_organic,MAPORG13_V1,S3,S 3 mi,180,3,30.2861464,-81.658821,True,False,True,eligible_land,ELIGIBLE,CIVIC_CENTER_ANCHOR_V1_2026-09-09,WGS84_GEODESIC_DIRECT,7,1.0,in_country,0,,,,,SED_GEO_ELIGIBILITY_CENSUS_2025_V1
MKT044_MAPORG_W3,MKT044,Jacksonville,FL,maps_organic,MAPORG13_V1,W3,W 3 mi,270,3,30.3296884,-81.7090263,True,False,True,eligible_land,ELIGIBLE,CIVIC_CENTER_ANCHOR_V1_2026-09-09,WGS84_GEODESIC_DIRECT,7,1.0,in_country,0,,,,,SED_GEO_ELIGIBILITY_CENSUS_2025_V1
MKT044_MAPORG_N5,MKT044,Jacksonville,FL,maps_organic,MAPORG13_V1,N5,N 5 mi,0,5,30.4022834,-81.658821,True,True,False,eligible_land,ELIGIBLE,CIVIC_CENTER_ANCHOR_V1_2026-09-09,WGS84_GEODESIC_DIRECT,7,1.0,in_country,0,,,,,SED_GEO_ELIGIBILITY_CENSUS_2025_V1
MKT044_MAPORG_E5,MKT044,Jacksonville,FL,maps_organic,MAPORG13_V1,E5,E 5 mi,90,5,30.3296712,-81.5751455,True,True,False,eligible_land,ELIGIBLE,CIVIC_CENTER_ANCHOR_V1_2026-09-09,WGS84_GEODESIC_DIRECT,7,1.0,in_country,0,,,,,SED_GEO_ELIGIBILITY_CENSUS_2025_V1
MKT044_MAPORG_S5,MKT044,Jacksonville,FL,maps_organic,MAPORG13_V1,S5,S 5 mi,180,5,30.2571118,-81.658821,True,True,False,structural_water_exclusion,STRUCTURAL_EXCLUSION,CIVIC_CENTER_ANCHOR_V1_2026-09-09,WGS84_GEODESIC_DIRECT,7,1.0,in_country,1,H3010,St Johns Riv,11050997866,tl_2025_12031_areawater.zip,SED_GEO_ELIGIBILITY_CENSUS_2025_V1
MKT044_MAPORG_W5,MKT044,Jacksonville,FL,maps_organic,MAPORG13_V1,W5,W 5 mi,270,5,30.3296712,-81.7424965,True,True,False,eligible_land,ELIGIBLE,CIVIC_CENTER_ANCHOR_V1_2026-09-09,WGS84_GEODESIC_DIRECT,7,1.0,in_country,0,,,,,SED_GEO_ELIGIBILITY_CENSUS_2025_V1
MKT044_AIO_C,MKT044,Jacksonville,FL,aio,AIO9_V1,C,center,,0,30.329698,-81.658821,True,,False,eligible_land,ELIGIBLE,CIVIC_CENTER_ANCHOR_V1_2026-09-09,WGS84_GEODESIC_DIRECT,7,1.0,in_country,0,,,,,SED_GEO_ELIGIBILITY_CENSUS_2025_V1
MKT044_AIO_N2P5,MKT044,Jacksonville,FL,aio,AIO9_V1,N2P5,N 2.5 mi,0,2.5,30.3659908,-81.658821,True,,False,eligible_land,ELIGIBLE,CIVIC_CENTER_ANCHOR_V1_2026-09-09,WGS84_GEODESIC_DIRECT,7,1.0,in_country,0,,,,,SED_GEO_ELIGIBILITY_CENSUS_2025_V1
MKT044_AIO_E2P5,MKT044,Jacksonville,FL,aio,AIO9_V1,E2P5,E 2.5 mi,90,2.5,30.3296913,-81.6169832,True,,False,structural_water_exclusion,STRUCTURAL_EXCLUSION,CIVIC_CENTER_ANCHOR_V1_2026-09-09,WGS84_GEODESIC_DIRECT,7,1.0,in_country,1,H3010,Arlington Riv,110536471951,tl_2025_12031_areawater.zip,SED_GEO_ELIGIBILITY_CENSUS_2025_V1
MKT044_AIO_S2P5,MKT044,Jacksonville,FL,aio,AIO9_V1,S2P5,S 2.5 mi,180,2.5,30.293405,-81.658821,True,,False,structural_water_exclusion,STRUCTURAL_EXCLUSION,CIVIC_CENTER_ANCHOR_V1_2026-09-09,WGS84_GEODESIC_DIRECT,7,1.0,in_country,1,H3010,St Johns Riv,11050997866,tl_2025_12031_areawater.zip,SED_GEO_ELIGIBILITY_CENSUS_2025_V1
MKT044_AIO_W2P5,MKT044,Jacksonville,FL,aio,AIO9_V1,W2P5,W 2.5 mi,270,2.5,30.3296913,-81.7006588,True,,False,eligible_land,ELIGIBLE,CIVIC_CENTER_ANCHOR_V1_2026-09-09,WGS84_GEODESIC_DIRECT,7,1.0,in_country,0,,,,,SED_GEO_ELIGIBILITY_CENSUS_2025_V1
MKT044_AIO_N5,MKT044,Jacksonville,FL,aio,AIO9_V1,N5,N 5 mi,0,5,30.4022834,-81.658821,True,,False,eligible_land,ELIGIBLE,CIVIC_CENTER_ANCHOR_V1_2026-09-09,WGS84_GEODESIC_DIRECT,7,1.0,in_country,0,,,,,SED_GEO_ELIGIBILITY_CENSUS_2025_V1
MKT044_AIO_E5,MKT044,Jacksonville,FL,aio,AIO9_V1,E5,E 5 mi,90,5,30.3296712,-81.5751455,True,,False,eligible_land,ELIGIBLE,CIVIC_CENTER_ANCHOR_V1_2026-09-09,WGS84_GEODESIC_DIRECT,7,1.0,in_country,0,,,,,SED_GEO_ELIGIBILITY_CENSUS_2025_V1
MKT044_AIO_S5,MKT044,Jacksonville,FL,aio,AIO9_V1,S5,S 5 mi,180,5,30.2571118,-81.658821,True,,False,structural_water_exclusion,STRUCTURAL_EXCLUSION,CIVIC_CENTER_ANCHOR_V1_2026-09-09,WGS84_GEODESIC_DIRECT,7,1.0,in_country,1,H3010,St Johns Riv,11050997866,tl_2025_12031_areawater.zip,SED_GEO_ELIGIBILITY_CENSUS_2025_V1
MKT044_AIO_W5,MKT044,Jacksonville,FL,aio,AIO9_V1,W5,W 5 mi,270,5,30.3296712,-81.7424965,True,,False,eligible_land,ELIGIBLE,CIVIC_CENTER_ANCHOR_V1_2026-09-09,WGS84_GEODESIC_DIRECT,7,1.0,in_country,0,,,,,SED_GEO_ELIGIBILITY_CENSUS_2025_V1
MKT045_MAPORG_C,MKT045,Richmond,VA,maps_organic,MAPORG13_V1,C,center,,0,37.54099,-77.43296,True,True,False,eligible_land,ELIGIBLE,CIVIC_CENTER_ANCHOR_V1_2026-09-09,WGS84_GEODESIC_DIRECT,7,1.0,in_country,0,,,,,SED_GEO_ELIGIBILITY_CENSUS_2025_V1
MKT045_MAPORG_N1,MKT045,Richmond,VA,maps_organic,MAPORG13_V1,N1,N 1 mi,0,1,37.5554902,-77.43296,True,True,False,eligible_land,ELIGIBLE,CIVIC_CENTER_ANCHOR_V1_2026-09-09,WGS84_GEODESIC_DIRECT,7,1.0,in_country,0,,,,,SED_GEO_ELIGIBILITY_CENSUS_2025_V1
MKT045_MAPORG_E1,MKT045,Richmond,VA,maps_organic,MAPORG13_V1,E1,E 1 mi,90,1,37.5409886,-77.41475,True,True,False,eligible_land,ELIGIBLE,CIVIC_CENTER_ANCHOR_V1_2026-09-09,WGS84_GEODESIC_DIRECT,7,1.0,in_country,0,,,,,SED_GEO_ELIGIBILITY_CENSUS_2025_V1
MKT045_MAPORG_S1,MKT045,Richmond,VA,maps_organic,MAPORG13_V1,S1,S 1 mi,180,1,37.5264898,-77.43296,True,True,False,eligible_land,ELIGIBLE,CIVIC_CENTER_ANCHOR_V1_2026-09-09,WGS84_GEODESIC_DIRECT,7,1.0,in_country,0,,,,,SED_GEO_ELIGIBILITY_CENSUS_2025_V1
MKT045_MAPORG_W1,MKT045,Richmond,VA,maps_organic,MAPORG13_V1,W1,W 1 mi,270,1,37.5409886,-77.45117,True,True,False,eligible_land,ELIGIBLE,CIVIC_CENTER_ANCHOR_V1_2026-09-09,WGS84_GEODESIC_DIRECT,7,1.0,in_country,0,,,,,SED_GEO_ELIGIBILITY_CENSUS_2025_V1
MKT045_MAPORG_N3,MKT045,Richmond,VA,maps_organic,MAPORG13_V1,N3,N 3 mi,0,3,37.5844904,-77.43296,True,False,True,eligible_land,ELIGIBLE,CIVIC_CENTER_ANCHOR_V1_2026-09-09,WGS84_GEODESIC_DIRECT,7,1.0,in_country,0,,,,,SED_GEO_ELIGIBILITY_CENSUS_2025_V1
MKT045_MAPORG_E3,MKT045,Richmond,VA,maps_organic,MAPORG13_V1,E3,E 3 mi,90,3,37.5409774,-77.3783301,True,False,True,eligible_land,ELIGIBLE,CIVIC_CENTER_ANCHOR_V1_2026-09-09,WGS84_GEODESIC_DIRECT,7,1.0,in_country,0,,,,,SED_GEO_ELIGIBILITY_CENSUS_2025_V1
MKT045_MAPORG_S3,MKT045,Richmond,VA,maps_organic,MAPORG13_V1,S3,S 3 mi,180,3,37.4974893,-77.43296,True,False,True,eligible_land,ELIGIBLE,CIVIC_CENTER_ANCHOR_V1_2026-09-09,WGS84_GEODESIC_DIRECT,7,1.0,in_country,0,,,,,SED_GEO_ELIGIBILITY_CENSUS_2025_V1
MKT045_MAPORG_W3,MKT045,Richmond,VA,maps_organic,MAPORG13_V1,W3,W 3 mi,270,3,37.5409774,-77.4875899,True,False,True,eligible_land,ELIGIBLE,CIVIC_CENTER_ANCHOR_V1_2026-09-09,WGS84_GEODESIC_DIRECT,7,1.0,in_country,0,,,,,SED_GEO_ELIGIBILITY_CENSUS_2025_V1
MKT045_MAPORG_N5,MKT045,Richmond,VA,maps_organic,MAPORG13_V1,N5,N 5 mi,0,5,37.6134905,-77.43296,True,True,False,eligible_land,ELIGIBLE,CIVIC_CENTER_ANCHOR_V1_2026-09-09,WGS84_GEODESIC_DIRECT,7,1.0,in_country,0,,,,,SED_GEO_ELIGIBILITY_CENSUS_2025_V1
MKT045_MAPORG_E5,MKT045,Richmond,VA,maps_organic,MAPORG13_V1,E5,E 5 mi,90,5,37.5409549,-77.3419102,True,True,False,eligible_land,ELIGIBLE,CIVIC_CENTER_ANCHOR_V1_2026-09-09,WGS84_GEODESIC_DIRECT,7,1.0,in_country,0,,,,,SED_GEO_ELIGIBILITY_CENSUS_2025_V1
MKT045_MAPORG_S5,MKT045,Richmond,VA,maps_organic,MAPORG13_V1,S5,S 5 mi,180,5,37.4684886,-77.43296,True,True,False,eligible_land,ELIGIBLE,CIVIC_CENTER_ANCHOR_V1_2026-09-09,WGS84_GEODESIC_DIRECT,7,1.0,in_country,0,,,,,SED_GEO_ELIGIBILITY_CENSUS_2025_V1
MKT045_MAPORG_W5,MKT045,Richmond,VA,maps_organic,MAPORG13_V1,W5,W 5 mi,270,5,37.5409549,-77.5240098,True,True,False,eligible_land,ELIGIBLE,CIVIC_CENTER_ANCHOR_V1_2026-09-09,WGS84_GEODESIC_DIRECT,7,1.0,in_country,0,,,,,SED_GEO_ELIGIBILITY_CENSUS_2025_V1
MKT045_AIO_C,MKT045,Richmond,VA,aio,AIO9_V1,C,center,,0,37.54099,-77.43296,True,,False,eligible_land,ELIGIBLE,CIVIC_CENTER_ANCHOR_V1_2026-09-09,WGS84_GEODESIC_DIRECT,7,1.0,in_country,0,,,,,SED_GEO_ELIGIBILITY_CENSUS_2025_V1
MKT045_AIO_N2P5,MKT045,Richmond,VA,aio,AIO9_V1,N2P5,N 2.5 mi,0,2.5,37.5772404,-77.43296,True,,False,eligible_land,ELIGIBLE,CIVIC_CENTER_ANCHOR_V1_2026-09-09,WGS84_GEODESIC_DIRECT,7,1.0,in_country,0,,,,,SED_GEO_ELIGIBILITY_CENSUS_2025_V1
MKT045_AIO_E2P5,MKT045,Richmond,VA,aio,AIO9_V1,E2P5,E 2.5 mi,90,2.5,37.5409812,-77.3874351,True,,False,eligible_land,ELIGIBLE,CIVIC_CENTER_ANCHOR_V1_2026-09-09,WGS84_GEODESIC_DIRECT,7,1.0,in_country,0,,,,,SED_GEO_ELIGIBILITY_CENSUS_2025_V1
MKT045_AIO_S2P5,MKT045,Richmond,VA,aio,AIO9_V1,S2P5,S 2.5 mi,180,2.5,37.5047394,-77.43296,True,,False,eligible_land,ELIGIBLE,CIVIC_CENTER_ANCHOR_V1_2026-09-09,WGS84_GEODESIC_DIRECT,7,1.0,in_country,0,,,,,SED_GEO_ELIGIBILITY_CENSUS_2025_V1
MKT045_AIO_W2P5,MKT045,Richmond,VA,aio,AIO9_V1,W2P5,W 2.5 mi,270,2.5,37.5409812,-77.4784849,True,,False,eligible_land,ELIGIBLE,CIVIC_CENTER_ANCHOR_V1_2026-09-09,WGS84_GEODESIC_DIRECT,7,1.0,in_country,0,,,,,SED_GEO_ELIGIBILITY_CENSUS_2025_V1
MKT045_AIO_N5,MKT045,Richmond,VA,aio,AIO9_V1,N5,N 5 mi,0,5,37.6134905,-77.43296,True,,False,eligible_land,ELIGIBLE,CIVIC_CENTER_ANCHOR_V1_2026-09-09,WGS84_GEODESIC_DIRECT,7,1.0,in_country,0,,,,,SED_GEO_ELIGIBILITY_CENSUS_2025_V1
MKT045_AIO_E5,MKT045,Richmond,VA,aio,AIO9_V1,E5,E 5 mi,90,5,37.5409549,-77.3419102,True,,False,eligible_land,ELIGIBLE,CIVIC_CENTER_ANCHOR_V1_2026-09-09,WGS84_GEODESIC_DIRECT,7,1.0,in_country,0,,,,,SED_GEO_ELIGIBILITY_CENSUS_2025_V1
MKT045_AIO_S5,MKT045,Richmond,VA,aio,AIO9_V1,S5,S 5 mi,180,5,37.4684886,-77.43296,True,,False,eligible_land,ELIGIBLE,CIVIC_CENTER_ANCHOR_V1_2026-09-09,WGS84_GEODESIC_DIRECT,7,1.0,in_country,0,,,,,SED_GEO_ELIGIBILITY_CENSUS_2025_V1
MKT045_AIO_W5,MKT045,Richmond,VA,aio,AIO9_V1,W5,W 5 mi,270,5,37.5409549,-77.5240098,True,,False,eligible_land,ELIGIBLE,CIVIC_CENTER_ANCHOR_V1_2026-09-09,WGS84_GEODESIC_DIRECT,7,1.0,in_country,0,,,,,SED_GEO_ELIGIBILITY_CENSUS_2025_V1
MKT046_MAPORG_C,MKT046,Washington,DC,maps_organic,MAPORG13_V1,C,center,,0,38.89501,-77.03134,True,True,False,eligible_land,ELIGIBLE,CIVIC_CENTER_ANCHOR_V1_2026-09-09,WGS84_GEODESIC_DIRECT,7,1.0,in_country,0,,,,,SED_GEO_ELIGIBILITY_CENSUS_2025_V1
MKT046_MAPORG_N1,MKT046,Washington,DC,maps_organic,MAPORG13_V1,N1,N 1 mi,0,1,38.9095068,-77.03134,True,True,False,eligible_land,ELIGIBLE,CIVIC_CENTER_ANCHOR_V1_2026-09-09,WGS84_GEODESIC_DIRECT,7,1.0,in_country,0,,,,,SED_GEO_ELIGIBILITY_CENSUS_2025_V1
MKT046_MAPORG_E1,MKT046,Washington,DC,maps_organic,MAPORG13_V1,E1,E 1 mi,90,1,38.8950085,-77.0127894,True,True,False,eligible_land,ELIGIBLE,CIVIC_CENTER_ANCHOR_V1_2026-09-09,WGS84_GEODESIC_DIRECT,7,1.0,in_country,0,,,,,SED_GEO_ELIGIBILITY_CENSUS_2025_V1
MKT046_MAPORG_S1,MKT046,Washington,DC,maps_organic,MAPORG13_V1,S1,S 1 mi,180,1,38.8805131,-77.03134,True,True,False,structural_water_exclusion,STRUCTURAL_EXCLUSION,CIVIC_CENTER_ANCHOR_V1_2026-09-09,WGS84_GEODESIC_DIRECT,7,1.0,in_country,1,H3010,Washington Chnnl,110431721909,tl_2025_11001_areawater.zip,SED_GEO_ELIGIBILITY_CENSUS_2025_V1
MKT046_MAPORG_W1,MKT046,Washington,DC,maps_organic,MAPORG13_V1,W1,W 1 mi,270,1,38.8950085,-77.0498906,True,True,False,eligible_land,ELIGIBLE,CIVIC_CENTER_ANCHOR_V1_2026-09-09,WGS84_GEODESIC_DIRECT,7,1.0,in_country,0,,,,,SED_GEO_ELIGIBILITY_CENSUS_2025_V1
MKT046_MAPORG_N3,MKT046,Washington,DC,maps_organic,MAPORG13_V1,N3,N 3 mi,0,3,38.9385003,-77.03134,True,False,True,eligible_land,ELIGIBLE,CIVIC_CENTER_ANCHOR_V1_2026-09-09,WGS84_GEODESIC_DIRECT,7,1.0,in_country,0,,,,,SED_GEO_ELIGIBILITY_CENSUS_2025_V1
MKT046_MAPORG_E3,MKT046,Washington,DC,maps_organic,MAPORG13_V1,E3,E 3 mi,90,3,38.8949967,-76.9756882,True,False,True,eligible_land,ELIGIBLE,CIVIC_CENTER_ANCHOR_V1_2026-09-09,WGS84_GEODESIC_DIRECT,7,1.0,in_country,0,,,,,SED_GEO_ELIGIBILITY_CENSUS_2025_V1
MKT046_MAPORG_S3,MKT046,Washington,DC,maps_organic,MAPORG13_V1,S3,S 3 mi,180,3,38.8515193,-77.03134,True,False,True,structural_water_exclusion,STRUCTURAL_EXCLUSION,CIVIC_CENTER_ANCHOR_V1_2026-09-09,WGS84_GEODESIC_DIRECT,7,1.0,in_country,1,H3010,Potomac Riv,1102214912466,tl_2025_11001_areawater.zip,SED_GEO_ELIGIBILITY_CENSUS_2025_V1
MKT046_MAPORG_W3,MKT046,Washington,DC,maps_organic,MAPORG13_V1,W3,W 3 mi,270,3,38.8949967,-77.0869918,True,False,True,eligible_land,ELIGIBLE,CIVIC_CENTER_ANCHOR_V1_2026-09-09,WGS84_GEODESIC_DIRECT,7,1.0,in_country,0,,,,,SED_GEO_ELIGIBILITY_CENSUS_2025_V1
MKT046_MAPORG_N5,MKT046,Washington,DC,maps_organic,MAPORG13_V1,N5,N 5 mi,0,5,38.9674937,-77.03134,True,True,False,eligible_land,ELIGIBLE,CIVIC_CENTER_ANCHOR_V1_2026-09-09,WGS84_GEODESIC_DIRECT,7,1.0,in_country,0,,,,,SED_GEO_ELIGIBILITY_CENSUS_2025_V1
MKT046_MAPORG_E5,MKT046,Washington,DC,maps_organic,MAPORG13_V1,E5,E 5 mi,90,5,38.8949732,-76.938587,True,True,False,eligible_land,ELIGIBLE,CIVIC_CENTER_ANCHOR_V1_2026-09-09,WGS84_GEODESIC_DIRECT,7,1.0,in_country,0,,,,,SED_GEO_ELIGIBILITY_CENSUS_2025_V1
MKT046_MAPORG_S5,MKT046,Washington,DC,maps_organic,MAPORG13_V1,S5,S 5 mi,180,5,38.8225254,-77.03134,True,True,False,structural_water_exclusion,STRUCTURAL_EXCLUSION,CIVIC_CENTER_ANCHOR_V1_2026-09-09,WGS84_GEODESIC_DIRECT,7,1.0,in_country,1,H3010,Potomac Riv,1102214912466,tl_2025_11001_areawater.zip,SED_GEO_ELIGIBILITY_CENSUS_2025_V1
MKT046_MAPORG_W5,MKT046,Washington,DC,maps_organic,MAPORG13_V1,W5,W 5 mi,270,5,38.8949732,-77.124093,True,True,False,eligible_land,ELIGIBLE,CIVIC_CENTER_ANCHOR_V1_2026-09-09,WGS84_GEODESIC_DIRECT,7,1.0,in_country,0,,,,,SED_GEO_ELIGIBILITY_CENSUS_2025_V1
MKT046_AIO_C,MKT046,Washington,DC,aio,AIO9_V1,C,center,,0,38.89501,-77.03134,True,,False,eligible_land,ELIGIBLE,CIVIC_CENTER_ANCHOR_V1_2026-09-09,WGS84_GEODESIC_DIRECT,7,1.0,in_country,0,,,,,SED_GEO_ELIGIBILITY_CENSUS_2025_V1
MKT046_AIO_N2P5,MKT046,Washington,DC,aio,AIO9_V1,N2P5,N 2.5 mi,0,2.5,38.931252,-77.03134,True,,False,eligible_land,ELIGIBLE,CIVIC_CENTER_ANCHOR_V1_2026-09-09,WGS84_GEODESIC_DIRECT,7,1.0,in_country,0,,,,,SED_GEO_ELIGIBILITY_CENSUS_2025_V1
MKT046_AIO_E2P5,MKT046,Washington,DC,aio,AIO9_V1,E2P5,E 2.5 mi,90,2.5,38.8950008,-76.9849635,True,,False,eligible_land,ELIGIBLE,CIVIC_CENTER_ANCHOR_V1_2026-09-09,WGS84_GEODESIC_DIRECT,7,1.0,in_country,0,,,,,SED_GEO_ELIGIBILITY_CENSUS_2025_V1
MKT046_AIO_S2P5,MKT046,Washington,DC,aio,AIO9_V1,S2P5,S 2.5 mi,180,2.5,38.8587678,-77.03134,True,,False,structural_water_exclusion,STRUCTURAL_EXCLUSION,CIVIC_CENTER_ANCHOR_V1_2026-09-09,WGS84_GEODESIC_DIRECT,7,1.0,in_country,1,H3010,Potomac Riv,1102214912466,tl_2025_11001_areawater.zip,SED_GEO_ELIGIBILITY_CENSUS_2025_V1
MKT046_AIO_W2P5,MKT046,Washington,DC,aio,AIO9_V1,W2P5,W 2.5 mi,270,2.5,38.8950008,-77.0777165,True,,False,eligible_land,ELIGIBLE,CIVIC_CENTER_ANCHOR_V1_2026-09-09,WGS84_GEODESIC_DIRECT,7,1.0,in_country,0,,,,,SED_GEO_ELIGIBILITY_CENSUS_2025_V1
MKT046_AIO_N5,MKT046,Washington,DC,aio,AIO9_V1,N5,N 5 mi,0,5,38.9674937,-77.03134,True,,False,eligible_land,ELIGIBLE,CIVIC_CENTER_ANCHOR_V1_2026-09-09,WGS84_GEODESIC_DIRECT,7,1.0,in_country,0,,,,,SED_GEO_ELIGIBILITY_CENSUS_2025_V1
MKT046_AIO_E5,MKT046,Washington,DC,aio,AIO9_V1,E5,E 5 mi,90,5,38.8949732,-76.938587,True,,False,eligible_land,ELIGIBLE,CIVIC_CENTER_ANCHOR_V1_2026-09-09,WGS84_GEODESIC_DIRECT,7,1.0,in_country,0,,,,,SED_GEO_ELIGIBILITY_CENSUS_2025_V1
MKT046_AIO_S5,MKT046,Washington,DC,aio,AIO9_V1,S5,S 5 mi,180,5,38.8225254,-77.03134,True,,False,structural_water_exclusion,STRUCTURAL_EXCLUSION,CIVIC_CENTER_ANCHOR_V1_2026-09-09,WGS84_GEODESIC_DIRECT,7,1.0,in_country,1,H3010,Potomac Riv,1102214912466,tl_2025_11001_areawater.zip,SED_GEO_ELIGIBILITY_CENSUS_2025_V1
MKT046_AIO_W5,MKT046,Washington,DC,aio,AIO9_V1,W5,W 5 mi,270,5,38.8949732,-77.124093,True,,False,eligible_land,ELIGIBLE,CIVIC_CENTER_ANCHOR_V1_2026-09-09,WGS84_GEODESIC_DIRECT,7,1.0,in_country,0,,,,,SED_GEO_ELIGIBILITY_CENSUS_2025_V1
MKT047_MAPORG_C,MKT047,Baltimore,MD,maps_organic,MAPORG13_V1,C,center,,0,39.29088,-76.61069,True,True,False,eligible_land,ELIGIBLE,CIVIC_CENTER_ANCHOR_V1_2026-09-09,WGS84_GEODESIC_DIRECT,7,1.0,in_country,0,,,,,SED_GEO_ELIGIBILITY_CENSUS_2025_V1
MKT047_MAPORG_N1,MKT047,Baltimore,MD,maps_organic,MAPORG13_V1,N1,N 1 mi,0,1,39.3053758,-76.61069,True,True,False,eligible_land,ELIGIBLE,CIVIC_CENTER_ANCHOR_V1_2026-09-09,WGS84_GEODESIC_DIRECT,7,1.0,in_country,0,,,,,SED_GEO_ELIGIBILITY_CENSUS_2025_V1
MKT047_MAPORG_E1,MKT047,Baltimore,MD,maps_organic,MAPORG13_V1,E1,E 1 mi,90,1,39.2908785,-76.5920354,True,True,False,eligible_land,ELIGIBLE,CIVIC_CENTER_ANCHOR_V1_2026-09-09,WGS84_GEODESIC_DIRECT,7,1.0,in_country,0,,,,,SED_GEO_ELIGIBILITY_CENSUS_2025_V1
MKT047_MAPORG_S1,MKT047,Baltimore,MD,maps_organic,MAPORG13_V1,S1,S 1 mi,180,1,39.2763841,-76.61069,True,True,False,eligible_land,ELIGIBLE,CIVIC_CENTER_ANCHOR_V1_2026-09-09,WGS84_GEODESIC_DIRECT,7,1.0,in_country,0,,,,,SED_GEO_ELIGIBILITY_CENSUS_2025_V1
MKT047_MAPORG_W1,MKT047,Baltimore,MD,maps_organic,MAPORG13_V1,W1,W 1 mi,270,1,39.2908785,-76.6293446,True,True,False,eligible_land,ELIGIBLE,CIVIC_CENTER_ANCHOR_V1_2026-09-09,WGS84_GEODESIC_DIRECT,7,1.0,in_country,0,,,,,SED_GEO_ELIGIBILITY_CENSUS_2025_V1
MKT047_MAPORG_N3,MKT047,Baltimore,MD,maps_organic,MAPORG13_V1,N3,N 3 mi,0,3,39.3343674,-76.61069,True,False,True,eligible_land,ELIGIBLE,CIVIC_CENTER_ANCHOR_V1_2026-09-09,WGS84_GEODESIC_DIRECT,7,1.0,in_country,0,,,,,SED_GEO_ELIGIBILITY_CENSUS_2025_V1
MKT047_MAPORG_E3,MKT047,Baltimore,MD,maps_organic,MAPORG13_V1,E3,E 3 mi,90,3,39.2908666,-76.5547262,True,False,True,eligible_land,ELIGIBLE,CIVIC_CENTER_ANCHOR_V1_2026-09-09,WGS84_GEODESIC_DIRECT,7,1.0,in_country,0,,,,,SED_GEO_ELIGIBILITY_CENSUS_2025_V1
MKT047_MAPORG_S3,MKT047,Baltimore,MD,maps_organic,MAPORG13_V1,S3,S 3 mi,180,3,39.2473923,-76.61069,True,False,True,structural_water_exclusion,STRUCTURAL_EXCLUSION,CIVIC_CENTER_ANCHOR_V1_2026-09-09,WGS84_GEODESIC_DIRECT,7,1.0,in_country,1,H3010,Patapsco Riv,1103970118713,tl_2025_24510_areawater.zip,SED_GEO_ELIGIBILITY_CENSUS_2025_V1
MKT047_MAPORG_W3,MKT047,Baltimore,MD,maps_organic,MAPORG13_V1,W3,W 3 mi,270,3,39.2908666,-76.6666538,True,False,True,eligible_land,ELIGIBLE,CIVIC_CENTER_ANCHOR_V1_2026-09-09,WGS84_GEODESIC_DIRECT,7,1.0,in_country,0,,,,,SED_GEO_ELIGIBILITY_CENSUS_2025_V1
MKT047_MAPORG_N5,MKT047,Baltimore,MD,maps_organic,MAPORG13_V1,N5,N 5 mi,0,5,39.3633588,-76.61069,True,True,False,eligible_land,ELIGIBLE,CIVIC_CENTER_ANCHOR_V1_2026-09-09,WGS84_GEODESIC_DIRECT,7,1.0,in_country,0,,,,,SED_GEO_ELIGIBILITY_CENSUS_2025_V1
MKT047_MAPORG_E5,MKT047,Baltimore,MD,maps_organic,MAPORG13_V1,E5,E 5 mi,90,5,39.2908426,-76.517417,True,True,False,eligible_land,ELIGIBLE,CIVIC_CENTER_ANCHOR_V1_2026-09-09,WGS84_GEODESIC_DIRECT,7,1.0,in_country,0,,,,,SED_GEO_ELIGIBILITY_CENSUS_2025_V1
MKT047_MAPORG_S5,MKT047,Baltimore,MD,maps_organic,MAPORG13_V1,S5,S 5 mi,180,5,39.2184003,-76.61069,True,True,False,eligible_land,ELIGIBLE,CIVIC_CENTER_ANCHOR_V1_2026-09-09,WGS84_GEODESIC_DIRECT,7,1.0,in_country,0,,,,,SED_GEO_ELIGIBILITY_CENSUS_2025_V1
MKT047_MAPORG_W5,MKT047,Baltimore,MD,maps_organic,MAPORG13_V1,W5,W 5 mi,270,5,39.2908426,-76.703963,True,True,False,eligible_land,ELIGIBLE,CIVIC_CENTER_ANCHOR_V1_2026-09-09,WGS84_GEODESIC_DIRECT,7,1.0,in_country,0,,,,,SED_GEO_ELIGIBILITY_CENSUS_2025_V1
MKT047_AIO_C,MKT047,Baltimore,MD,aio,AIO9_V1,C,center,,0,39.29088,-76.61069,True,,False,eligible_land,ELIGIBLE,CIVIC_CENTER_ANCHOR_V1_2026-09-09,WGS84_GEODESIC_DIRECT,7,1.0,in_country,0,,,,,SED_GEO_ELIGIBILITY_CENSUS_2025_V1
MKT047_AIO_N2P5,MKT047,Baltimore,MD,aio,AIO9_V1,N2P5,N 2.5 mi,0,2.5,39.3271195,-76.61069,True,,False,eligible_land,ELIGIBLE,CIVIC_CENTER_ANCHOR_V1_2026-09-09,WGS84_GEODESIC_DIRECT,7,1.0,in_country,0,,,,,SED_GEO_ELIGIBILITY_CENSUS_2025_V1
MKT047_AIO_E2P5,MKT047,Baltimore,MD,aio,AIO9_V1,E2P5,E 2.5 mi,90,2.5,39.2908707,-76.5640535,True,,False,eligible_land,ELIGIBLE,CIVIC_CENTER_ANCHOR_V1_2026-09-09,WGS84_GEODESIC_DIRECT,7,1.0,in_country,0,,,,,SED_GEO_ELIGIBILITY_CENSUS_2025_V1
MKT047_AIO_S2P5,MKT047,Baltimore,MD,aio,AIO9_V1,S2P5,S 2.5 mi,180,2.5,39.2546403,-76.61069,True,,False,structural_water_exclusion,STRUCTURAL_EXCLUSION,CIVIC_CENTER_ANCHOR_V1_2026-09-09,WGS84_GEODESIC_DIRECT,7,1.0,in_country,1,H3010,Patapsco Riv,1103970118713,tl_2025_24510_areawater.zip,SED_GEO_ELIGIBILITY_CENSUS_2025_V1
MKT047_AIO_W2P5,MKT047,Baltimore,MD,aio,AIO9_V1,W2P5,W 2.5 mi,270,2.5,39.2908707,-76.6573265,True,,False,eligible_land,ELIGIBLE,CIVIC_CENTER_ANCHOR_V1_2026-09-09,WGS84_GEODESIC_DIRECT,7,1.0,in_country,0,,,,,SED_GEO_ELIGIBILITY_CENSUS_2025_V1
MKT047_AIO_N5,MKT047,Baltimore,MD,aio,AIO9_V1,N5,N 5 mi,0,5,39.3633588,-76.61069,True,,False,eligible_land,ELIGIBLE,CIVIC_CENTER_ANCHOR_V1_2026-09-09,WGS84_GEODESIC_DIRECT,7,1.0,in_country,0,,,,,SED_GEO_ELIGIBILITY_CENSUS_2025_V1
MKT047_AIO_E5,MKT047,Baltimore,MD,aio,AIO9_V1,E5,E 5 mi,90,5,39.2908426,-76.517417,True,,False,eligible_land,ELIGIBLE,CIVIC_CENTER_ANCHOR_V1_2026-09-09,WGS84_GEODESIC_DIRECT,7,1.0,in_country,0,,,,,SED_GEO_ELIGIBILITY_CENSUS_2025_V1
MKT047_AIO_S5,MKT047,Baltimore,MD,aio,AIO9_V1,S5,S 5 mi,180,5,39.2184003,-76.61069,True,,False,eligible_land,ELIGIBLE,CIVIC_CENTER_ANCHOR_V1_2026-09-09,WGS84_GEODESIC_DIRECT,7,1.0,in_country,0,,,,,SED_GEO_ELIGIBILITY_CENSUS_2025_V1
MKT047_AIO_W5,MKT047,Baltimore,MD,aio,AIO9_V1,W5,W 5 mi,270,5,39.2908426,-76.703963,True,,False,eligible_land,ELIGIBLE,CIVIC_CENTER_ANCHOR_V1_2026-09-09,WGS84_GEODESIC_DIRECT,7,1.0,in_country,0,,,,,SED_GEO_ELIGIBILITY_CENSUS_2025_V1
MKT048_MAPORG_C,MKT048,Philadelphia,PA,maps_organic,MAPORG13_V1,C,center,,0,39.95233,-75.16351,True,True,False,eligible_land,ELIGIBLE,CIVIC_CENTER_ANCHOR_V1_2026-09-09,WGS84_GEODESIC_DIRECT,7,1.0,in_country,0,,,,,SED_GEO_ELIGIBILITY_CENSUS_2025_V1
MKT048_MAPORG_N1,MKT048,Philadelphia,PA,maps_organic,MAPORG13_V1,N1,N 1 mi,0,1,39.9668242,-75.16351,True,True,False,eligible_land,ELIGIBLE,CIVIC_CENTER_ANCHOR_V1_2026-09-09,WGS84_GEODESIC_DIRECT,7,1.0,in_country,0,,,,,SED_GEO_ELIGIBILITY_CENSUS_2025_V1
MKT048_MAPORG_E1,MKT048,Philadelphia,PA,maps_organic,MAPORG13_V1,E1,E 1 mi,90,1,39.9523285,-75.144677,True,True,False,eligible_land,ELIGIBLE,CIVIC_CENTER_ANCHOR_V1_2026-09-09,WGS84_GEODESIC_DIRECT,7,1.0,in_country,0,,,,,SED_GEO_ELIGIBILITY_CENSUS_2025_V1
MKT048_MAPORG_S1,MKT048,Philadelphia,PA,maps_organic,MAPORG13_V1,S1,S 1 mi,180,1,39.9378358,-75.16351,True,True,False,eligible_land,ELIGIBLE,CIVIC_CENTER_ANCHOR_V1_2026-09-09,WGS84_GEODESIC_DIRECT,7,1.0,in_country,0,,,,,SED_GEO_ELIGIBILITY_CENSUS_2025_V1
MKT048_MAPORG_W1,MKT048,Philadelphia,PA,maps_organic,MAPORG13_V1,W1,W 1 mi,270,1,39.9523285,-75.182343,True,True,False,eligible_land,ELIGIBLE,CIVIC_CENTER_ANCHOR_V1_2026-09-09,WGS84_GEODESIC_DIRECT,7,1.0,in_country,0,,,,,SED_GEO_ELIGIBILITY_CENSUS_2025_V1
MKT048_MAPORG_N3,MKT048,Philadelphia,PA,maps_organic,MAPORG13_V1,N3,N 3 mi,0,3,39.9958124,-75.16351,True,False,True,eligible_land,ELIGIBLE,CIVIC_CENTER_ANCHOR_V1_2026-09-09,WGS84_GEODESIC_DIRECT,7,1.0,in_country,0,,,,,SED_GEO_ELIGIBILITY_CENSUS_2025_V1
MKT048_MAPORG_E3,MKT048,Philadelphia,PA,maps_organic,MAPORG13_V1,E3,E 3 mi,90,3,39.9523162,-75.1070109,True,False,True,eligible_land,ELIGIBLE,CIVIC_CENTER_ANCHOR_V1_2026-09-09,WGS84_GEODESIC_DIRECT,7,1.0,in_country,0,,,,,SED_GEO_ELIGIBILITY_CENSUS_2025_V1
MKT048_MAPORG_S3,MKT048,Philadelphia,PA,maps_organic,MAPORG13_V1,S3,S 3 mi,180,3,39.9088473,-75.16351,True,False,True,eligible_land,ELIGIBLE,CIVIC_CENTER_ANCHOR_V1_2026-09-09,WGS84_GEODESIC_DIRECT,7,1.0,in_country,0,,,,,SED_GEO_ELIGIBILITY_CENSUS_2025_V1
MKT048_MAPORG_W3,MKT048,Philadelphia,PA,maps_organic,MAPORG13_V1,W3,W 3 mi,270,3,39.9523162,-75.2200091,True,False,True,eligible_land,ELIGIBLE,CIVIC_CENTER_ANCHOR_V1_2026-09-09,WGS84_GEODESIC_DIRECT,7,1.0,in_country,0,,,,,SED_GEO_ELIGIBILITY_CENSUS_2025_V1
MKT048_MAPORG_N5,MKT048,Philadelphia,PA,maps_organic,MAPORG13_V1,N5,N 5 mi,0,5,40.0248005,-75.16351,True,True,False,eligible_land,ELIGIBLE,CIVIC_CENTER_ANCHOR_V1_2026-09-09,WGS84_GEODESIC_DIRECT,7,1.0,in_country,0,,,,,SED_GEO_ELIGIBILITY_CENSUS_2025_V1
MKT048_MAPORG_E5,MKT048,Philadelphia,PA,maps_organic,MAPORG13_V1,E5,E 5 mi,90,5,39.9522918,-75.0693448,True,True,False,eligible_land,ELIGIBLE,CIVIC_CENTER_ANCHOR_V1_2026-09-09,WGS84_GEODESIC_DIRECT,7,1.0,in_country,0,,,,,SED_GEO_ELIGIBILITY_CENSUS_2025_V1
MKT048_MAPORG_S5,MKT048,Philadelphia,PA,maps_organic,MAPORG13_V1,S5,S 5 mi,180,5,39.8798586,-75.16351,True,True,False,structural_water_exclusion,STRUCTURAL_EXCLUSION,CIVIC_CENTER_ANCHOR_V1_2026-09-09,WGS84_GEODESIC_DIRECT,7,1.0,in_country,1,H3010,Delaware Riv,1105577503101,tl_2025_34015_areawater.zip,SED_GEO_ELIGIBILITY_CENSUS_2025_V1
MKT048_MAPORG_W5,MKT048,Philadelphia,PA,maps_organic,MAPORG13_V1,W5,W 5 mi,270,5,39.9522918,-75.2576752,True,True,False,eligible_land,ELIGIBLE,CIVIC_CENTER_ANCHOR_V1_2026-09-09,WGS84_GEODESIC_DIRECT,7,1.0,in_country,0,,,,,SED_GEO_ELIGIBILITY_CENSUS_2025_V1
MKT048_AIO_C,MKT048,Philadelphia,PA,aio,AIO9_V1,C,center,,0,39.95233,-75.16351,True,,False,eligible_land,ELIGIBLE,CIVIC_CENTER_ANCHOR_V1_2026-09-09,WGS84_GEODESIC_DIRECT,7,1.0,in_country,0,,,,,SED_GEO_ELIGIBILITY_CENSUS_2025_V1
MKT048_AIO_N2P5,MKT048,Philadelphia,PA,aio,AIO9_V1,N2P5,N 2.5 mi,0,2.5,39.9885654,-75.16351,True,,False,eligible_land,ELIGIBLE,CIVIC_CENTER_ANCHOR_V1_2026-09-09,WGS84_GEODESIC_DIRECT,7,1.0,in_country,0,,,,,SED_GEO_ELIGIBILITY_CENSUS_2025_V1
MKT048_AIO_E2P5,MKT048,Philadelphia,PA,aio,AIO9_V1,E2P5,E 2.5 mi,90,2.5,39.9523204,-75.1164274,True,,False,eligible_land,ELIGIBLE,CIVIC_CENTER_ANCHOR_V1_2026-09-09,WGS84_GEODESIC_DIRECT,7,1.0,in_country,0,,,,,SED_GEO_ELIGIBILITY_CENSUS_2025_V1
MKT048_AIO_S2P5,MKT048,Philadelphia,PA,aio,AIO9_V1,S2P5,S 2.5 mi,180,2.5,39.9160944,-75.16351,True,,False,eligible_land,ELIGIBLE,CIVIC_CENTER_ANCHOR_V1_2026-09-09,WGS84_GEODESIC_DIRECT,7,1.0,in_country,0,,,,,SED_GEO_ELIGIBILITY_CENSUS_2025_V1
MKT048_AIO_W2P5,MKT048,Philadelphia,PA,aio,AIO9_V1,W2P5,W 2.5 mi,270,2.5,39.9523204,-75.2105926,True,,False,eligible_land,ELIGIBLE,CIVIC_CENTER_ANCHOR_V1_2026-09-09,WGS84_GEODESIC_DIRECT,7,1.0,in_country,0,,,,,SED_GEO_ELIGIBILITY_CENSUS_2025_V1
MKT048_AIO_N5,MKT048,Philadelphia,PA,aio,AIO9_V1,N5,N 5 mi,0,5,40.0248005,-75.16351,True,,False,eligible_land,ELIGIBLE,CIVIC_CENTER_ANCHOR_V1_2026-09-09,WGS84_GEODESIC_DIRECT,7,1.0,in_country,0,,,,,SED_GEO_ELIGIBILITY_CENSUS_2025_V1
MKT048_AIO_E5,MKT048,Philadelphia,PA,aio,AIO9_V1,E5,E 5 mi,90,5,39.9522918,-75.0693448,True,,False,eligible_land,ELIGIBLE,CIVIC_CENTER_ANCHOR_V1_2026-09-09,WGS84_GEODESIC_DIRECT,7,1.0,in_country,0,,,,,SED_GEO_ELIGIBILITY_CENSUS_2025_V1
MKT048_AIO_S5,MKT048,Philadelphia,PA,aio,AIO9_V1,S5,S 5 mi,180,5,39.8798586,-75.16351,True,,False,structural_water_exclusion,STRUCTURAL_EXCLUSION,CIVIC_CENTER_ANCHOR_V1_2026-09-09,WGS84_GEODESIC_DIRECT,7,1.0,in_country,1,H3010,Delaware Riv,1105577503101,tl_2025_34015_areawater.zip,SED_GEO_ELIGIBILITY_CENSUS_2025_V1
MKT048_AIO_W5,MKT048,Philadelphia,PA,aio,AIO9_V1,W5,W 5 mi,270,5,39.9522918,-75.2576752,True,,False,eligible_land,ELIGIBLE,CIVIC_CENTER_ANCHOR_V1_2026-09-09,WGS84_GEODESIC_DIRECT,7,1.0,in_country,0,,,,,SED_GEO_ELIGIBILITY_CENSUS_2025_V1
MKT049_MAPORG_C,MKT049,New York City,NY,maps_organic,MAPORG13_V1,C,center,,0,40.71274,-74.00601,True,True,False,eligible_land,ELIGIBLE,CIVIC_CENTER_ANCHOR_V1_2026-09-09,WGS84_GEODESIC_DIRECT,7,1.0,in_country,0,,,,,SED_GEO_ELIGIBILITY_CENSUS_2025_V1
MKT049_MAPORG_N1,MKT049,New York City,NY,maps_organic,MAPORG13_V1,N1,N 1 mi,0,1,40.7272323,-74.00601,True,True,False,eligible_land,ELIGIBLE,CIVIC_CENTER_ANCHOR_V1_2026-09-09,WGS84_GEODESIC_DIRECT,7,1.0,in_country,0,,,,,SED_GEO_ELIGIBILITY_CENSUS_2025_V1
MKT049_MAPORG_E1,MKT049,New York City,NY,maps_organic,MAPORG13_V1,E1,E 1 mi,90,1,40.7127384,-73.9869644,True,True,False,eligible_land,ELIGIBLE,CIVIC_CENTER_ANCHOR_V1_2026-09-09,WGS84_GEODESIC_DIRECT,7,1.0,in_country,0,,,,,SED_GEO_ELIGIBILITY_CENSUS_2025_V1
MKT049_MAPORG_S1,MKT049,New York City,NY,maps_organic,MAPORG13_V1,S1,S 1 mi,180,1,40.6982477,-74.00601,True,True,False,structural_water_exclusion,STRUCTURAL_EXCLUSION,CIVIC_CENTER_ANCHOR_V1_2026-09-09,WGS84_GEODESIC_DIRECT,7,1.0,in_country,1,H2051,Upper New York Bay,1102217391354,tl_2025_36061_areawater.zip,SED_GEO_ELIGIBILITY_CENSUS_2025_V1
MKT049_MAPORG_W1,MKT049,New York City,NY,maps_organic,MAPORG13_V1,W1,W 1 mi,270,1,40.7127384,-74.0250556,True,True,False,structural_water_exclusion,STRUCTURAL_EXCLUSION,CIVIC_CENTER_ANCHOR_V1_2026-09-09,WGS84_GEODESIC_DIRECT,7,1.0,in_country,1,H3010,Hudson Riv,1108476069011,tl_2025_34017_areawater.zip,SED_GEO_ELIGIBILITY_CENSUS_2025_V1
MKT049_MAPORG_N3,MKT049,New York City,NY,maps_organic,MAPORG13_V1,N3,N 3 mi,0,3,40.7562167,-74.00601,True,False,True,eligible_land,ELIGIBLE,CIVIC_CENTER_ANCHOR_V1_2026-09-09,WGS84_GEODESIC_DIRECT,7,1.0,in_country,0,,,,,SED_GEO_ELIGIBILITY_CENSUS_2025_V1
MKT049_MAPORG_E3,MKT049,New York City,NY,maps_organic,MAPORG13_V1,E3,E 3 mi,90,3,40.7127259,-73.9488731,True,False,True,eligible_land,ELIGIBLE,CIVIC_CENTER_ANCHOR_V1_2026-09-09,WGS84_GEODESIC_DIRECT,7,1.0,in_country,0,,,,,SED_GEO_ELIGIBILITY_CENSUS_2025_V1
MKT049_MAPORG_S3,MKT049,New York City,NY,maps_organic,MAPORG13_V1,S3,S 3 mi,180,3,40.669263,-74.00601,True,False,True,structural_water_exclusion,STRUCTURAL_EXCLUSION,CIVIC_CENTER_ANCHOR_V1_2026-09-09,WGS84_GEODESIC_DIRECT,7,1.0,in_country,1,H2051,New York Bay,110422546324,tl_2025_36047_areawater.zip,SED_GEO_ELIGIBILITY_CENSUS_2025_V1
MKT049_MAPORG_W3,MKT049,New York City,NY,maps_organic,MAPORG13_V1,W3,W 3 mi,270,3,40.7127259,-74.0631469,True,False,True,eligible_land,ELIGIBLE,CIVIC_CENTER_ANCHOR_V1_2026-09-09,WGS84_GEODESIC_DIRECT,7,1.0,in_country,0,,,,,SED_GEO_ELIGIBILITY_CENSUS_2025_V1
MKT049_MAPORG_N5,MKT049,New York City,NY,maps_organic,MAPORG13_V1,N5,N 5 mi,0,5,40.7852009,-74.00601,True,True,False,eligible_land,ELIGIBLE,CIVIC_CENTER_ANCHOR_V1_2026-09-09,WGS84_GEODESIC_DIRECT,7,1.0,in_country,0,,,,,SED_GEO_ELIGIBILITY_CENSUS_2025_V1
MKT049_MAPORG_E5,MKT049,New York City,NY,maps_organic,MAPORG13_V1,E5,E 5 mi,90,5,40.7127007,-73.9107819,True,True,False,eligible_land,ELIGIBLE,CIVIC_CENTER_ANCHOR_V1_2026-09-09,WGS84_GEODESIC_DIRECT,7,1.0,in_country,0,,,,,SED_GEO_ELIGIBILITY_CENSUS_2025_V1
MKT049_MAPORG_S5,MKT049,New York City,NY,maps_organic,MAPORG13_V1,S5,S 5 mi,180,5,40.6402781,-74.00601,True,True,False,eligible_land,ELIGIBLE,CIVIC_CENTER_ANCHOR_V1_2026-09-09,WGS84_GEODESIC_DIRECT,7,1.0,in_country,0,,,,,SED_GEO_ELIGIBILITY_CENSUS_2025_V1
MKT049_MAPORG_W5,MKT049,New York City,NY,maps_organic,MAPORG13_V1,W5,W 5 mi,270,5,40.7127007,-74.1012381,True,True,False,eligible_land,ELIGIBLE,CIVIC_CENTER_ANCHOR_V1_2026-09-09,WGS84_GEODESIC_DIRECT,7,1.0,in_country,0,,,,,SED_GEO_ELIGIBILITY_CENSUS_2025_V1
MKT049_AIO_C,MKT049,New York City,NY,aio,AIO9_V1,C,center,,0,40.71274,-74.00601,True,,False,eligible_land,ELIGIBLE,CIVIC_CENTER_ANCHOR_V1_2026-09-09,WGS84_GEODESIC_DIRECT,7,1.0,in_country,0,,,,,SED_GEO_ELIGIBILITY_CENSUS_2025_V1
MKT049_AIO_N2P5,MKT049,New York City,NY,aio,AIO9_V1,N2P5,N 2.5 mi,0,2.5,40.7489706,-74.00601,True,,False,eligible_land,ELIGIBLE,CIVIC_CENTER_ANCHOR_V1_2026-09-09,WGS84_GEODESIC_DIRECT,7,1.0,in_country,0,,,,,SED_GEO_ELIGIBILITY_CENSUS_2025_V1
MKT049_AIO_E2P5,MKT049,New York City,NY,aio,AIO9_V1,E2P5,E 2.5 mi,90,2.5,40.7127302,-73.9583959,True,,False,eligible_land,ELIGIBLE,CIVIC_CENTER_ANCHOR_V1_2026-09-09,WGS84_GEODESIC_DIRECT,7,1.0,in_country,0,,,,,SED_GEO_ELIGIBILITY_CENSUS_2025_V1
MKT049_AIO_S2P5,MKT049,New York City,NY,aio,AIO9_V1,S2P5,S 2.5 mi,180,2.5,40.6765092,-74.00601,True,,False,eligible_land,ELIGIBLE,CIVIC_CENTER_ANCHOR_V1_2026-09-09,WGS84_GEODESIC_DIRECT,7,1.0,in_country,0,,,,,SED_GEO_ELIGIBILITY_CENSUS_2025_V1
MKT049_AIO_W2P5,MKT049,New York City,NY,aio,AIO9_V1,W2P5,W 2.5 mi,270,2.5,40.7127302,-74.0536241,True,,False,eligible_land,ELIGIBLE,CIVIC_CENTER_ANCHOR_V1_2026-09-09,WGS84_GEODESIC_DIRECT,7,1.0,in_country,0,,,,,SED_GEO_ELIGIBILITY_CENSUS_2025_V1
MKT049_AIO_N5,MKT049,New York City,NY,aio,AIO9_V1,N5,N 5 mi,0,5,40.7852009,-74.00601,True,,False,eligible_land,ELIGIBLE,CIVIC_CENTER_ANCHOR_V1_2026-09-09,WGS84_GEODESIC_DIRECT,7,1.0,in_country,0,,,,,SED_GEO_ELIGIBILITY_CENSUS_2025_V1
MKT049_AIO_E5,MKT049,New York City,NY,aio,AIO9_V1,E5,E 5 mi,90,5,40.7127007,-73.9107819,True,,False,eligible_land,ELIGIBLE,CIVIC_CENTER_ANCHOR_V1_2026-09-09,WGS84_GEODESIC_DIRECT,7,1.0,in_country,0,,,,,SED_GEO_ELIGIBILITY_CENSUS_2025_V1
MKT049_AIO_S5,MKT049,New York City,NY,aio,AIO9_V1,S5,S 5 mi,180,5,40.6402781,-74.00601,True,,False,eligible_land,ELIGIBLE,CIVIC_CENTER_ANCHOR_V1_2026-09-09,WGS84_GEODESIC_DIRECT,7,1.0,in_country,0,,,,,SED_GEO_ELIGIBILITY_CENSUS_2025_V1
MKT049_AIO_W5,MKT049,New York City,NY,aio,AIO9_V1,W5,W 5 mi,270,5,40.7127007,-74.1012381,True,,False,eligible_land,ELIGIBLE,CIVIC_CENTER_ANCHOR_V1_2026-09-09,WGS84_GEODESIC_DIRECT,7,1.0,in_country,0,,,,,SED_GEO_ELIGIBILITY_CENSUS_2025_V1
MKT050_MAPORG_C,MKT050,Boston,MA,maps_organic,MAPORG13_V1,C,center,,0,42.36043,-71.05796,True,True,False,eligible_land,ELIGIBLE,CIVIC_CENTER_ANCHOR_V1_2026-09-09,WGS84_GEODESIC_DIRECT,7,1.0,in_country,0,,,,,SED_GEO_ELIGIBILITY_CENSUS_2025_V1
MKT050_MAPORG_N1,MKT050,Boston,MA,maps_organic,MAPORG13_V1,N1,N 1 mi,0,1,42.3749181,-71.05796,True,True,False,eligible_land,ELIGIBLE,CIVIC_CENTER_ANCHOR_V1_2026-09-09,WGS84_GEODESIC_DIRECT,7,1.0,in_country,0,,,,,SED_GEO_ELIGIBILITY_CENSUS_2025_V1
MKT050_MAPORG_E1,MKT050,Boston,MA,maps_organic,MAPORG13_V1,E1,E 1 mi,90,1,42.3604283,-71.0384248,True,True,False,structural_water_exclusion,STRUCTURAL_EXCLUSION,CIVIC_CENTER_ANCHOR_V1_2026-09-09,WGS84_GEODESIC_DIRECT,7,1.0,in_country,1,H2051,Boston Hbr,110441626153,tl_2025_25025_areawater.zip,SED_GEO_ELIGIBILITY_CENSUS_2025_V1
MKT050_MAPORG_S1,MKT050,Boston,MA,maps_organic,MAPORG13_V1,S1,S 1 mi,180,1,42.3459419,-71.05796,True,True,False,eligible_land,ELIGIBLE,CIVIC_CENTER_ANCHOR_V1_2026-09-09,WGS84_GEODESIC_DIRECT,7,1.0,in_country,0,,,,,SED_GEO_ELIGIBILITY_CENSUS_2025_V1
MKT050_MAPORG_W1,MKT050,Boston,MA,maps_organic,MAPORG13_V1,W1,W 1 mi,270,1,42.3604283,-71.0774952,True,True,False,structural_water_exclusion,STRUCTURAL_EXCLUSION,CIVIC_CENTER_ANCHOR_V1_2026-09-09,WGS84_GEODESIC_DIRECT,7,1.0,in_country,1,H3010,Charles Riv,11019628606697,tl_2025_25017_areawater.zip,SED_GEO_ELIGIBILITY_CENSUS_2025_V1
MKT050_MAPORG_N3,MKT050,Boston,MA,maps_organic,MAPORG13_V1,N3,N 3 mi,0,3,42.4038942,-71.05796,True,False,True,eligible_land,ELIGIBLE,CIVIC_CENTER_ANCHOR_V1_2026-09-09,WGS84_GEODESIC_DIRECT,7,1.0,in_country,0,,,,,SED_GEO_ELIGIBILITY_CENSUS_2025_V1
MKT050_MAPORG_E3,MKT050,Boston,MA,maps_organic,MAPORG13_V1,E3,E 3 mi,90,3,42.360415,-70.9993543,True,False,True,eligible_land,ELIGIBLE,CIVIC_CENTER_ANCHOR_V1_2026-09-09,WGS84_GEODESIC_DIRECT,7,1.0,in_country,0,,,,,SED_GEO_ELIGIBILITY_CENSUS_2025_V1
MKT050_MAPORG_S3,MKT050,Boston,MA,maps_organic,MAPORG13_V1,S3,S 3 mi,180,3,42.3169655,-71.05796,True,False,True,eligible_land,ELIGIBLE,CIVIC_CENTER_ANCHOR_V1_2026-09-09,WGS84_GEODESIC_DIRECT,7,1.0,in_country,0,,,,,SED_GEO_ELIGIBILITY_CENSUS_2025_V1
MKT050_MAPORG_W3,MKT050,Boston,MA,maps_organic,MAPORG13_V1,W3,W 3 mi,270,3,42.360415,-71.1165657,True,False,True,structural_water_exclusion,STRUCTURAL_EXCLUSION,CIVIC_CENTER_ANCHOR_V1_2026-09-09,WGS84_GEODESIC_DIRECT,7,1.0,in_country,1,H3010,Charles Riv,11019628606697,tl_2025_25017_areawater.zip,SED_GEO_ELIGIBILITY_CENSUS_2025_V1
MKT050_MAPORG_N5,MKT050,Boston,MA,maps_organic,MAPORG13_V1,N5,N 5 mi,0,5,42.4328701,-71.05796,True,True,False,eligible_land,ELIGIBLE,CIVIC_CENTER_ANCHOR_V1_2026-09-09,WGS84_GEODESIC_DIRECT,7,1.0,in_country,0,,,,,SED_GEO_ELIGIBILITY_CENSUS_2025_V1
MKT050_MAPORG_E5,MKT050,Boston,MA,maps_organic,MAPORG13_V1,E5,E 5 mi,90,5,42.3603884,-70.9602838,True,True,False,structural_water_exclusion,STRUCTURAL_EXCLUSION,CIVIC_CENTER_ANCHOR_V1_2026-09-09,WGS84_GEODESIC_DIRECT,7,1.0,in_country,1,H2051,,1102216626705,tl_2025_25025_areawater.zip,SED_GEO_ELIGIBILITY_CENSUS_2025_V1
MKT050_MAPORG_S5,MKT050,Boston,MA,maps_organic,MAPORG13_V1,S5,S 5 mi,180,5,42.287989,-71.05796,True,True,False,eligible_land,ELIGIBLE,CIVIC_CENTER_ANCHOR_V1_2026-09-09,WGS84_GEODESIC_DIRECT,7,1.0,in_country,0,,,,,SED_GEO_ELIGIBILITY_CENSUS_2025_V1
MKT050_MAPORG_W5,MKT050,Boston,MA,maps_organic,MAPORG13_V1,W5,W 5 mi,270,5,42.3603884,-71.1556362,True,True,False,eligible_land,ELIGIBLE,CIVIC_CENTER_ANCHOR_V1_2026-09-09,WGS84_GEODESIC_DIRECT,7,1.0,in_country,0,,,,,SED_GEO_ELIGIBILITY_CENSUS_2025_V1
MKT050_AIO_C,MKT050,Boston,MA,aio,AIO9_V1,C,center,,0,42.36043,-71.05796,True,,False,eligible_land,ELIGIBLE,CIVIC_CENTER_ANCHOR_V1_2026-09-09,WGS84_GEODESIC_DIRECT,7,1.0,in_country,0,,,,,SED_GEO_ELIGIBILITY_CENSUS_2025_V1
MKT050_AIO_N2P5,MKT050,Boston,MA,aio,AIO9_V1,N2P5,N 2.5 mi,0,2.5,42.3966502,-71.05796,True,,False,eligible_land,ELIGIBLE,CIVIC_CENTER_ANCHOR_V1_2026-09-09,WGS84_GEODESIC_DIRECT,7,1.0,in_country,0,,,,,SED_GEO_ELIGIBILITY_CENSUS_2025_V1
MKT050_AIO_E2P5,MKT050,Boston,MA,aio,AIO9_V1,E2P5,E 2.5 mi,90,2.5,42.3604196,-71.0091219,True,,False,eligible_land,ELIGIBLE,CIVIC_CENTER_ANCHOR_V1_2026-09-09,WGS84_GEODESIC_DIRECT,7,1.0,in_country,0,,,,,SED_GEO_ELIGIBILITY_CENSUS_2025_V1
MKT050_AIO_S2P5,MKT050,Boston,MA,aio,AIO9_V1,S2P5,S 2.5 mi,180,2.5,42.3242096,-71.05796,True,,False,eligible_land,ELIGIBLE,CIVIC_CENTER_ANCHOR_V1_2026-09-09,WGS84_GEODESIC_DIRECT,7,1.0,in_country,0,,,,,SED_GEO_ELIGIBILITY_CENSUS_2025_V1
MKT050_AIO_W2P5,MKT050,Boston,MA,aio,AIO9_V1,W2P5,W 2.5 mi,270,2.5,42.3604196,-71.1067981,True,,False,eligible_land,ELIGIBLE,CIVIC_CENTER_ANCHOR_V1_2026-09-09,WGS84_GEODESIC_DIRECT,7,1.0,in_country,0,,,,,SED_GEO_ELIGIBILITY_CENSUS_2025_V1
MKT050_AIO_N5,MKT050,Boston,MA,aio,AIO9_V1,N5,N 5 mi,0,5,42.4328701,-71.05796,True,,False,eligible_land,ELIGIBLE,CIVIC_CENTER_ANCHOR_V1_2026-09-09,WGS84_GEODESIC_DIRECT,7,1.0,in_country,0,,,,,SED_GEO_ELIGIBILITY_CENSUS_2025_V1
MKT050_AIO_E5,MKT050,Boston,MA,aio,AIO9_V1,E5,E 5 mi,90,5,42.3603884,-70.9602838,True,,False,structural_water_exclusion,STRUCTURAL_EXCLUSION,CIVIC_CENTER_ANCHOR_V1_2026-09-09,WGS84_GEODESIC_DIRECT,7,1.0,in_country,1,H2051,,1102216626705,tl_2025_25025_areawater.zip,SED_GEO_ELIGIBILITY_CENSUS_2025_V1
MKT050_AIO_S5,MKT050,Boston,MA,aio,AIO9_V1,S5,S 5 mi,180,5,42.287989,-71.05796,True,,False,eligible_land,ELIGIBLE,CIVIC_CENTER_ANCHOR_V1_2026-09-09,WGS84_GEODESIC_DIRECT,7,1.0,in_country,0,,,,,SED_GEO_ELIGIBILITY_CENSUS_2025_V1
MKT050_AIO_W5,MKT050,Boston,MA,aio,AIO9_V1,W5,W 5 mi,270,5,42.3603884,-71.1556362,True,,False,eligible_land,ELIGIBLE,CIVIC_CENTER_ANCHOR_V1_2026-09-09,WGS84_GEODESIC_DIRECT,7,1.0,in_country,0,,,,,SED_GEO_ELIGIBILITY_CENSUS_2025_V1
